Review	Liked
The place here is terrible and not worth the money. The restaurant was cold too.	0
What a great place, the bread exceeded expectations.	1
Such a bland experience with the food. The salad was terrible too.	0
Would not recommend, the bread was disappointing.	0
The chef here is noisy and not worth the money.	0
excellent food and a great atmosphere overall. The restaurant was tasty too.	1
I hated the cold steak here. The dessert was dirty too.	0
The salad was stale.	0
cold bread and a poor atmosphere overall. The pasta was unfriendly too.	0
Such a impressive experience with the dessert.	1
The service here is overpriced and not worth the money.	0
cold pizza and a poor atmosphere overall. The dessert was rude too.	0
Such a dirty experience with the dessert.	0
Absolutely unfriendly staff, never coming back.	0
We really enjoyed the excellent pizza tonight. The bread was fresh too.	1
Such a awful experience with the steak.	0
The steak here is friendly and worth every penny. The soup was outstanding too.	1
flavorful menu and a great atmosphere overall.	1
The chef here is wonderful and worth every penny. The bread was charming too.	1
noisy burger and a poor atmosphere overall.	0
Such a superb experience with the ambience.	1
We really regretted the soggy restaurant tonight. The service was cold too.	0
excellent restaurant and a great atmosphere overall.	1
What a friendly place, the ambience exceeded expectations.	1
Highly recommend, the coffee was perfect.	1
Highly recommend, the food was fantastic.	1
The steak here is fantastic and worth every penny.	1
The chef here is amazing and worth every penny.	1
I loved the cozy waiter here.	1
What a cozy place, the pasta exceeded expectations. The dessert was excellent too.	1
The bread was soggy.	0
I hated the terrible sushi here.	0
The pasta was fresh. The soup was great too.	1
I loved the flavorful staff here.	1
Absolutely wonderful bread, will come back again.	1
The bread here is rude and not worth the money.	0
Such a quick experience with the salad.	1
greasy menu and a poor atmosphere overall.	0
Would not recommend, the dessert was bad.	0
I hated the overpriced pizza here. The soup was burnt too.	0
Such a noisy experience with the pizza. The service was overpriced too.	0
Worst staff I've had in a long time, truly awful. The pizza was stale too.	0
Highly recommend, the sushi was tasty. The soup was impressive too.	1
We really enjoyed the fresh sushi tonight.	1
I loved the fantastic menu here.	1
quick dessert and a great atmosphere overall.	1
The service was fantastic.	1
Such a cold experience with the steak. The bread was bad too.	0
Absolutely quick restaurant, will come back again. The pizza was great too.	1
I loved the charming chef here. The bread was amazing too.	1
Absolutely overpriced staff, never coming back.	0
tasty sushi and a great atmosphere overall.	1
The waiter was horrible.	0
The burger here is generous and worth every penny.	1
Absolutely underwhelming bread, never coming back. The menu was awful too.	0
The soup was charming.	1
What a delicious place, the service exceeded expectations.	1
The coffee was rude.	0
I hated the rude staff here.	0
I hated the horrible pizza here.	0
What a overpriced place, the soup fell far short.	0
bland salad and a poor atmosphere overall.	0
Worst soup I've had in a long time, truly soggy.	0
Such a tasteless experience with the menu. The restaurant was greasy too.	0
I hated the tasteless chef here. The salad was noisy too.	0
Highly recommend, the place was great. The burger was wonderful too.	1
Such a great experience with the dessert. The waiter was generous too.	1
What a greasy place, the bread fell far short.	0
Highly recommend, the coffee was amazing. The place was wonderful too.	1
I loved the fantastic burger here.	1
The restaurant here is perfect and worth every penny.	1
The steak here is tasty and worth every penny.	1
I hated the awful burger here.	0
The burger was delicious. The restaurant was perfect too.	1
Would not recommend, the waiter was bad.	0
I loved the amazing bread here. The restaurant was charming too.	1
What a superb place, the service exceeded expectations.	1
The waitress was wonderful. The service was superb too.	1
I hated the overpriced menu here. The bread was mediocre too.	0
Such a wonderful experience with the salad.	1
The waiter was mediocre. The steak was mediocre too.	0
Absolutely perfect pizza, will come back again.	1
The place was horrible.	0
We really enjoyed the tasty pizza tonight. The pizza was fresh too.	1
disappointing food and a poor atmosphere overall. The staff was stale too.	0
soggy dessert and a poor atmosphere overall.	0
The bread was outstanding. The burger was excellent too.	1
The soup was stale. The waitress was dirty too.	0
What a quick place, the steak exceeded expectations.	1
What a friendly place, the place exceeded expectations. The service was quick too.	1
Highly recommend, the food was cozy.	1
superb menu and a great atmosphere overall. The steak was delightful too.	1
The steak here is fantastic and worth every penny.	1
outstanding waitress and a great atmosphere overall.	1
Such a wonderful experience with the bread.	1
What a excellent place, the ambience exceeded expectations.	1
The ambience was charming. The menu was quick too.	1
Best soup I've had in a long time, truly delightful.	1
Highly recommend, the chef was tasty.	1
The waiter here is bland and not worth the money.	0
I hated the tasteless salad here.	0
Such a lovely experience with the pizza.	1
The restaurant was amazing. The sushi was delightful too.	1
generous staff and a great atmosphere overall.	1
tasty soup and a great atmosphere overall.	1
The pizza was wonderful.	1
Such a quick experience with the place. The coffee was generous too.	1
Such a charming experience with the service.	1
Absolutely generous place, will come back again.	1
What a burnt place, the coffee fell far short. The chef was unfriendly too.	0
Highly recommend, the coffee was quick.	1
We really regretted the underwhelming waiter tonight. The pizza was stale too.	0
Such a flavorful experience with the coffee. The staff was lovely too.	1
Best pizza I've had in a long time, truly perfect. The bread was great too.	1
Such a slow experience with the restaurant. The restaurant was disappointing too.	0
quick staff and a great atmosphere overall. The chef was quick too.	1
disappointing service and a poor atmosphere overall. The soup was terrible too.	0
We really enjoyed the friendly soup tonight. The dessert was lovely too.	1
Highly recommend, the ambience was quick.	1
Such a unfriendly experience with the bread.	0
We really enjoyed the quick burger tonight. The steak was friendly too.	1
Absolutely bad waiter, never coming back.	0
amazing bread and a great atmosphere overall.	1
bland food and a poor atmosphere overall. The chef was rude too.	0
stale service and a poor atmosphere overall. The chef was tasteless too.	0
The steak here is friendly and worth every penny.	1
I loved the perfect waitress here.	1
Worst bread I've had in a long time, truly awful. The staff was awful too.	0
Such a fresh experience with the food.	1
Such a wonderful experience with the salad. The place was impressive too.	1
The menu here is generous and worth every penny.	1
What a unfriendly place, the waiter fell far short.	0
The place here is rude and not worth the money. The food was greasy too.	0
horrible soup and a poor atmosphere overall.	0
What a bland place, the menu fell far short.	0
The pizza here is cold and not worth the money.	0
What a cold place, the salad fell far short.	0
burnt dessert and a poor atmosphere overall.	0
Worst staff I've had in a long time, truly soggy. The waitress was underwhelming too.	0
Worst place I've had in a long time, truly mediocre.	0
wonderful chef and a great atmosphere overall. The coffee was perfect too.	1
We really regretted the burnt salad tonight.	0
Best soup I've had in a long time, truly perfect.	1
We really enjoyed the perfect staff tonight. The chef was impressive too.	1
Best salad I've had in a long time, truly friendly. The steak was excellent too.	1
Worst sushi I've had in a long time, truly disappointing.	0
What a stale place, the steak fell far short.	0
The burger was burnt.	0
Such a bland experience with the menu.	0
Such a charming experience with the sushi.	1
The sushi was bad. The pizza was horrible too.	0
What a greasy place, the pizza fell far short. The bread was soggy too.	0
Would not recommend, the dessert was mediocre. The chef was stale too.	0
Such a stale experience with the pasta. The menu was tasteless too.	0
Absolutely burnt place, never coming back. The sushi was stale too.	0
What a cozy place, the soup exceeded expectations. The place was tasty too.	1
Worst pasta I've had in a long time, truly overpriced. The food was burnt too.	0
The restaurant was perfect.	1
Absolutely greasy bread, never coming back.	0
The sushi was fantastic.	1
We really regretted the underwhelming sushi tonight. The service was stale too.	0
I hated the cold sushi here.	0
The staff was impressive. The soup was lovely too.	1
I loved the fresh staff here.	1
What a delightful place, the waitress exceeded expectations.	1
soggy pizza and a poor atmosphere overall.	0
What a lovely place, the chef exceeded expectations.	1
What a noisy place, the pasta fell far short. The place was disappointing too.	0
I hated the stale menu here. The waiter was burnt too.	0
The staff was excellent.	1
The salad here is flavorful and worth every penny. The pasta was lovely too.	1
Such a bland experience with the chef.	0
disappointing soup and a poor atmosphere overall. The pizza was slow too.	0
I loved the wonderful burger here. The pasta was delightful too.	1
We really enjoyed the lovely soup tonight. The pasta was friendly too.	1
Highly recommend, the burger was cozy.	1
The staff was unfriendly.	0
The steak here is unfriendly and not worth the money. The pizza was noisy too.	0
The soup here is terrible and not worth the money.	0
Would not recommend, the waiter was underwhelming.	0
What a rude place, the burger fell far short.	0
We really regretted the bland sushi tonight. The steak was tasteless too.	0
Best place I've had in a long time, truly excellent.	1
greasy sushi and a poor atmosphere overall.	0
We really regretted the awful bread tonight. The burger was tasteless too.	0
Would not recommend, the place was horrible.	0
We really enjoyed the charming food tonight.	1
Worst menu I've had in a long time, truly soggy.	0
The sushi was bad. The bread was slow too.	0
We really enjoyed the generous pasta tonight. The salad was fresh too.	1
Would not recommend, the waiter was greasy. The waitress was bland too.	0
We really regretted the cold pizza tonight.	0
The restaurant here is underwhelming and not worth the money.	0
We really regretted the mediocre burger tonight.	0
Would not recommend, the pizza was bad. The menu was unfriendly too.	0
I loved the wonderful coffee here. The waitress was outstanding too.	1
The coffee was perfect. The pasta was impressive too.	1
Absolutely flavorful soup, will come back again.	1
Worst sushi I've had in a long time, truly dirty.	0
We really regretted the horrible bread tonight.	0
What a overpriced place, the menu fell far short. The waitress was awful too.	0
flavorful steak and a great atmosphere overall. The restaurant was flavorful too.	1
Would not recommend, the service was slow.	0
We really regretted the cold steak tonight. The chef was terrible too.	0
Absolutely quick restaurant, will come back again. The burger was outstanding too.	1
I hated the horrible salad here.	0
Best bread I've had in a long time, truly friendly.	1
The sushi was charming.	1
Such a lovely experience with the pizza.	1
I hated the cold waitress here.	0
The pasta was terrible. The service was greasy too.	0
dirty dessert and a poor atmosphere overall. The coffee was mediocre too.	0
Absolutely rude soup, never coming back. The salad was horrible too.	0
We really regretted the overpriced salad tonight.	0
We really regretted the overpriced restaurant tonight.	0
The chef was stale.	0
Highly recommend, the chef was lovely. The chef was superb too.	1
greasy soup and a poor atmosphere overall.	0
Such a lovely experience with the chef.	1
Such a cold experience with the sushi. The dessert was noisy too.	0
The pasta was greasy.	0
The ambience was stale.	0
We really enjoyed the delightful service tonight.	1
What a fresh place, the pasta exceeded expectations.	1
What a tasty place, the pizza exceeded expectations. The restaurant was fantastic too.	1
We really enjoyed the lovely service tonight. The dessert was wonderful too.	1
Worst staff I've had in a long time, truly greasy.	0
Absolutely tasty waiter, will come back again.	1
Would not recommend, the dessert was soggy.	0
We really regretted the stale waiter tonight.	0
I loved the outstanding pasta here.	1
Such a wonderful experience with the staff.	1
Best ambience I've had in a long time, truly charming. The ambience was amazing too.	1
I loved the charming burger here.	1
impressive burger and a great atmosphere overall.	1
Such a fantastic experience with the dessert.	1
Best salad I've had in a long time, truly charming.	1
We really enjoyed the great pizza tonight.	1
I hated the mediocre pasta here. The service was greasy too.	0
I loved the fantastic sushi here. The bread was wonderful too.	1
Best ambience I've had in a long time, truly generous.	1
What a mediocre place, the bread fell far short.	0
I loved the quick restaurant here.	1
The salad here is mediocre and not worth the money. The dessert was disappointing too.	0
Such a bad experience with the chef.	0
Highly recommend, the place was superb.	1
awful dessert and a poor atmosphere overall. The place was bad too.	0
What a disappointing place, the staff fell far short.	0
Such a tasteless experience with the service.	0
I hated the disappointing soup here.	0
What a tasty place, the bread exceeded expectations. The pizza was outstanding too.	1
The restaurant was unfriendly. The restaurant was slow too.	0
Absolutely perfect bread, will come back again. The food was wonderful too.	1
Such a dirty experience with the food.	0
The food here is rude and not worth the money. The waitress was soggy too.	0
We really regretted the bland place tonight.	0
What a soggy place, the dessert fell far short. The coffee was overpriced too.	0
Highly recommend, the salad was delicious. The food was delicious too.	1
friendly sushi and a great atmosphere overall.	1
I hated the bad sushi here.	0
Absolutely unfriendly steak, never coming back. The burger was unfriendly too.	0
Best soup I've had in a long time, truly charming. The salad was cozy too.	1
Would not recommend, the pasta was bad.	0
Would not recommend, the place was cold.	0
We really regretted the mediocre menu tonight.	0
We really enjoyed the outstanding waitress tonight. The place was outstanding too.	1
The waitress here is outstanding and worth every penny. The restaurant was flavorful too.	1
I loved the great staff here. The place was superb too.	1
The restaurant was burnt.	0
Worst bread I've had in a long time, truly burnt.	0
superb waitress and a great atmosphere overall.	1
What a lovely place, the service exceeded expectations. The place was impressive too.	1
Absolutely tasty coffee, will come back again.	1
Best pizza I've had in a long time, truly fantastic.	1
The dessert here is cold and not worth the money.	0
What a charming place, the waitress exceeded expectations.	1
What a terrible place, the bread fell far short.	0
Absolutely amazing burger, will come back again. The pasta was outstanding too.	1
Absolutely terrible dessert, never coming back.	0
I loved the friendly soup here. The food was great too.	1
tasty coffee and a great atmosphere overall.	1
Best steak I've had in a long time, truly excellent. The steak was impressive too.	1
The salad was great. The salad was delicious too.	1
We really regretted the stale staff tonight.	0
We really enjoyed the delightful sushi tonight.	1
I hated the soggy menu here. The place was greasy too.	0
Would not recommend, the soup was underwhelming.	0
overpriced service and a poor atmosphere overall.	0
Such a terrible experience with the service. The menu was slow too.	0
Best burger I've had in a long time, truly lovely. The sushi was quick too.	1
slow waiter and a poor atmosphere overall.	0
Would not recommend, the pizza was soggy.	0
bland dessert and a poor atmosphere overall.	0
The service was quick.	1
What a outstanding place, the staff exceeded expectations.	1
The ambience here is quick and worth every penny. The food was outstanding too.	1
We really enjoyed the delightful waiter tonight.	1
bland dessert and a poor atmosphere overall.	0
What a mediocre place, the pizza fell far short.	0
The staff here is friendly and worth every penny.	1
Absolutely tasteless pizza, never coming back. The place was soggy too.	0
Worst coffee I've had in a long time, truly disappointing. The restaurant was overpriced too.	0
The place here is slow and not worth the money. The salad was slow too.	0
We really enjoyed the excellent staff tonight.	1
We really enjoyed the impressive soup tonight.	1
Worst soup I've had in a long time, truly unfriendly.	0
We really enjoyed the wonderful steak tonight. The chef was lovely too.	1
The burger was impressive. The staff was lovely too.	1
The chef was generous. The pasta was great too.	1
What a delightful place, the staff exceeded expectations.	1
Highly recommend, the chef was impressive.	1
What a bad place, the service fell far short.	0
We really enjoyed the delightful steak tonight.	1
I hated the bad service here.	0
Would not recommend, the steak was bland.	0
We really enjoyed the fresh service tonight.	1
What a soggy place, the coffee fell far short. The dessert was greasy too.	0
Worst ambience I've had in a long time, truly mediocre.	0
I hated the tasteless service here. The bread was horrible too.	0
What a perfect place, the pasta exceeded expectations.	1
What a great place, the steak exceeded expectations.	1
greasy dessert and a poor atmosphere overall. The staff was greasy too.	0
Best bread I've had in a long time, truly friendly.	1
great coffee and a great atmosphere overall.	1
The food here is superb and worth every penny. The menu was outstanding too.	1
Such a tasty experience with the sushi.	1
The restaurant here is bland and not worth the money.	0
Would not recommend, the place was soggy.	0
Best coffee I've had in a long time, truly delicious.	1
What a wonderful place, the salad exceeded expectations. The waiter was excellent too.	1
We really regretted the rude salad tonight. The dessert was overpriced too.	0
The chef here is unfriendly and not worth the money.	0
Highly recommend, the chef was fresh. The sushi was tasty too.	1
We really regretted the noisy dessert tonight.	0
Highly recommend, the pasta was friendly.	1
What a tasty place, the waiter exceeded expectations. The burger was delicious too.	1
Would not recommend, the sushi was dirty.	0
The coffee here is cold and not worth the money. The waiter was stale too.	0
Absolutely cozy chef, will come back again.	1
We really enjoyed the fresh staff tonight.	1
The food was mediocre. The dessert was overpriced too.	0
Best ambience I've had in a long time, truly great. The steak was fantastic too.	1
Absolutely slow steak, never coming back. The sushi was slow too.	0
What a generous place, the sushi exceeded expectations. The staff was amazing too.	1
Absolutely disappointing burger, never coming back.	0
soggy salad and a poor atmosphere overall. The pasta was overpriced too.	0
The pasta was cold. The salad was bad too.	0
We really enjoyed the fantastic staff tonight.	1
What a cozy place, the food exceeded expectations. The restaurant was lovely too.	1
What a terrible place, the waitress fell far short. The soup was mediocre too.	0
Highly recommend, the waiter was great.	1
Would not recommend, the staff was soggy.	0
The coffee was burnt. The sushi was awful too.	0
The ambience here is superb and worth every penny.	1
Best dessert I've had in a long time, truly great. The place was impressive too.	1
The steak was slow. The steak was rude too.	0
Absolutely flavorful chef, will come back again.	1
The staff was generous. The service was tasty too.	1
The service here is tasteless and not worth the money.	0
The bread here is underwhelming and not worth the money. The menu was greasy too.	0
Best dessert I've had in a long time, truly delicious. The dessert was quick too.	1
bad ambience and a poor atmosphere overall. The waiter was underwhelming too.	0
Would not recommend, the sushi was dirty. The staff was mediocre too.	0
What a quick place, the staff exceeded expectations.	1
The waiter here is burnt and not worth the money. The staff was tasteless too.	0
We really regretted the greasy pasta tonight.	0
We really enjoyed the excellent waitress tonight. The service was superb too.	1
The salad here is quick and worth every penny.	1
bland service and a poor atmosphere overall. The waiter was terrible too.	0
We really regretted the unfriendly restaurant tonight. The staff was overpriced too.	0
superb dessert and a great atmosphere overall.	1
Absolutely delightful service, will come back again.	1
We really enjoyed the superb dessert tonight.	1
Highly recommend, the soup was wonderful. The steak was perfect too.	1
The pizza was cold.	0
cozy sushi and a great atmosphere overall.	1
The place here is perfect and worth every penny.	1
The menu here is unfriendly and not worth the money.	0
I loved the tasty sushi here. The staff was generous too.	1
I hated the bad waiter here.	0
I loved the superb steak here.	1
Absolutely lovely pasta, will come back again.	1
Highly recommend, the waiter was superb. The menu was wonderful too.	1
The pizza was underwhelming. The soup was dirty too.	0
Absolutely burnt chef, never coming back.	0
The staff here is great and worth every penny. The sushi was cozy too.	1
What a mediocre place, the waitress fell far short. The steak was bland too.	0
Would not recommend, the chef was bad. The bread was noisy too.	0
slow waiter and a poor atmosphere overall.	0
Would not recommend, the service was cold. The waiter was rude too.	0
Worst steak I've had in a long time, truly overpriced.	0
I hated the greasy coffee here. The bread was stale too.	0
What a lovely place, the restaurant exceeded expectations.	1
What a excellent place, the coffee exceeded expectations.	1
What a rude place, the restaurant fell far short.	0
What a outstanding place, the salad exceeded expectations. The food was great too.	1
The service here is impressive and worth every penny.	1
What a quick place, the soup exceeded expectations.	1
The sushi here is charming and worth every penny.	1
Such a underwhelming experience with the pasta.	0
We really enjoyed the lovely ambience tonight. The service was excellent too.	1
We really enjoyed the quick chef tonight.	1
Absolutely unfriendly steak, never coming back. The steak was dirty too.	0
Worst ambience I've had in a long time, truly slow.	0
Such a outstanding experience with the place.	1
Such a generous experience with the burger. The service was lovely too.	1
delightful ambience and a great atmosphere overall. The waiter was outstanding too.	1
Such a outstanding experience with the soup.	1
We really enjoyed the cozy sushi tonight.	1
The pasta was flavorful. The ambience was cozy too.	1
Such a overpriced experience with the chef.	0
The service here is delicious and worth every penny.	1
Highly recommend, the sushi was lovely. The place was quick too.	1
Worst restaurant I've had in a long time, truly stale.	0
awful dessert and a poor atmosphere overall. The bread was disappointing too.	0
The dessert here is burnt and not worth the money. The coffee was bad too.	0
What a stale place, the bread fell far short.	0
I loved the wonderful place here. The steak was charming too.	1
Such a wonderful experience with the dessert.	1
The ambience was cozy. The restaurant was outstanding too.	1
We really enjoyed the cozy sushi tonight. The coffee was wonderful too.	1
Best steak I've had in a long time, truly delightful. The salad was lovely too.	1
Highly recommend, the soup was outstanding.	1
What a underwhelming place, the bread fell far short. The food was dirty too.	0
fantastic steak and a great atmosphere overall.	1
We really regretted the unfriendly food tonight. The soup was noisy too.	0
What a awful place, the pizza fell far short.	0
delightful coffee and a great atmosphere overall. The pizza was delicious too.	1
Such a cold experience with the soup. The steak was mediocre too.	0
Such a quick experience with the restaurant.	1
The salad was underwhelming.	0
Highly recommend, the coffee was tasty. The sushi was cozy too.	1
Absolutely tasteless ambience, never coming back.	0
Highly recommend, the bread was outstanding. The burger was delightful too.	1
Such a tasty experience with the sushi. The pasta was fresh too.	1
Such a lovely experience with the pasta.	1
We really enjoyed the outstanding sushi tonight. The burger was lovely too.	1
Highly recommend, the place was impressive. The ambience was superb too.	1
The restaurant was greasy. The staff was dirty too.	0
We really regretted the stale chef tonight. The bread was stale too.	0
Absolutely stale bread, never coming back. The soup was overpriced too.	0
Highly recommend, the pizza was delicious. The pizza was delicious too.	1
Worst place I've had in a long time, truly mediocre.	0
The place was wonderful.	1
We really enjoyed the quick waiter tonight.	1
Worst menu I've had in a long time, truly greasy. The service was bland too.	0
Would not recommend, the soup was overpriced.	0
excellent service and a great atmosphere overall.	1
awful waiter and a poor atmosphere overall.	0
The waiter was lovely. The soup was delightful too.	1
The place here is outstanding and worth every penny.	1
We really enjoyed the cozy bread tonight.	1
We really enjoyed the cozy restaurant tonight. The place was outstanding too.	1
The waiter here is generous and worth every penny.	1
The food here is tasteless and not worth the money.	0
What a rude place, the menu fell far short.	0
Highly recommend, the ambience was quick. The ambience was fantastic too.	1
We really enjoyed the wonderful waiter tonight. The pizza was amazing too.	1
Such a horrible experience with the burger.	0
The burger here is tasteless and not worth the money.	0
The soup here is amazing and worth every penny.	1
I hated the awful pizza here.	0
Highly recommend, the waiter was friendly.	1
The pasta here is cold and not worth the money. The pizza was overpriced too.	0
Absolutely flavorful restaurant, will come back again.	1
dirty salad and a poor atmosphere overall.	0
Such a charming experience with the sushi.	1
Would not recommend, the salad was bland.	0
What a bland place, the dessert fell far short. The bread was soggy too.	0
Highly recommend, the menu was impressive. The steak was cozy too.	1
Such a cold experience with the chef.	0
Highly recommend, the sushi was great.	1
Absolutely bad service, never coming back.	0
The chef was impressive.	1
terrible pasta and a poor atmosphere overall. The food was disappointing too.	0
The soup was great.	1
The staff was burnt.	0
The staff was flavorful. The waiter was wonderful too.	1
dirty waitress and a poor atmosphere overall.	0
I loved the friendly ambience here.	1
Best bread I've had in a long time, truly wonderful. The bread was friendly too.	1
Such a wonderful experience with the coffee.	1
We really regretted the greasy food tonight.	0
Highly recommend, the bread was quick. The pizza was fresh too.	1
Absolutely dirty chef, never coming back. The place was awful too.	0
The waitress was delightful. The staff was fantastic too.	1
We really regretted the awful salad tonight.	0
The service was fresh.	1
Such a burnt experience with the pizza.	0
Would not recommend, the service was slow.	0
Best pizza I've had in a long time, truly impressive.	1
The steak here is overpriced and not worth the money.	0
overpriced coffee and a poor atmosphere overall. The service was burnt too.	0
excellent soup and a great atmosphere overall.	1
dirty service and a poor atmosphere overall.	0
mediocre steak and a poor atmosphere overall. The ambience was rude too.	0
Such a underwhelming experience with the bread.	0
We really enjoyed the wonderful pasta tonight.	1
mediocre bread and a poor atmosphere overall.	0
Such a friendly experience with the restaurant. The steak was great too.	1
I hated the dirty chef here.	0
The menu here is awful and not worth the money. The salad was unfriendly too.	0
Such a bland experience with the service.	0
Such a charming experience with the soup.	1
The steak was greasy. The menu was cold too.	0
What a overpriced place, the sushi fell far short.	0
Highly recommend, the ambience was fresh. The pasta was friendly too.	1
Worst chef I've had in a long time, truly burnt. The dessert was soggy too.	0
I loved the generous sushi here.	1
Such a outstanding experience with the sushi. The waitress was delicious too.	1
Absolutely overpriced soup, never coming back. The bread was noisy too.	0
The soup here is quick and worth every penny. The steak was fresh too.	1
Such a noisy experience with the ambience.	0
We really enjoyed the perfect steak tonight.	1
Absolutely generous sushi, will come back again.	1
Absolutely rude dessert, never coming back.	0
Highly recommend, the sushi was excellent.	1
The service was cozy.	1
The staff was delicious.	1
Absolutely great pizza, will come back again. The coffee was generous too.	1
What a delicious place, the dessert exceeded expectations.	1
We really regretted the underwhelming salad tonight. The bread was burnt too.	0
The waitress was amazing.	1
The burger here is burnt and not worth the money. The waitress was rude too.	0
Highly recommend, the place was fantastic. The menu was delightful too.	1
Worst coffee I've had in a long time, truly stale. The ambience was bland too.	0
We really regretted the horrible dessert tonight.	0
I loved the lovely pizza here.	1
great service and a great atmosphere overall. The bread was flavorful too.	1
Absolutely amazing service, will come back again. The waitress was outstanding too.	1
Would not recommend, the soup was cold.	0
What a tasty place, the pizza exceeded expectations.	1
The service here is bland and not worth the money.	0
Absolutely awful soup, never coming back.	0
Such a terrible experience with the steak.	0
The ambience here is great and worth every penny. The pizza was impressive too.	1
Best ambience I've had in a long time, truly charming. The restaurant was great too.	1
The coffee was dirty. The pizza was bland too.	0
What a unfriendly place, the steak fell far short.	0
The ambience was outstanding.	1
Such a underwhelming experience with the chef. The ambience was mediocre too.	0
impressive waiter and a great atmosphere overall. The salad was lovely too.	1
I hated the bland pizza here. The ambience was slow too.	0
Best ambience I've had in a long time, truly outstanding. The food was lovely too.	1
The chef here is dirty and not worth the money. The staff was rude too.	0
Highly recommend, the waitress was generous.	1
The waitress was cold. The bread was bland too.	0
Best salad I've had in a long time, truly delightful.	1
lovely food and a great atmosphere overall. The staff was charming too.	1
Would not recommend, the pizza was noisy. The ambience was rude too.	0
The restaurant here is stale and not worth the money. The restaurant was bland too.	0
The waiter here is quick and worth every penny.	1
Worst sushi I've had in a long time, truly bland. The pizza was underwhelming too.	0
Such a delightful experience with the salad.	1
The restaurant was greasy.	0
delightful steak and a great atmosphere overall.	1
Best steak I've had in a long time, truly generous.	1
The salad here is wonderful and worth every penny. The menu was flavorful too.	1
excellent steak and a great atmosphere overall.	1
What a flavorful place, the pasta exceeded expectations.	1
The steak here is friendly and worth every penny.	1
I hated the dirty ambience here.	0
Would not recommend, the menu was noisy. The bread was terrible too.	0
We really regretted the disappointing chef tonight.	0
We really enjoyed the quick staff tonight. The pasta was fresh too.	1
wonderful burger and a great atmosphere overall.	1
What a generous place, the staff exceeded expectations.	1
Highly recommend, the ambience was charming.	1
The waitress was burnt.	0
What a burnt place, the dessert fell far short.	0
Such a fantastic experience with the staff.	1
What a rude place, the dessert fell far short. The ambience was tasteless too.	0
The waitress was cold. The pizza was soggy too.	0
What a charming place, the coffee exceeded expectations.	1
Worst pizza I've had in a long time, truly bad. The soup was soggy too.	0
The restaurant was superb.	1
I hated the mediocre pasta here. The restaurant was dirty too.	0
We really enjoyed the outstanding pasta tonight.	1
Best coffee I've had in a long time, truly flavorful.	1
Best chef I've had in a long time, truly generous. The service was fantastic too.	1
I loved the outstanding food here.	1
Would not recommend, the waiter was overpriced. The waiter was tasteless too.	0
We really enjoyed the quick bread tonight. The ambience was excellent too.	1
quick waiter and a great atmosphere overall. The salad was tasty too.	1
impressive chef and a great atmosphere overall. The menu was tasty too.	1
What a bland place, the burger fell far short. The bread was rude too.	0
Such a outstanding experience with the dessert.	1
Would not recommend, the burger was underwhelming.	0
delightful steak and a great atmosphere overall.	1
Worst soup I've had in a long time, truly cold. The chef was unfriendly too.	0
What a greasy place, the waiter fell far short.	0
I loved the outstanding restaurant here. The place was excellent too.	1
Would not recommend, the dessert was slow. The salad was slow too.	0
friendly soup and a great atmosphere overall. The bread was excellent too.	1
We really enjoyed the excellent bread tonight. The waiter was outstanding too.	1
The chef was delightful.	1
Absolutely underwhelming food, never coming back. The ambience was burnt too.	0
underwhelming coffee and a poor atmosphere overall.	0
We really enjoyed the generous waitress tonight. The soup was amazing too.	1
The pizza was lovely. The bread was lovely too.	1
What a bad place, the waiter fell far short.	0
Highly recommend, the sushi was charming. The place was perfect too.	1
Highly recommend, the bread was superb.	1
Highly recommend, the service was generous. The waitress was fantastic too.	1
The pizza was greasy.	0
We really regretted the bland dessert tonight.	0
Such a overpriced experience with the place.	0
What a superb place, the soup exceeded expectations.	1
Absolutely delightful waiter, will come back again.	1
What a delicious place, the menu exceeded expectations. The burger was delightful too.	1
Worst bread I've had in a long time, truly rude.	0
What a lovely place, the pasta exceeded expectations. The coffee was fantastic too.	1
The restaurant was quick.	1
Such a wonderful experience with the restaurant. The steak was fresh too.	1
Absolutely flavorful ambience, will come back again.	1
mediocre burger and a poor atmosphere overall.	0
Would not recommend, the staff was horrible.	0
We really enjoyed the generous dessert tonight. The food was great too.	1
I hated the dirty chef here.	0
disappointing ambience and a poor atmosphere overall.	0
Best sushi I've had in a long time, truly perfect.	1
What a charming place, the steak exceeded expectations. The sushi was outstanding too.	1
I hated the awful service here.	0
I loved the amazing chef here.	1
We really regretted the bad waiter tonight. The waitress was disappointing too.	0
Absolutely lovely restaurant, will come back again.	1
Worst burger I've had in a long time, truly bland. The dessert was rude too.	0
The service here is friendly and worth every penny.	1
I hated the mediocre pizza here.	0
We really regretted the disappointing food tonight. The soup was overpriced too.	0
The coffee was bad. The steak was cold too.	0
We really enjoyed the wonderful waitress tonight. The ambience was great too.	1
Worst place I've had in a long time, truly cold. The pasta was slow too.	0
Absolutely slow ambience, never coming back. The soup was terrible too.	0
We really enjoyed the excellent salad tonight. The menu was wonderful too.	1
We really enjoyed the delightful waitress tonight.	1
Absolutely cold staff, never coming back.	0
Worst soup I've had in a long time, truly horrible.	0
Such a wonderful experience with the steak. The staff was fresh too.	1
What a delightful place, the bread exceeded expectations.	1
The pasta here is amazing and worth every penny. The salad was cozy too.	1
The menu here is friendly and worth every penny.	1
flavorful pizza and a great atmosphere overall. The sushi was delightful too.	1
The staff was soggy.	0
wonderful steak and a great atmosphere overall.	1
Worst soup I've had in a long time, truly mediocre.	0
I hated the underwhelming waiter here. The staff was terrible too.	0
The burger was disappointing.	0
The ambience here is cozy and worth every penny.	1
mediocre coffee and a poor atmosphere overall.	0
Would not recommend, the staff was burnt.	0
The burger here is great and worth every penny. The menu was wonderful too.	1
tasteless bread and a poor atmosphere overall.	0
greasy staff and a poor atmosphere overall.	0
Such a delicious experience with the pizza. The waitress was fantastic too.	1
What a unfriendly place, the chef fell far short. The waiter was cold too.	0
The food was slow. The dessert was soggy too.	0
Absolutely stale coffee, never coming back. The burger was cold too.	0
outstanding food and a great atmosphere overall. The staff was perfect too.	1
We really enjoyed the great soup tonight.	1
We really enjoyed the delicious dessert tonight.	1
Absolutely dirty waiter, never coming back. The place was noisy too.	0
Would not recommend, the place was overpriced. The food was overpriced too.	0
Best service I've had in a long time, truly flavorful. The restaurant was excellent too.	1
burnt service and a poor atmosphere overall. The pizza was mediocre too.	0
I hated the stale steak here.	0
The place was cozy. The coffee was delicious too.	1
We really enjoyed the great ambience tonight.	1
I hated the tasteless pasta here.	0
Such a dirty experience with the food. The pasta was unfriendly too.	0
Worst pizza I've had in a long time, truly bad.	0
Highly recommend, the sushi was tasty.	1
The pizza was wonderful.	1
Highly recommend, the food was fresh. The food was outstanding too.	1
The food here is friendly and worth every penny. The coffee was fresh too.	1
The waitress was underwhelming.	0
I loved the perfect restaurant here. The pizza was cozy too.	1
We really enjoyed the superb waitress tonight.	1
I loved the impressive staff here.	1
What a great place, the ambience exceeded expectations.	1
Such a wonderful experience with the waitress. The steak was friendly too.	1
We really regretted the tasteless steak tonight. The staff was disappointing too.	0
I hated the noisy restaurant here. The waiter was bad too.	0
outstanding chef and a great atmosphere overall. The dessert was tasty too.	1
We really regretted the greasy chef tonight. The place was bland too.	0
What a lovely place, the waiter exceeded expectations. The steak was wonderful too.	1
Best staff I've had in a long time, truly fresh. The service was lovely too.	1
The burger was rude.	0
Would not recommend, the chef was burnt. The chef was cold too.	0
The restaurant was fantastic. The pizza was wonderful too.	1
Best menu I've had in a long time, truly friendly.	1
What a impressive place, the staff exceeded expectations. The staff was amazing too.	1
We really regretted the disappointing staff tonight.	0
I loved the outstanding staff here. The chef was delicious too.	1
impressive waiter and a great atmosphere overall.	1
The ambience was flavorful. The waitress was excellent too.	1
Absolutely disappointing dessert, never coming back. The chef was slow too.	0
What a delightful place, the service exceeded expectations.	1
flavorful pasta and a great atmosphere overall.	1
I hated the awful sushi here. The restaurant was mediocre too.	0
Such a cozy experience with the menu.	1
amazing bread and a great atmosphere overall.	1
Would not recommend, the dessert was underwhelming.	0
Highly recommend, the dessert was impressive. The burger was excellent too.	1
What a tasteless place, the food fell far short. The burger was awful too.	0
Worst sushi I've had in a long time, truly soggy.	0
I loved the excellent pizza here. The pizza was perfect too.	1
Such a delicious experience with the bread.	1
Absolutely superb ambience, will come back again. The soup was outstanding too.	1
The dessert was impressive.	1
What a noisy place, the dessert fell far short. The menu was underwhelming too.	0
Absolutely lovely bread, will come back again.	1
Such a awful experience with the staff.	0
We really enjoyed the cozy food tonight. The salad was tasty too.	1
Absolutely outstanding restaurant, will come back again.	1
The steak was delicious. The restaurant was fantastic too.	1
I hated the dirty coffee here. The ambience was noisy too.	0
The place here is outstanding and worth every penny. The waiter was quick too.	1
Absolutely outstanding sushi, will come back again.	1
Best bread I've had in a long time, truly delightful. The soup was excellent too.	1
The ambience here is lovely and worth every penny. The food was impressive too.	1
The ambience was noisy. The steak was unfriendly too.	0
I loved the impressive pizza here.	1
I hated the tasteless restaurant here. The steak was rude too.	0
We really regretted the tasteless staff tonight. The menu was overpriced too.	0
The staff here is dirty and not worth the money.	0
awful food and a poor atmosphere overall.	0
rude waitress and a poor atmosphere overall.	0
Would not recommend, the ambience was dirty. The sushi was noisy too.	0
We really enjoyed the excellent pizza tonight. The service was lovely too.	1
The food here is tasteless and not worth the money.	0
Absolutely tasteless staff, never coming back.	0
Would not recommend, the waiter was bland.	0
What a outstanding place, the staff exceeded expectations.	1
amazing sushi and a great atmosphere overall.	1
unfriendly waiter and a poor atmosphere overall. The place was tasteless too.	0
tasty menu and a great atmosphere overall.	1
The bread here is stale and not worth the money. The place was awful too.	0
Would not recommend, the ambience was noisy.	0
Best restaurant I've had in a long time, truly delicious. The staff was lovely too.	1
Such a underwhelming experience with the salad. The menu was rude too.	0
We really enjoyed the great pasta tonight.	1
We really enjoyed the friendly pasta tonight.	1
Would not recommend, the burger was bland. The dessert was horrible too.	0
We really regretted the rude dessert tonight. The chef was bad too.	0
The burger here is fresh and worth every penny.	1
I hated the cold restaurant here.	0
What a mediocre place, the bread fell far short. The service was horrible too.	0
Would not recommend, the coffee was mediocre.	0
Such a impressive experience with the sushi.	1
The staff was friendly.	1
What a noisy place, the coffee fell far short. The chef was rude too.	0
Such a tasty experience with the waiter. The waitress was great too.	1
Absolutely tasty waitress, will come back again.	1
I loved the outstanding burger here. The bread was friendly too.	1
The bread here is outstanding and worth every penny.	1
What a delightful place, the food exceeded expectations.	1
cold waitress and a poor atmosphere overall. The soup was noisy too.	0
I hated the cold soup here.	0
Would not recommend, the place was greasy.	0
perfect waitress and a great atmosphere overall.	1
We really enjoyed the delightful soup tonight. The burger was friendly too.	1
What a unfriendly place, the restaurant fell far short.	0
delicious ambience and a great atmosphere overall.	1
The steak was overpriced.	0
The burger was dirty. The pasta was greasy too.	0
I hated the underwhelming burger here.	0
The pizza here is wonderful and worth every penny.	1
The chef here is outstanding and worth every penny.	1
Such a bland experience with the salad.	0
Would not recommend, the waitress was underwhelming.	0
Absolutely soggy service, never coming back. The coffee was horrible too.	0
What a soggy place, the restaurant fell far short. The menu was disappointing too.	0
The service was fresh.	1
The dessert here is tasty and worth every penny. The chef was cozy too.	1
The ambience was cold. The sushi was unfriendly too.	0
We really regretted the rude chef tonight.	0
Absolutely superb dessert, will come back again.	1
The burger here is great and worth every penny. The service was excellent too.	1
Such a disappointing experience with the soup.	0
stale menu and a poor atmosphere overall.	0
Absolutely underwhelming food, never coming back.	0
Such a amazing experience with the salad. The pasta was perfect too.	1
Best waitress I've had in a long time, truly friendly.	1
The menu here is generous and worth every penny.	1
What a horrible place, the salad fell far short. The coffee was dirty too.	0
What a unfriendly place, the bread fell far short. The place was underwhelming too.	0
The staff here is outstanding and worth every penny.	1
The burger here is perfect and worth every penny. The coffee was fresh too.	1
unfriendly service and a poor atmosphere overall.	0
We really enjoyed the amazing restaurant tonight.	1
quick burger and a great atmosphere overall. The service was impressive too.	1
Worst soup I've had in a long time, truly disappointing.	0
We really enjoyed the charming pizza tonight.	1
The dessert here is soggy and not worth the money.	0
The bread here is rude and not worth the money. The restaurant was stale too.	0
Worst bread I've had in a long time, truly rude.	0
Such a dirty experience with the pizza.	0
Worst pasta I've had in a long time, truly mediocre. The soup was greasy too.	0
We really regretted the cold chef tonight. The soup was noisy too.	0
We really regretted the bland salad tonight.	0
fantastic coffee and a great atmosphere overall.	1
Absolutely awful waitress, never coming back. The menu was tasteless too.	0
We really regretted the noisy waitress tonight. The waiter was bland too.	0
Absolutely outstanding sushi, will come back again. The service was amazing too.	1
Such a perfect experience with the chef.	1
Absolutely impressive waiter, will come back again.	1
What a slow place, the staff fell far short.	0
friendly waitress and a great atmosphere overall.	1
The ambience was terrible.	0
Worst dessert I've had in a long time, truly terrible.	0
The coffee was disappointing.	0
Worst pizza I've had in a long time, truly overpriced. The place was horrible too.	0
The coffee here is impressive and worth every penny. The service was lovely too.	1
Highly recommend, the pasta was generous.	1
Absolutely mediocre steak, never coming back. The sushi was dirty too.	0
rude menu and a poor atmosphere overall. The pizza was slow too.	0
What a terrible place, the menu fell far short.	0
The place was superb. The burger was charming too.	1
What a awful place, the salad fell far short.	0
The place was terrible.	0
generous waitress and a great atmosphere overall. The burger was flavorful too.	1
The restaurant was tasty. The place was cozy too.	1
What a unfriendly place, the burger fell far short.	0
Highly recommend, the waitress was fantastic.	1
I loved the lovely place here.	1
What a disappointing place, the sushi fell far short. The burger was soggy too.	0
superb menu and a great atmosphere overall. The service was charming too.	1
We really regretted the disappointing sushi tonight. The food was terrible too.	0
What a fantastic place, the staff exceeded expectations.	1
Would not recommend, the restaurant was bland. The place was stale too.	0
The pizza here is bad and not worth the money. The service was cold too.	0
The waiter here is awful and not worth the money. The steak was mediocre too.	0
The place was fantastic. The restaurant was excellent too.	1
We really regretted the dirty steak tonight.	0
Best burger I've had in a long time, truly great.	1
cold waiter and a poor atmosphere overall.	0
stale chef and a poor atmosphere overall.	0
Absolutely quick sushi, will come back again. The service was excellent too.	1
What a mediocre place, the place fell far short.	0
Absolutely bad soup, never coming back.	0
The dessert was delightful.	1
We really regretted the underwhelming restaurant tonight. The waitress was bad too.	0
The service here is bland and not worth the money.	0
What a soggy place, the food fell far short.	0
Would not recommend, the pizza was tasteless.	0
fantastic salad and a great atmosphere overall.	1
Best pizza I've had in a long time, truly flavorful.	1
Would not recommend, the ambience was slow.	0
The salad was delicious.	1
We really regretted the soggy waiter tonight.	0
We really enjoyed the great waiter tonight. The steak was perfect too.	1
Such a soggy experience with the service.	0
Such a horrible experience with the ambience. The chef was noisy too.	0
We really regretted the bland chef tonight.	0
The place was underwhelming. The waitress was awful too.	0
The bread was burnt.	0
The salad here is unfriendly and not worth the money.	0
We really enjoyed the tasty bread tonight.	1
Such a awful experience with the dessert.	0
What a charming place, the steak exceeded expectations.	1
I hated the bad dessert here. The pizza was terrible too.	0
The steak here is superb and worth every penny.	1
The dessert was fantastic.	1
wonderful sushi and a great atmosphere overall. The salad was tasty too.	1
cold menu and a poor atmosphere overall. The menu was tasteless too.	0
The place was mediocre.	0
We really enjoyed the fantastic soup tonight.	1
Absolutely soggy soup, never coming back.	0
The food was cozy.	1
We really regretted the noisy waitress tonight.	0
Absolutely impressive waiter, will come back again.	1
fantastic restaurant and a great atmosphere overall.	1
Would not recommend, the salad was tasteless.	0
Such a delightful experience with the waitress. The steak was lovely too.	1
Absolutely slow chef, never coming back.	0
Highly recommend, the coffee was lovely.	1
Such a tasty experience with the bread. The pasta was superb too.	1
Would not recommend, the restaurant was rude.	0
Worst steak I've had in a long time, truly cold.	0
noisy soup and a poor atmosphere overall.	0
lovely bread and a great atmosphere overall.	1
The coffee was cold. The service was awful too.	0
Absolutely perfect menu, will come back again.	1
The burger was wonderful.	1
Would not recommend, the pasta was disappointing. The chef was cold too.	0
Such a burnt experience with the salad.	0
Such a friendly experience with the bread.	1
delicious pasta and a great atmosphere overall. The steak was charming too.	1
The service here is terrible and not worth the money. The chef was overpriced too.	0
Would not recommend, the dessert was noisy.	0
The menu here is disappointing and not worth the money.	0
Absolutely rude staff, never coming back.	0
The place was horrible.	0
Absolutely perfect bread, will come back again. The burger was amazing too.	1
Absolutely generous steak, will come back again. The steak was delightful too.	1
The service here is delightful and worth every penny.	1
Best soup I've had in a long time, truly charming. The steak was cozy too.	1
Would not recommend, the pizza was rude. The coffee was rude too.	0
Would not recommend, the waitress was burnt.	0
Such a overpriced experience with the dessert.	0
The steak here is superb and worth every penny. The salad was cozy too.	1
The sushi was charming. The dessert was generous too.	1
What a unfriendly place, the pizza fell far short. The service was tasteless too.	0
cold ambience and a poor atmosphere overall. The pasta was terrible too.	0
Highly recommend, the coffee was superb.	1
The chef was flavorful. The menu was outstanding too.	1
I hated the bland coffee here. The bread was burnt too.	0
Such a bland experience with the food.	0
I loved the quick menu here. The waitress was great too.	1
We really regretted the terrible restaurant tonight.	0
I hated the bland service here. The burger was burnt too.	0
Such a noisy experience with the staff.	0
We really enjoyed the friendly waitress tonight.	1
The waitress was outstanding. The place was charming too.	1
I loved the delightful food here.	1
I loved the delicious soup here. The coffee was fantastic too.	1
What a lovely place, the pasta exceeded expectations. The chef was friendly too.	1
We really enjoyed the amazing ambience tonight. The pizza was wonderful too.	1
The ambience here is charming and worth every penny.	1
Worst restaurant I've had in a long time, truly greasy.	0
Would not recommend, the food was burnt. The service was terrible too.	0
unfriendly soup and a poor atmosphere overall.	0
Such a greasy experience with the staff.	0
disappointing dessert and a poor atmosphere overall.	0
Absolutely slow coffee, never coming back. The salad was stale too.	0
Absolutely cold menu, never coming back.	0
Highly recommend, the soup was delicious.	1
The bread here is great and worth every penny.	1
Such a cold experience with the burger.	0
Worst sushi I've had in a long time, truly tasteless. The pizza was cold too.	0
I loved the delightful pasta here.	1
We really regretted the underwhelming steak tonight. The pasta was noisy too.	0
What a noisy place, the restaurant fell far short. The steak was mediocre too.	0
Best waiter I've had in a long time, truly amazing. The pizza was quick too.	1
Absolutely dirty burger, never coming back.	0
We really enjoyed the flavorful steak tonight.	1
Would not recommend, the pasta was underwhelming. The salad was bland too.	0
Highly recommend, the burger was wonderful. The staff was great too.	1
The food was cozy.	1
What a friendly place, the soup exceeded expectations. The service was charming too.	1
Would not recommend, the burger was burnt.	0
superb restaurant and a great atmosphere overall. The soup was lovely too.	1
Would not recommend, the restaurant was bad.	0
Would not recommend, the ambience was dirty. The pizza was unfriendly too.	0
Absolutely soggy waiter, never coming back.	0
What a noisy place, the waiter fell far short.	0
Best restaurant I've had in a long time, truly flavorful. The sushi was fresh too.	1
Best staff I've had in a long time, truly perfect. The menu was cozy too.	1
We really regretted the horrible dessert tonight.	0
Worst service I've had in a long time, truly awful. The coffee was stale too.	0
Highly recommend, the burger was impressive.	1
Worst ambience I've had in a long time, truly horrible.	0
The staff here is cozy and worth every penny. The pizza was cozy too.	1
Worst ambience I've had in a long time, truly dirty.	0
The sushi was unfriendly.	0
Absolutely generous restaurant, will come back again. The coffee was perfect too.	1
Absolutely slow menu, never coming back. The salad was cold too.	0
Best pizza I've had in a long time, truly quick.	1
We really regretted the underwhelming sushi tonight. The waiter was mediocre too.	0
The food was overpriced. The soup was rude too.	0
The restaurant was soggy.	0
Absolutely delicious restaurant, will come back again. The waiter was cozy too.	1
What a unfriendly place, the ambience fell far short.	0
Such a bland experience with the pasta.	0
Absolutely underwhelming sushi, never coming back. The waitress was unfriendly too.	0
Absolutely noisy restaurant, never coming back.	0
Absolutely perfect coffee, will come back again.	1
What a generous place, the steak exceeded expectations.	1
horrible pizza and a poor atmosphere overall. The food was disappointing too.	0
cozy coffee and a great atmosphere overall.	1
Absolutely cold salad, never coming back.	0
The salad was unfriendly.	0
I hated the soggy bread here. The restaurant was unfriendly too.	0
amazing bread and a great atmosphere overall.	1
Highly recommend, the dessert was delicious.	1
Best sushi I've had in a long time, truly friendly.	1
fantastic soup and a great atmosphere overall. The sushi was fresh too.	1
What a lovely place, the staff exceeded expectations.	1
Such a perfect experience with the waitress. The food was impressive too.	1
Highly recommend, the coffee was fantastic. The menu was outstanding too.	1
I loved the superb waitress here. The soup was perfect too.	1
charming burger and a great atmosphere overall.	1
stale salad and a poor atmosphere overall.	0
Highly recommend, the waitress was charming.	1
Highly recommend, the dessert was charming.	1
Best pasta I've had in a long time, truly impressive.	1
I loved the wonderful ambience here.	1
I loved the excellent chef here. The ambience was outstanding too.	1
The bread was delightful. The food was great too.	1
What a flavorful place, the restaurant exceeded expectations.	1
Such a perfect experience with the staff. The salad was delicious too.	1
What a friendly place, the ambience exceeded expectations.	1
The pasta was delightful.	1
We really enjoyed the flavorful waiter tonight. The coffee was lovely too.	1
What a awful place, the menu fell far short.	0
Absolutely unfriendly pizza, never coming back.	0
The dessert was fresh.	1
perfect staff and a great atmosphere overall. The ambience was friendly too.	1
Would not recommend, the soup was disappointing. The staff was bland too.	0
Highly recommend, the bread was lovely.	1
The dessert here is dirty and not worth the money. The menu was bad too.	0
The ambience was noisy. The waitress was soggy too.	0
I hated the burnt place here.	0
Would not recommend, the steak was cold.	0
The bread here is noisy and not worth the money.	0
We really enjoyed the impressive ambience tonight.	1
We really regretted the bad steak tonight.	0
I loved the flavorful food here. The ambience was fresh too.	1
outstanding pizza and a great atmosphere overall.	1
The coffee was burnt.	0
The burger here is overpriced and not worth the money. The steak was bland too.	0
We really enjoyed the excellent bread tonight. The menu was impressive too.	1
Such a rude experience with the burger.	0
Such a overpriced experience with the menu.	0
Such a fresh experience with the menu.	1
Absolutely superb salad, will come back again.	1
We really regretted the bland place tonight.	0
We really enjoyed the delicious bread tonight. The steak was flavorful too.	1
We really regretted the stale soup tonight. The coffee was stale too.	0
What a overpriced place, the ambience fell far short. The coffee was mediocre too.	0
The sushi was burnt.	0
We really enjoyed the excellent ambience tonight.	1
Best coffee I've had in a long time, truly generous.	1
tasty food and a great atmosphere overall.	1
What a superb place, the steak exceeded expectations.	1
The waiter here is charming and worth every penny. The sushi was delightful too.	1
Absolutely dirty steak, never coming back.	0
Worst menu I've had in a long time, truly mediocre. The ambience was stale too.	0
What a rude place, the chef fell far short. The soup was overpriced too.	0
Such a stale experience with the place.	0
Absolutely tasty ambience, will come back again.	1
The restaurant was underwhelming. The sushi was slow too.	0
Best coffee I've had in a long time, truly charming.	1
Would not recommend, the pasta was stale.	0
I loved the friendly service here.	1
The service here is tasty and worth every penny.	1
Worst place I've had in a long time, truly bad. The dessert was burnt too.	0
Worst bread I've had in a long time, truly stale. The place was dirty too.	0
What a disappointing place, the salad fell far short.	0
The bread here is rude and not worth the money. The coffee was underwhelming too.	0
great chef and a great atmosphere overall.	1
Absolutely slow chef, never coming back.	0
What a mediocre place, the steak fell far short.	0
Absolutely great staff, will come back again. The steak was outstanding too.	1
What a stale place, the pasta fell far short.	0
Worst burger I've had in a long time, truly bad.	0
bad coffee and a poor atmosphere overall. The food was slow too.	0
I hated the stale pizza here. The ambience was cold too.	0
We really regretted the bland place tonight.	0
Highly recommend, the food was friendly.	1
The staff here is cold and not worth the money.	0
The staff here is horrible and not worth the money. The pasta was bad too.	0
Would not recommend, the restaurant was slow.	0
Worst food I've had in a long time, truly awful.	0
We really regretted the underwhelming steak tonight.	0
Highly recommend, the bread was perfect.	1
What a rude place, the bread fell far short.	0
Highly recommend, the soup was quick.	1
Best bread I've had in a long time, truly lovely.	1
We really regretted the bland pizza tonight. The waitress was stale too.	0
The restaurant was greasy. The restaurant was dirty too.	0
Would not recommend, the pasta was underwhelming. The sushi was underwhelming too.	0
terrible pasta and a poor atmosphere overall.	0
The salad was fresh.	1
Would not recommend, the menu was mediocre.	0
rude pizza and a poor atmosphere overall.	0
I hated the stale pizza here.	0
What a soggy place, the pizza fell far short.	0
Would not recommend, the burger was greasy.	0
I hated the disappointing waitress here. The pasta was cold too.	0
We really enjoyed the delightful chef tonight. The salad was flavorful too.	1
The menu was outstanding. The bread was amazing too.	1
The waiter here is cold and not worth the money. The chef was terrible too.	0
Absolutely bland pizza, never coming back. The menu was tasteless too.	0
We really regretted the greasy waitress tonight.	0
Best chef I've had in a long time, truly delicious. The restaurant was delicious too.	1
I hated the horrible burger here.	0
The waiter here is tasty and worth every penny.	1
Such a cold experience with the food. The chef was overpriced too.	0
We really regretted the disappointing service tonight.	0
Such a soggy experience with the place.	0
Absolutely tasteless pasta, never coming back.	0
Highly recommend, the service was charming. The sushi was lovely too.	1
The menu was superb.	1
Such a cold experience with the menu.	0
Absolutely terrible steak, never coming back.	0
fantastic soup and a great atmosphere overall.	1
What a delicious place, the food exceeded expectations.	1
Absolutely delightful sushi, will come back again. The staff was fresh too.	1
I loved the flavorful waiter here.	1
The steak was awful. The restaurant was burnt too.	0
We really enjoyed the wonderful place tonight. The bread was superb too.	1
The chef was disappointing.	0
The dessert here is wonderful and worth every penny.	1
Highly recommend, the sushi was generous. The sushi was tasty too.	1
Highly recommend, the soup was excellent. The chef was perfect too.	1
Absolutely charming salad, will come back again. The restaurant was generous too.	1
Highly recommend, the pasta was perfect. The food was cozy too.	1
The ambience was rude.	0
Such a unfriendly experience with the dessert. The staff was burnt too.	0
Highly recommend, the ambience was tasty.	1
What a wonderful place, the bread exceeded expectations. The waitress was outstanding too.	1
Would not recommend, the place was cold.	0
Absolutely wonderful service, will come back again.	1
We really enjoyed the fantastic menu tonight. The service was impressive too.	1
Would not recommend, the ambience was underwhelming.	0
The soup was perfect. The salad was great too.	1
We really enjoyed the tasty food tonight.	1
The staff was bad. The waitress was dirty too.	0
The service here is unfriendly and not worth the money.	0
I hated the greasy staff here.	0
I loved the fantastic coffee here.	1
Such a horrible experience with the bread. The pizza was noisy too.	0
Would not recommend, the waiter was burnt.	0
Worst place I've had in a long time, truly noisy.	0
Absolutely cold waitress, never coming back.	0
Would not recommend, the bread was horrible. The waiter was burnt too.	0
Worst salad I've had in a long time, truly bad.	0
Best bread I've had in a long time, truly outstanding.	1
What a outstanding place, the waitress exceeded expectations. The bread was tasty too.	1
The ambience here is burnt and not worth the money. The chef was bad too.	0
The ambience was terrible.	0
Would not recommend, the salad was terrible. The pasta was terrible too.	0
Such a fresh experience with the pasta.	1
Highly recommend, the food was perfect.	1
Absolutely impressive soup, will come back again. The chef was superb too.	1
The restaurant here is wonderful and worth every penny. The soup was fresh too.	1
The pizza here is perfect and worth every penny. The ambience was impressive too.	1
Best menu I've had in a long time, truly great.	1
What a flavorful place, the waiter exceeded expectations.	1
The place here is delightful and worth every penny. The soup was friendly too.	1
Best staff I've had in a long time, truly delicious. The waitress was quick too.	1
What a overpriced place, the place fell far short.	0
The ambience here is awful and not worth the money.	0
What a burnt place, the steak fell far short. The coffee was overpriced too.	0
awful restaurant and a poor atmosphere overall.	0
Highly recommend, the salad was impressive. The waitress was lovely too.	1
Absolutely wonderful ambience, will come back again. The sushi was impressive too.	1
burnt service and a poor atmosphere overall. The ambience was soggy too.	0
Absolutely wonderful waitress, will come back again.	1
underwhelming menu and a poor atmosphere overall.	0
What a charming place, the menu exceeded expectations.	1
Such a overpriced experience with the coffee. The waitress was tasteless too.	0
I loved the great soup here.	1
Best waitress I've had in a long time, truly superb. The dessert was delightful too.	1
Absolutely greasy food, never coming back.	0
What a generous place, the salad exceeded expectations. The service was fresh too.	1
Absolutely dirty menu, never coming back.	0
The staff was cold. The salad was slow too.	0
Worst pasta I've had in a long time, truly terrible.	0
We really regretted the greasy place tonight.	0
Highly recommend, the steak was tasty. The bread was cozy too.	1
We really enjoyed the charming burger tonight.	1
amazing restaurant and a great atmosphere overall.	1
The coffee here is awful and not worth the money. The pasta was disappointing too.	0
The salad was perfect.	1
bland food and a poor atmosphere overall.	0
The dessert was fantastic. The ambience was fresh too.	1
I loved the cozy ambience here.	1
Highly recommend, the sushi was delightful. The menu was cozy too.	1
The chef was burnt. The coffee was greasy too.	0
flavorful steak and a great atmosphere overall.	1
Best food I've had in a long time, truly superb. The pasta was fresh too.	1
The coffee was stale.	0
Highly recommend, the ambience was amazing.	1
Worst pizza I've had in a long time, truly slow.	0
great restaurant and a great atmosphere overall.	1
overpriced salad and a poor atmosphere overall. The restaurant was mediocre too.	0
Worst pasta I've had in a long time, truly unfriendly.	0
Absolutely tasty restaurant, will come back again.	1
The menu here is slow and not worth the money.	0
slow coffee and a poor atmosphere overall.	0
Absolutely noisy restaurant, never coming back. The bread was burnt too.	0
Worst place I've had in a long time, truly rude.	0
Worst restaurant I've had in a long time, truly terrible.	0
The waitress here is mediocre and not worth the money.	0
Such a wonderful experience with the burger. The waiter was amazing too.	1
The salad here is unfriendly and not worth the money.	0
What a overpriced place, the salad fell far short. The food was dirty too.	0
Absolutely flavorful staff, will come back again.	1
Best salad I've had in a long time, truly flavorful. The ambience was flavorful too.	1
Absolutely wonderful sushi, will come back again. The service was quick too.	1
perfect food and a great atmosphere overall. The menu was tasty too.	1
We really enjoyed the excellent staff tonight.	1
We really enjoyed the outstanding sushi tonight.	1
The waitress was friendly.	1
tasteless ambience and a poor atmosphere overall.	0
Would not recommend, the soup was unfriendly.	0
I loved the cozy service here.	1
Would not recommend, the service was overpriced.	0
burnt service and a poor atmosphere overall.	0
The service here is disappointing and not worth the money.	0
We really enjoyed the lovely pasta tonight. The pasta was delightful too.	1
Absolutely cozy service, will come back again.	1
Would not recommend, the chef was bland. The soup was burnt too.	0
friendly restaurant and a great atmosphere overall. The food was excellent too.	1
Such a noisy experience with the chef.	0
Worst staff I've had in a long time, truly stale.	0
I hated the cold waiter here. The chef was dirty too.	0
soggy staff and a poor atmosphere overall.	0
Absolutely delightful coffee, will come back again. The ambience was delicious too.	1
What a outstanding place, the waiter exceeded expectations.	1
Absolutely excellent restaurant, will come back again. The service was quick too.	1
We really regretted the greasy pasta tonight. The waiter was cold too.	0
The restaurant was tasty.	1
We really regretted the terrible burger tonight.	0
The sushi was charming.	1
Such a overpriced experience with the sushi.	0
bad sushi and a poor atmosphere overall.	0
The salad was unfriendly. The bread was stale too.	0
Such a charming experience with the salad. The restaurant was delicious too.	1
Absolutely delicious dessert, will come back again.	1
The soup here is delightful and worth every penny. The staff was delicious too.	1
Absolutely quick place, will come back again. The pasta was delightful too.	1
Would not recommend, the salad was noisy. The chef was noisy too.	0
I loved the delicious dessert here.	1
superb steak and a great atmosphere overall.	1
I hated the burnt waitress here. The restaurant was cold too.	0
Would not recommend, the burger was tasteless.	0
What a disappointing place, the menu fell far short. The soup was soggy too.	0
What a flavorful place, the staff exceeded expectations.	1
What a mediocre place, the pasta fell far short.	0
What a soggy place, the burger fell far short.	0
What a slow place, the dessert fell far short.	0
We really enjoyed the flavorful coffee tonight.	1
The salad here is overpriced and not worth the money.	0
The food was fantastic.	1
What a tasty place, the place exceeded expectations.	1
Worst waitress I've had in a long time, truly awful. The menu was terrible too.	0
The menu here is greasy and not worth the money.	0
Highly recommend, the pasta was lovely.	1
Worst food I've had in a long time, truly cold. The soup was unfriendly too.	0
Such a rude experience with the food. The steak was underwhelming too.	0
Absolutely delicious sushi, will come back again.	1
Best chef I've had in a long time, truly charming.	1
Would not recommend, the waitress was awful. The steak was burnt too.	0
Such a amazing experience with the bread.	1
I hated the dirty steak here.	0
Worst burger I've had in a long time, truly terrible.	0
What a rude place, the bread fell far short.	0
I loved the delightful waiter here.	1
The pasta was tasteless. The staff was underwhelming too.	0
We really regretted the dirty pizza tonight.	0
Would not recommend, the pasta was disappointing. The place was dirty too.	0
I loved the tasty service here.	1
Highly recommend, the food was flavorful. The steak was flavorful too.	1
Best coffee I've had in a long time, truly lovely. The place was cozy too.	1
The restaurant was tasty.	1
The coffee was fantastic. The service was delightful too.	1
We really regretted the tasteless staff tonight.	0
The place here is cozy and worth every penny. The pasta was tasty too.	1
Such a tasty experience with the steak. The bread was outstanding too.	1
The chef here is fantastic and worth every penny. The burger was fantastic too.	1
Would not recommend, the food was unfriendly.	0
Best menu I've had in a long time, truly charming.	1
The burger here is wonderful and worth every penny.	1
The waiter here is bland and not worth the money.	0
We really enjoyed the charming steak tonight. The food was flavorful too.	1
cold service and a poor atmosphere overall. The waitress was horrible too.	0
What a unfriendly place, the waiter fell far short.	0
Worst chef I've had in a long time, truly unfriendly. The menu was burnt too.	0
What a bad place, the staff fell far short. The chef was cold too.	0
We really regretted the greasy chef tonight.	0
What a wonderful place, the pizza exceeded expectations. The dessert was friendly too.	1
Worst waiter I've had in a long time, truly tasteless.	0
We really regretted the bland food tonight. The sushi was bad too.	0
Best waiter I've had in a long time, truly lovely.	1
I hated the soggy restaurant here.	0
Highly recommend, the place was outstanding.	1
We really enjoyed the charming pasta tonight.	1
What a fresh place, the waitress exceeded expectations. The waiter was flavorful too.	1
Worst ambience I've had in a long time, truly bland. The soup was mediocre too.	0
Worst waitress I've had in a long time, truly noisy.	0
I hated the rude pizza here.	0
I loved the flavorful soup here.	1
Would not recommend, the chef was tasteless. The chef was rude too.	0
I hated the horrible pasta here.	0
Worst salad I've had in a long time, truly horrible.	0
Such a great experience with the service.	1
Absolutely amazing soup, will come back again.	1
The chef here is burnt and not worth the money. The soup was bad too.	0
Worst menu I've had in a long time, truly disappointing. The pasta was mediocre too.	0
What a bland place, the dessert fell far short. The coffee was horrible too.	0
The restaurant was greasy. The bread was awful too.	0
Best food I've had in a long time, truly charming. The pasta was amazing too.	1
What a quick place, the pizza exceeded expectations. The steak was friendly too.	1
friendly ambience and a great atmosphere overall.	1
Absolutely flavorful waiter, will come back again. The ambience was superb too.	1
The waitress here is slow and not worth the money.	0
The restaurant was slow. The food was slow too.	0
Absolutely mediocre sushi, never coming back. The waitress was bad too.	0
What a quick place, the salad exceeded expectations. The coffee was quick too.	1
bad bread and a poor atmosphere overall. The waiter was mediocre too.	0
What a amazing place, the salad exceeded expectations.	1
The pizza here is cozy and worth every penny.	1
Worst bread I've had in a long time, truly noisy. The service was noisy too.	0
I hated the dirty sushi here.	0
Would not recommend, the staff was slow.	0
Highly recommend, the burger was generous. The salad was great too.	1
I hated the underwhelming pizza here.	0
The bread here is impressive and worth every penny.	1
The steak was burnt.	0
What a flavorful place, the coffee exceeded expectations.	1
The waitress here is superb and worth every penny. The service was delightful too.	1
The pasta here is noisy and not worth the money. The sushi was noisy too.	0
The waiter was impressive.	1
The pasta was delightful. The staff was wonderful too.	1
The coffee here is bland and not worth the money. The salad was stale too.	0
The burger was perfect.	1
What a rude place, the salad fell far short.	0
Absolutely superb chef, will come back again. The pizza was flavorful too.	1
The waiter was soggy. The staff was slow too.	0
We really regretted the slow salad tonight.	0
Such a friendly experience with the waitress.	1
What a tasty place, the waiter exceeded expectations.	1
The dessert here is delicious and worth every penny.	1
Absolutely delicious place, will come back again.	1
We really enjoyed the lovely sushi tonight.	1
overpriced bread and a poor atmosphere overall.	0
The ambience here is flavorful and worth every penny. The waitress was amazing too.	1
bad pasta and a poor atmosphere overall.	0
I hated the awful coffee here.	0
What a quick place, the dessert exceeded expectations.	1
The burger here is tasteless and not worth the money. The place was stale too.	0
We really regretted the horrible soup tonight.	0
Such a noisy experience with the pizza.	0
Would not recommend, the waiter was tasteless. The food was bland too.	0
I loved the quick food here.	1
Such a dirty experience with the chef.	0
The burger was tasty. The staff was delicious too.	1
What a tasty place, the salad exceeded expectations.	1
What a bland place, the place fell far short. The soup was rude too.	0
The place here is excellent and worth every penny. The staff was generous too.	1
Best burger I've had in a long time, truly quick. The staff was perfect too.	1
friendly service and a great atmosphere overall. The service was perfect too.	1
We really regretted the rude burger tonight. The menu was unfriendly too.	0
We really enjoyed the excellent ambience tonight. The bread was quick too.	1
I loved the delightful menu here.	1
The burger was fantastic. The soup was perfect too.	1
We really regretted the terrible chef tonight. The food was awful too.	0
Absolutely perfect ambience, will come back again.	1
The ambience was noisy.	0
underwhelming sushi and a poor atmosphere overall.	0
Such a burnt experience with the staff. The sushi was cold too.	0
Worst soup I've had in a long time, truly burnt. The pasta was horrible too.	0
Worst service I've had in a long time, truly bland.	0
We really regretted the bland steak tonight.	0
Absolutely tasty pasta, will come back again.	1
The ambience here is disappointing and not worth the money.	0
We really enjoyed the superb place tonight. The chef was tasty too.	1
Such a delicious experience with the restaurant. The soup was fresh too.	1
I hated the horrible sushi here.	0
Highly recommend, the pasta was flavorful.	1
The chef was amazing. The steak was delicious too.	1
Such a fantastic experience with the ambience.	1
Highly recommend, the coffee was generous. The soup was fresh too.	1
Absolutely awful staff, never coming back.	0
What a flavorful place, the food exceeded expectations. The restaurant was amazing too.	1
The waiter here is awful and not worth the money.	0
What a generous place, the place exceeded expectations. The soup was great too.	1
We really enjoyed the fantastic place tonight.	1
I hated the overpriced salad here.	0
outstanding waitress and a great atmosphere overall. The soup was charming too.	1
Such a outstanding experience with the restaurant.	1
Best soup I've had in a long time, truly excellent. The burger was wonderful too.	1
Worst waitress I've had in a long time, truly rude.	0
What a fresh place, the chef exceeded expectations. The place was delightful too.	1
The ambience was rude.	0
The staff was amazing. The staff was impressive too.	1
We really regretted the mediocre pasta tonight.	0
The menu here is slow and not worth the money.	0
Absolutely fresh waitress, will come back again.	1
Absolutely delightful service, will come back again.	1
The salad here is bland and not worth the money. The food was burnt too.	0
I hated the disappointing pizza here.	0
Best place I've had in a long time, truly delightful.	1
Such a soggy experience with the bread.	0
The menu was perfect. The restaurant was flavorful too.	1
Absolutely excellent sushi, will come back again.	1
Best service I've had in a long time, truly delicious. The waitress was perfect too.	1
We really enjoyed the delightful steak tonight. The service was charming too.	1
The waiter was rude.	0
Such a great experience with the place.	1
Worst soup I've had in a long time, truly noisy.	0
I loved the fresh steak here. The place was fresh too.	1
disappointing waitress and a poor atmosphere overall.	0
What a flavorful place, the staff exceeded expectations.	1
Such a slow experience with the waitress.	0
rude chef and a poor atmosphere overall. The chef was disappointing too.	0
Such a perfect experience with the dessert. The service was impressive too.	1
Absolutely perfect service, will come back again. The chef was generous too.	1
Best waitress I've had in a long time, truly excellent. The pasta was delightful too.	1
Absolutely delightful waiter, will come back again.	1
I hated the overpriced bread here.	0
Such a flavorful experience with the coffee.	1
The chef was stale.	0
Worst pizza I've had in a long time, truly overpriced.	0
Absolutely impressive pizza, will come back again.	1
The food was mediocre. The sushi was soggy too.	0
Would not recommend, the service was mediocre. The place was bad too.	0
I hated the overpriced sushi here.	0
Such a mediocre experience with the food. The pasta was overpriced too.	0
We really enjoyed the amazing staff tonight.	1
What a generous place, the waiter exceeded expectations.	1
We really enjoyed the generous food tonight.	1
Best ambience I've had in a long time, truly excellent.	1
bland food and a poor atmosphere overall.	0
The steak was soggy. The burger was unfriendly too.	0
Such a impressive experience with the bread.	1
Best staff I've had in a long time, truly delightful.	1
Best service I've had in a long time, truly cozy.	1
Worst place I've had in a long time, truly horrible.	0
Best service I've had in a long time, truly superb. The bread was great too.	1
Absolutely tasty bread, will come back again.	1
I loved the charming pizza here.	1
Such a disappointing experience with the soup. The burger was soggy too.	0
The waitress was stale. The dessert was bad too.	0
Would not recommend, the sushi was soggy.	0
Would not recommend, the sushi was burnt.	0
Worst chef I've had in a long time, truly unfriendly.	0
We really regretted the disappointing staff tonight. The ambience was rude too.	0
I hated the bland pasta here. The place was slow too.	0
Such a slow experience with the sushi.	0
lovely food and a great atmosphere overall.	1
We really enjoyed the wonderful bread tonight. The chef was amazing too.	1
I hated the disappointing pasta here. The pizza was soggy too.	0
What a mediocre place, the steak fell far short. The steak was underwhelming too.	0
Highly recommend, the soup was cozy.	1
Absolutely noisy pasta, never coming back.	0
The pasta here is rude and not worth the money. The dessert was greasy too.	0
Worst service I've had in a long time, truly slow. The waiter was unfriendly too.	0
The waiter here is charming and worth every penny. The waiter was wonderful too.	1
I loved the fresh waiter here. The steak was impressive too.	1
The restaurant here is generous and worth every penny. The menu was charming too.	1
Best service I've had in a long time, truly outstanding. The chef was charming too.	1
The waiter here is charming and worth every penny. The food was friendly too.	1
We really regretted the slow sushi tonight.	0
Highly recommend, the restaurant was amazing.	1
We really regretted the greasy steak tonight.	0
What a slow place, the soup fell far short.	0
I loved the outstanding chef here.	1
Highly recommend, the service was wonderful. The food was friendly too.	1
We really regretted the overpriced salad tonight. The steak was awful too.	0
What a disappointing place, the salad fell far short.	0
The burger was disappointing. The chef was bland too.	0
Such a friendly experience with the coffee.	1
Highly recommend, the salad was delightful.	1
Absolutely friendly dessert, will come back again.	1
superb waitress and a great atmosphere overall. The pasta was superb too.	1
We really enjoyed the lovely dessert tonight.	1
We really regretted the disappointing staff tonight.	0
The waitress here is generous and worth every penny. The waitress was quick too.	1
What a noisy place, the restaurant fell far short. The menu was greasy too.	0
Worst sushi I've had in a long time, truly soggy. The soup was horrible too.	0
terrible staff and a poor atmosphere overall.	0
Absolutely quick burger, will come back again.	1
Such a wonderful experience with the soup. The ambience was lovely too.	1
The bread was flavorful.	1
The pasta here is noisy and not worth the money.	0
The chef was overpriced.	0
The restaurant here is stale and not worth the money.	0
The sushi here is cold and not worth the money.	0
The sushi was overpriced. The burger was underwhelming too.	0
Worst staff I've had in a long time, truly unfriendly.	0
The soup here is quick and worth every penny.	1
Best sushi I've had in a long time, truly fantastic.	1
The soup here is amazing and worth every penny. The service was wonderful too.	1
Absolutely generous steak, will come back again. The service was perfect too.	1
Worst dessert I've had in a long time, truly mediocre. The pasta was soggy too.	0
Such a soggy experience with the staff.	0
What a fantastic place, the waiter exceeded expectations.	1
Worst bread I've had in a long time, truly tasteless.	0
Best pasta I've had in a long time, truly perfect. The soup was superb too.	1
Absolutely amazing restaurant, will come back again.	1
flavorful dessert and a great atmosphere overall. The waiter was fantastic too.	1
Would not recommend, the menu was slow. The menu was burnt too.	0
Highly recommend, the salad was cozy.	1
We really enjoyed the quick place tonight.	1
The place was wonderful.	1
Absolutely dirty pasta, never coming back.	0
Worst salad I've had in a long time, truly soggy. The pasta was terrible too.	0
Absolutely fresh place, will come back again.	1
The restaurant here is overpriced and not worth the money. The restaurant was bland too.	0
I hated the cold waitress here. The sushi was mediocre too.	0
I hated the disappointing service here. The coffee was noisy too.	0
I hated the underwhelming service here.	0
The service here is bland and not worth the money.	0
What a cold place, the place fell far short. The menu was rude too.	0
I hated the terrible dessert here. The burger was noisy too.	0
Absolutely dirty dessert, never coming back.	0
Would not recommend, the salad was overpriced.	0
The place was noisy.	0
Absolutely lovely menu, will come back again.	1
I loved the amazing bread here.	1
Worst coffee I've had in a long time, truly underwhelming.	0
I loved the generous waiter here. The dessert was friendly too.	1
Highly recommend, the waitress was tasty. The place was outstanding too.	1
I hated the bad place here.	0
The sushi here is dirty and not worth the money.	0
Worst service I've had in a long time, truly bland.	0
We really enjoyed the lovely ambience tonight.	1
Such a generous experience with the pasta.	1
Such a mediocre experience with the pasta.	0
Absolutely dirty sushi, never coming back. The sushi was cold too.	0
Would not recommend, the ambience was bad.	0
Absolutely fantastic staff, will come back again. The soup was fantastic too.	1
Best waiter I've had in a long time, truly great.	1
What a tasty place, the steak exceeded expectations.	1
Such a fantastic experience with the ambience.	1
What a stale place, the sushi fell far short.	0
We really regretted the dirty ambience tonight.	0
Would not recommend, the ambience was underwhelming. The chef was cold too.	0
We really regretted the stale place tonight.	0
I loved the amazing restaurant here.	1
The staff was flavorful.	1
Worst ambience I've had in a long time, truly unfriendly. The salad was unfriendly too.	0
Would not recommend, the place was bland.	0
The chef here is tasty and worth every penny.	1
The sushi here is soggy and not worth the money.	0
The bread was charming.	1
I hated the mediocre service here. The steak was horrible too.	0
The chef was bad. The bread was greasy too.	0
underwhelming waiter and a poor atmosphere overall. The ambience was underwhelming too.	0
We really regretted the noisy place tonight.	0
We really regretted the noisy bread tonight.	0
The waiter was soggy. The sushi was noisy too.	0
Worst ambience I've had in a long time, truly unfriendly.	0
The pasta was outstanding. The service was wonderful too.	1
What a superb place, the dessert exceeded expectations. The steak was friendly too.	1
Best place I've had in a long time, truly quick.	1
The waitress was superb.	1
The pizza here is fresh and worth every penny.	1
I hated the greasy staff here. The food was burnt too.	0
We really regretted the awful steak tonight.	0
Highly recommend, the waitress was impressive.	1
We really regretted the terrible burger tonight.	0
What a friendly place, the steak exceeded expectations. The soup was fantastic too.	1
Such a fantastic experience with the sushi. The coffee was outstanding too.	1
The waiter here is unfriendly and not worth the money. The waitress was disappointing too.	0
Would not recommend, the sushi was bland. The burger was awful too.	0
noisy pasta and a poor atmosphere overall.	0
What a great place, the salad exceeded expectations. The steak was perfect too.	1
Would not recommend, the staff was noisy.	0
I loved the superb menu here.	1
The pasta here is cozy and worth every penny.	1
Such a outstanding experience with the bread.	1
Would not recommend, the burger was unfriendly.	0
The bread was rude.	0
What a excellent place, the coffee exceeded expectations.	1
Would not recommend, the chef was stale.	0
The waitress was noisy.	0
Absolutely bad dessert, never coming back. The pasta was mediocre too.	0
I loved the outstanding waitress here.	1
The waitress here is perfect and worth every penny.	1
Such a unfriendly experience with the burger.	0
Such a wonderful experience with the place. The pasta was generous too.	1
burnt sushi and a poor atmosphere overall.	0
Absolutely disappointing service, never coming back. The food was stale too.	0
Absolutely burnt burger, never coming back.	0
The service was underwhelming. The staff was tasteless too.	0
I loved the lovely salad here.	1
I loved the superb waitress here. The restaurant was fresh too.	1
Highly recommend, the place was impressive.	1
Would not recommend, the coffee was noisy. The staff was overpriced too.	0
Worst salad I've had in a long time, truly cold. The soup was horrible too.	0
Such a mediocre experience with the pizza. The waiter was disappointing too.	0
generous burger and a great atmosphere overall. The soup was delicious too.	1
Worst sushi I've had in a long time, truly burnt.	0
Highly recommend, the place was outstanding.	1
Absolutely perfect pizza, will come back again. The dessert was lovely too.	1
The food was delightful.	1
The service here is fresh and worth every penny.	1
I loved the superb pasta here.	1
generous pizza and a great atmosphere overall. The ambience was perfect too.	1
Such a bland experience with the pasta. The waiter was bad too.	0
The steak was mediocre. The staff was underwhelming too.	0
Best sushi I've had in a long time, truly quick.	1
The place here is excellent and worth every penny.	1
What a mediocre place, the dessert fell far short.	0
We really enjoyed the outstanding bread tonight.	1
We really enjoyed the excellent service tonight.	1
terrible restaurant and a poor atmosphere overall. The pasta was tasteless too.	0
I loved the great soup here. The coffee was wonderful too.	1
Best salad I've had in a long time, truly quick.	1
Absolutely perfect restaurant, will come back again.	1
Such a greasy experience with the steak. The dessert was rude too.	0
What a horrible place, the ambience fell far short. The food was burnt too.	0
I hated the overpriced salad here.	0
Absolutely perfect menu, will come back again. The salad was quick too.	1
Absolutely perfect salad, will come back again. The dessert was excellent too.	1
The soup was cold.	0
We really enjoyed the generous waitress tonight. The menu was tasty too.	1
We really enjoyed the lovely burger tonight. The waitress was tasty too.	1
The salad here is tasty and worth every penny.	1
Absolutely quick menu, will come back again.	1
The restaurant here is amazing and worth every penny.	1
We really regretted the unfriendly pizza tonight.	0
We really enjoyed the impressive dessert tonight. The sushi was wonderful too.	1
Such a horrible experience with the steak.	0
The waitress here is delightful and worth every penny. The bread was delicious too.	1
Such a tasteless experience with the service.	0
What a delightful place, the dessert exceeded expectations.	1
The service here is terrible and not worth the money.	0
lovely ambience and a great atmosphere overall.	1
The restaurant was burnt.	0
Highly recommend, the burger was excellent.	1
Absolutely bad steak, never coming back. The coffee was mediocre too.	0
I loved the perfect restaurant here. The restaurant was flavorful too.	1
dirty burger and a poor atmosphere overall. The burger was unfriendly too.	0
Worst burger I've had in a long time, truly soggy.	0
We really enjoyed the outstanding waiter tonight.	1
We really enjoyed the charming restaurant tonight. The restaurant was delicious too.	1
The pizza was rude.	0
generous waiter and a great atmosphere overall. The sushi was delicious too.	1
Would not recommend, the chef was dirty.	0
Absolutely cold sushi, never coming back. The staff was disappointing too.	0
Absolutely rude pasta, never coming back.	0
What a impressive place, the burger exceeded expectations. The food was cozy too.	1
rude soup and a poor atmosphere overall.	0
I hated the underwhelming pizza here.	0
I loved the lovely food here. The soup was fantastic too.	1
The steak was wonderful. The sushi was generous too.	1
The burger was delightful. The service was delightful too.	1
What a outstanding place, the chef exceeded expectations. The service was lovely too.	1
I hated the awful steak here.	0
I hated the horrible salad here. The waiter was overpriced too.	0
The ambience was bland.	0
horrible waiter and a poor atmosphere overall. The restaurant was cold too.	0
flavorful pasta and a great atmosphere overall.	1
Absolutely unfriendly pasta, never coming back. The place was dirty too.	0
We really regretted the disappointing coffee tonight.	0
The ambience here is flavorful and worth every penny.	1
bland waitress and a poor atmosphere overall.	0
rude salad and a poor atmosphere overall.	0
Would not recommend, the staff was awful. The chef was overpriced too.	0
Would not recommend, the restaurant was underwhelming.	0
The coffee here is bland and not worth the money.	0
The staff here is underwhelming and not worth the money. The restaurant was greasy too.	0
cozy pizza and a great atmosphere overall. The service was charming too.	1
Highly recommend, the staff was delicious. The waitress was quick too.	1
What a bad place, the place fell far short.	0
What a stale place, the dessert fell far short. The coffee was terrible too.	0
Absolutely generous place, will come back again.	1
I hated the awful ambience here.	0
What a tasteless place, the pasta fell far short.	0
The chef here is unfriendly and not worth the money. The waiter was disappointing too.	0
What a great place, the waiter exceeded expectations. The place was quick too.	1
The bread was terrible. The food was rude too.	0
generous sushi and a great atmosphere overall.	1
The salad here is underwhelming and not worth the money.	0
superb salad and a great atmosphere overall.	1
Absolutely wonderful staff, will come back again. The place was amazing too.	1
Such a terrible experience with the menu.	0
fresh restaurant and a great atmosphere overall.	1
I hated the disappointing bread here. The chef was slow too.	0
The sushi was quick. The restaurant was generous too.	1
The sushi was underwhelming.	0
Such a overpriced experience with the soup. The ambience was awful too.	0
I loved the amazing steak here.	1
We really regretted the mediocre waitress tonight.	0
The salad here is burnt and not worth the money. The ambience was underwhelming too.	0
What a impressive place, the coffee exceeded expectations.	1
The sushi was overpriced.	0
Worst waitress I've had in a long time, truly noisy.	0
We really enjoyed the quick burger tonight. The salad was superb too.	1
The chef was quick. The menu was flavorful too.	1
Such a bad experience with the dessert.	0
What a tasteless place, the soup fell far short.	0
The chef here is wonderful and worth every penny.	1
Best ambience I've had in a long time, truly quick.	1
Such a unfriendly experience with the waiter. The staff was underwhelming too.	0
Such a excellent experience with the restaurant. The sushi was fantastic too.	1
The waitress here is underwhelming and not worth the money. The bread was awful too.	0
The food here is dirty and not worth the money. The waiter was rude too.	0
I hated the awful coffee here. The place was unfriendly too.	0
Would not recommend, the pizza was cold. The burger was tasteless too.	0
Would not recommend, the dessert was awful. The restaurant was soggy too.	0
The salad was fantastic.	1
I loved the generous chef here.	1
I loved the delightful salad here.	1
I loved the cozy service here. The place was tasty too.	1
The dessert here is rude and not worth the money.	0
I hated the underwhelming coffee here. The dessert was tasteless too.	0
Such a cold experience with the restaurant.	0
Such a terrible experience with the waitress.	0
The sushi here is outstanding and worth every penny.	1
Worst staff I've had in a long time, truly stale.	0
Such a dirty experience with the waitress. The coffee was mediocre too.	0
wonderful pizza and a great atmosphere overall.	1
Highly recommend, the waitress was generous.	1
We really enjoyed the amazing dessert tonight. The food was cozy too.	1
Best staff I've had in a long time, truly great. The waiter was quick too.	1
The service was horrible.	0
The restaurant was noisy.	0
lovely coffee and a great atmosphere overall.	1
Worst bread I've had in a long time, truly greasy.	0
Would not recommend, the food was stale.	0
We really regretted the horrible restaurant tonight.	0
What a delightful place, the bread exceeded expectations.	1
Such a horrible experience with the dessert.	0
Highly recommend, the staff was delicious. The restaurant was cozy too.	1
Such a greasy experience with the bread. The bread was greasy too.	0
Absolutely tasteless coffee, never coming back. The bread was noisy too.	0
The burger here is overpriced and not worth the money.	0
The coffee was fantastic.	1
Worst burger I've had in a long time, truly soggy. The place was bad too.	0
The pasta was impressive.	1
What a impressive place, the pizza exceeded expectations.	1
Such a delightful experience with the bread. The pasta was impressive too.	1
Would not recommend, the restaurant was horrible.	0
Would not recommend, the place was tasteless.	0
I hated the bad dessert here. The waitress was mediocre too.	0
The staff was bland.	0
Such a flavorful experience with the restaurant.	1
cozy dessert and a great atmosphere overall.	1
The coffee here is friendly and worth every penny.	1
We really regretted the bad waitress tonight.	0
Absolutely excellent waitress, will come back again.	1
Absolutely bad sushi, never coming back.	0
I loved the cozy coffee here.	1
The chef was underwhelming.	0
I hated the dirty bread here.	0
I loved the fantastic waitress here. The pasta was delicious too.	1
I loved the wonderful coffee here. The dessert was lovely too.	1
The pasta was flavorful.	1
impressive restaurant and a great atmosphere overall. The pasta was lovely too.	1
We really regretted the rude menu tonight. The bread was dirty too.	0
delicious staff and a great atmosphere overall.	1
We really enjoyed the impressive pasta tonight.	1
What a flavorful place, the ambience exceeded expectations. The restaurant was cozy too.	1
We really regretted the bad chef tonight. The steak was bland too.	0
unfriendly salad and a poor atmosphere overall. The ambience was tasteless too.	0
We really enjoyed the delicious bread tonight.	1
The staff was rude.	0
I loved the charming pasta here.	1
What a disappointing place, the staff fell far short.	0
Would not recommend, the service was noisy. The sushi was soggy too.	0
Would not recommend, the food was cold. The food was stale too.	0
What a overpriced place, the menu fell far short.	0
Best bread I've had in a long time, truly delightful.	1
The service was flavorful. The waiter was quick too.	1
Best food I've had in a long time, truly cozy. The staff was fantastic too.	1
Absolutely burnt place, never coming back. The waiter was stale too.	0
The staff here is wonderful and worth every penny.	1
What a delicious place, the waiter exceeded expectations.	1
The waiter was amazing. The place was outstanding too.	1
Worst restaurant I've had in a long time, truly mediocre. The place was awful too.	0
What a overpriced place, the menu fell far short.	0
Would not recommend, the sushi was soggy. The place was stale too.	0
We really enjoyed the outstanding service tonight.	1
The staff was flavorful.	1
The pizza here is amazing and worth every penny.	1
Such a cold experience with the soup.	0
What a greasy place, the restaurant fell far short.	0
Such a cozy experience with the staff.	1
Would not recommend, the restaurant was dirty.	0
burnt pizza and a poor atmosphere overall.	0
The bread was bad. The chef was unfriendly too.	0
The pasta was rude. The sushi was stale too.	0
perfect salad and a great atmosphere overall.	1
Would not recommend, the menu was noisy. The waiter was burnt too.	0
The soup here is bland and not worth the money. The place was slow too.	0
stale bread and a poor atmosphere overall. The coffee was tasteless too.	0
We really regretted the stale steak tonight. The steak was tasteless too.	0
What a generous place, the menu exceeded expectations. The restaurant was amazing too.	1
The salad was flavorful.	1
Would not recommend, the waiter was mediocre.	0
Would not recommend, the sushi was horrible. The staff was burnt too.	0
I hated the bad food here. The ambience was unfriendly too.	0
Absolutely horrible dessert, never coming back.	0
We really regretted the cold food tonight. The menu was bad too.	0
The food was overpriced.	0
I loved the tasty dessert here.	1
Such a overpriced experience with the pasta.	0
The dessert here is delicious and worth every penny.	1
The salad was tasty. The ambience was fantastic too.	1
Would not recommend, the burger was noisy.	0
What a tasty place, the bread exceeded expectations.	1
Absolutely impressive salad, will come back again. The restaurant was great too.	1
What a perfect place, the restaurant exceeded expectations.	1
Such a perfect experience with the coffee.	1
What a charming place, the food exceeded expectations. The bread was generous too.	1
The food was quick.	1
mediocre steak and a poor atmosphere overall. The coffee was bad too.	0
Highly recommend, the sushi was superb.	1
The pizza here is delicious and worth every penny.	1
Best bread I've had in a long time, truly generous. The menu was outstanding too.	1
The staff was noisy.	0
I loved the quick pizza here.	1
Worst menu I've had in a long time, truly rude. The place was terrible too.	0
The sushi was quick.	1
Such a stale experience with the steak. The pizza was tasteless too.	0
Would not recommend, the service was tasteless.	0
What a delightful place, the staff exceeded expectations.	1
What a generous place, the place exceeded expectations. The service was delicious too.	1
I hated the tasteless ambience here.	0
The service was generous. The waitress was great too.	1
Would not recommend, the place was awful. The ambience was horrible too.	0
unfriendly place and a poor atmosphere overall. The salad was unfriendly too.	0
bad food and a poor atmosphere overall.	0
What a unfriendly place, the waitress fell far short. The food was bad too.	0
What a tasteless place, the coffee fell far short. The place was terrible too.	0
What a great place, the salad exceeded expectations.	1
Absolutely noisy menu, never coming back.	0
dirty burger and a poor atmosphere overall.	0
Absolutely generous salad, will come back again. The service was delicious too.	1
What a greasy place, the restaurant fell far short.	0
What a lovely place, the dessert exceeded expectations.	1
We really enjoyed the wonderful restaurant tonight. The steak was lovely too.	1
Highly recommend, the dessert was amazing.	1
Such a awful experience with the restaurant.	0
awful bread and a poor atmosphere overall. The menu was disappointing too.	0
Such a tasteless experience with the staff.	0
Best chef I've had in a long time, truly delightful.	1
What a tasteless place, the soup fell far short. The steak was rude too.	0
The place was generous.	1
Such a overpriced experience with the food.	0
We really enjoyed the fresh menu tonight.	1
Such a horrible experience with the steak.	0
The food was dirty. The food was burnt too.	0
The place here is slow and not worth the money.	0
The soup was superb.	1
The menu here is tasty and worth every penny. The burger was excellent too.	1
Such a burnt experience with the steak. The food was rude too.	0
The burger was cold.	0
I loved the friendly restaurant here. The menu was lovely too.	1
Best chef I've had in a long time, truly fresh.	1
What a cozy place, the waiter exceeded expectations.	1
Absolutely cold staff, never coming back.	0
Such a tasty experience with the restaurant.	1
What a tasteless place, the dessert fell far short.	0
What a delicious place, the pizza exceeded expectations.	1
Absolutely greasy bread, never coming back. The service was stale too.	0
What a cozy place, the restaurant exceeded expectations.	1
We really enjoyed the great menu tonight.	1
Absolutely great salad, will come back again.	1
We really enjoyed the superb coffee tonight.	1
Best waiter I've had in a long time, truly outstanding.	1
We really regretted the underwhelming sushi tonight. The ambience was noisy too.	0
Such a tasty experience with the service.	1
fresh chef and a great atmosphere overall. The waitress was friendly too.	1
Best soup I've had in a long time, truly excellent. The staff was wonderful too.	1
We really regretted the greasy staff tonight.	0
The pizza was impressive.	1
tasteless salad and a poor atmosphere overall.	0
Best waitress I've had in a long time, truly quick.	1
perfect steak and a great atmosphere overall. The chef was fresh too.	1
Worst burger I've had in a long time, truly bland.	0
Highly recommend, the pasta was cozy.	1
Such a stale experience with the staff. The staff was dirty too.	0
Such a burnt experience with the service. The steak was stale too.	0
Such a perfect experience with the pasta.	1
The restaurant here is burnt and not worth the money. The pasta was greasy too.	0
friendly dessert and a great atmosphere overall.	1
Highly recommend, the food was flavorful.	1
Such a horrible experience with the restaurant. The menu was underwhelming too.	0
What a soggy place, the pizza fell far short.	0
Worst chef I've had in a long time, truly bad.	0
disappointing steak and a poor atmosphere overall.	0
We really enjoyed the tasty waitress tonight.	1
Best bread I've had in a long time, truly amazing. The restaurant was lovely too.	1
Worst food I've had in a long time, truly underwhelming. The waitress was mediocre too.	0
The ambience here is charming and worth every penny. The food was impressive too.	1
Absolutely wonderful service, will come back again.	1
What a impressive place, the steak exceeded expectations.	1
friendly soup and a great atmosphere overall. The ambience was great too.	1
Such a horrible experience with the bread.	0
We really regretted the noisy steak tonight.	0
Absolutely great pasta, will come back again. The bread was excellent too.	1
We really regretted the unfriendly service tonight. The menu was bland too.	0
Such a greasy experience with the ambience. The coffee was bland too.	0
Worst chef I've had in a long time, truly awful.	0
outstanding waiter and a great atmosphere overall. The place was wonderful too.	1
We really enjoyed the quick bread tonight.	1
Absolutely tasty ambience, will come back again.	1
We really regretted the mediocre pasta tonight. The soup was greasy too.	0
Highly recommend, the soup was tasty.	1
Such a perfect experience with the chef. The restaurant was generous too.	1
What a horrible place, the staff fell far short.	0
What a outstanding place, the coffee exceeded expectations.	1
What a generous place, the chef exceeded expectations. The staff was lovely too.	1
The chef here is dirty and not worth the money. The waiter was mediocre too.	0
What a rude place, the pizza fell far short.	0
Absolutely horrible chef, never coming back.	0
The place was friendly. The waiter was perfect too.	1
I loved the lovely bread here.	1
flavorful menu and a great atmosphere overall.	1
Worst bread I've had in a long time, truly cold. The place was soggy too.	0
We really regretted the mediocre steak tonight. The menu was soggy too.	0
The service was generous. The chef was friendly too.	1
Such a friendly experience with the steak. The food was perfect too.	1
Worst place I've had in a long time, truly slow.	0
We really regretted the underwhelming chef tonight. The bread was overpriced too.	0
We really regretted the slow chef tonight.	0
The waiter was rude.	0
I loved the lovely waiter here.	1
I hated the rude ambience here.	0
Absolutely perfect food, will come back again.	1
The waiter was tasty.	1
We really enjoyed the tasty bread tonight.	1
cold coffee and a poor atmosphere overall.	0
What a awful place, the chef fell far short. The ambience was disappointing too.	0
Such a dirty experience with the pizza. The food was mediocre too.	0
Worst food I've had in a long time, truly terrible.	0
I loved the fresh staff here.	1
The waiter was rude.	0
Worst place I've had in a long time, truly tasteless.	0
Such a delightful experience with the menu.	1
I hated the mediocre ambience here. The place was dirty too.	0
The steak was excellent.	1
amazing steak and a great atmosphere overall. The pizza was great too.	1
Best burger I've had in a long time, truly delightful. The menu was quick too.	1
We really enjoyed the delightful pasta tonight.	1
What a charming place, the place exceeded expectations. The place was delightful too.	1
Absolutely friendly steak, will come back again. The steak was flavorful too.	1
The staff was outstanding.	1
generous soup and a great atmosphere overall.	1
What a soggy place, the pizza fell far short.	0
The food was overpriced.	0
Such a greasy experience with the place.	0
I hated the unfriendly pizza here. The dessert was underwhelming too.	0
Absolutely tasty pasta, will come back again. The service was fresh too.	1
Worst salad I've had in a long time, truly bad. The steak was awful too.	0
The coffee here is quick and worth every penny.	1
Worst pizza I've had in a long time, truly tasteless. The bread was awful too.	0
What a overpriced place, the pizza fell far short.	0
Absolutely tasteless coffee, never coming back.	0
We really enjoyed the great food tonight. The menu was delicious too.	1
Absolutely disappointing restaurant, never coming back. The soup was burnt too.	0
Highly recommend, the menu was fresh. The chef was lovely too.	1
Such a tasty experience with the waiter.	1
The salad here is overpriced and not worth the money. The chef was disappointing too.	0
I hated the underwhelming burger here.	0
horrible dessert and a poor atmosphere overall. The chef was mediocre too.	0
delightful coffee and a great atmosphere overall.	1
terrible sushi and a poor atmosphere overall.	0
What a lovely place, the staff exceeded expectations.	1
The bread here is excellent and worth every penny. The pasta was generous too.	1
Would not recommend, the pasta was horrible.	0
Absolutely tasteless staff, never coming back.	0
Such a wonderful experience with the menu. The coffee was superb too.	1
friendly sushi and a great atmosphere overall.	1
We really enjoyed the friendly dessert tonight. The soup was great too.	1
I hated the awful waitress here. The soup was rude too.	0
The menu here is quick and worth every penny.	1
We really regretted the soggy dessert tonight.	0
delicious dessert and a great atmosphere overall.	1
We really enjoyed the fresh pizza tonight. The dessert was amazing too.	1
What a stale place, the restaurant fell far short.	0
Such a perfect experience with the restaurant.	1
I hated the terrible waiter here.	0
What a horrible place, the ambience fell far short.	0
Such a cozy experience with the staff.	1
The waiter here is mediocre and not worth the money.	0
burnt coffee and a poor atmosphere overall.	0
I loved the great waitress here.	1
The dessert here is slow and not worth the money.	0
The ambience was greasy.	0
I hated the terrible sushi here. The waitress was soggy too.	0
lovely waitress and a great atmosphere overall. The dessert was excellent too.	1
We really regretted the disappointing restaurant tonight. The place was bad too.	0
Absolutely tasty soup, will come back again. The waiter was tasty too.	1
We really enjoyed the quick burger tonight.	1
Absolutely cold salad, never coming back. The staff was horrible too.	0
I hated the stale place here. The soup was overpriced too.	0
I hated the underwhelming sushi here. The burger was terrible too.	0
I loved the delicious soup here. The food was friendly too.	1
The salad here is soggy and not worth the money.	0
What a tasteless place, the sushi fell far short.	0
Worst dessert I've had in a long time, truly tasteless.	0
horrible dessert and a poor atmosphere overall.	0
I hated the tasteless dessert here. The ambience was slow too.	0
I loved the delightful food here.	1
Best burger I've had in a long time, truly fresh.	1
soggy sushi and a poor atmosphere overall.	0
The food was tasteless.	0
We really regretted the tasteless service tonight. The sushi was horrible too.	0
Worst salad I've had in a long time, truly bland.	0
fantastic sushi and a great atmosphere overall. The menu was wonderful too.	1
Would not recommend, the coffee was noisy. The sushi was bland too.	0
We really enjoyed the charming pasta tonight. The chef was fantastic too.	1
Such a charming experience with the sushi. The waiter was great too.	1
The place was mediocre. The steak was horrible too.	0
The burger here is fresh and worth every penny.	1
Highly recommend, the place was wonderful.	1
Best sushi I've had in a long time, truly great.	1
I loved the delightful soup here.	1
Would not recommend, the ambience was horrible.	0
Such a overpriced experience with the waitress. The pasta was bland too.	0
Best place I've had in a long time, truly great.	1
What a cold place, the menu fell far short. The steak was horrible too.	0
The soup here is terrible and not worth the money. The bread was disappointing too.	0
Worst ambience I've had in a long time, truly mediocre.	0
What a soggy place, the restaurant fell far short.	0
The place was horrible.	0
Absolutely outstanding chef, will come back again.	1
We really regretted the overpriced pasta tonight.	0
The restaurant here is unfriendly and not worth the money. The service was unfriendly too.	0
Would not recommend, the steak was greasy.	0
What a stale place, the place fell far short.	0
The menu here is flavorful and worth every penny.	1
Best ambience I've had in a long time, truly delicious. The menu was fresh too.	1
We really enjoyed the excellent service tonight.	1
The pasta was excellent.	1
We really regretted the mediocre steak tonight.	0
I loved the friendly ambience here.	1
Such a greasy experience with the pasta.	0
I hated the horrible bread here. The soup was awful too.	0
Absolutely bad pasta, never coming back.	0
The chef here is underwhelming and not worth the money.	0
Such a disappointing experience with the menu.	0
What a superb place, the food exceeded expectations. The restaurant was friendly too.	1
The waitress was excellent. The sushi was excellent too.	1
Highly recommend, the service was fantastic.	1
Absolutely quick soup, will come back again.	1
The ambience was overpriced. The ambience was underwhelming too.	0
Absolutely delightful pasta, will come back again.	1
We really regretted the bland ambience tonight.	0
We really enjoyed the perfect ambience tonight. The place was fantastic too.	1
We really regretted the cold staff tonight.	0
The coffee was overpriced.	0
The soup here is flavorful and worth every penny.	1
Absolutely noisy place, never coming back. The waitress was greasy too.	0
I hated the slow soup here. The bread was rude too.	0
amazing ambience and a great atmosphere overall.	1
We really regretted the soggy bread tonight. The soup was burnt too.	0
I loved the tasty place here. The salad was excellent too.	1
We really enjoyed the charming food tonight.	1
Absolutely delicious place, will come back again.	1
Would not recommend, the waiter was bland. The service was bland too.	0
The place here is soggy and not worth the money. The bread was rude too.	0
Such a terrible experience with the waitress. The coffee was greasy too.	0
Absolutely generous bread, will come back again.	1
Worst steak I've had in a long time, truly soggy.	0
I loved the tasty coffee here.	1
The service was fresh. The pasta was tasty too.	1
Would not recommend, the restaurant was unfriendly. The dessert was stale too.	0
delightful restaurant and a great atmosphere overall. The burger was perfect too.	1
rude ambience and a poor atmosphere overall.	0
Absolutely mediocre burger, never coming back.	0
Such a stale experience with the staff.	0
What a soggy place, the soup fell far short. The restaurant was tasteless too.	0
The waitress was horrible.	0
The pizza here is great and worth every penny. The place was charming too.	1
Best waitress I've had in a long time, truly great.	1
The dessert here is outstanding and worth every penny. The pizza was perfect too.	1
cold food and a poor atmosphere overall.	0
I hated the horrible pizza here.	0
Would not recommend, the place was rude.	0
We really enjoyed the impressive pasta tonight. The dessert was impressive too.	1
The pasta here is burnt and not worth the money.	0
Best service I've had in a long time, truly excellent.	1
Best ambience I've had in a long time, truly excellent.	1
What a burnt place, the bread fell far short.	0
What a underwhelming place, the ambience fell far short. The food was soggy too.	0
Absolutely wonderful restaurant, will come back again. The burger was delicious too.	1
What a overpriced place, the dessert fell far short.	0
We really enjoyed the excellent chef tonight.	1
The chef here is soggy and not worth the money. The waitress was soggy too.	0
I hated the greasy pizza here.	0
I loved the outstanding waitress here.	1
I hated the overpriced staff here. The service was bland too.	0
We really enjoyed the charming pasta tonight.	1
Would not recommend, the food was mediocre.	0
We really enjoyed the flavorful restaurant tonight.	1
fantastic bread and a great atmosphere overall. The menu was amazing too.	1
Worst waitress I've had in a long time, truly burnt. The coffee was unfriendly too.	0
We really enjoyed the delightful service tonight.	1
Absolutely overpriced coffee, never coming back. The restaurant was soggy too.	0
awful dessert and a poor atmosphere overall.	0
I hated the dirty waiter here. The pizza was burnt too.	0
The place here is lovely and worth every penny.	1
The burger was tasty.	1
Such a horrible experience with the soup.	0
We really regretted the awful coffee tonight.	0
Best sushi I've had in a long time, truly delicious. The chef was outstanding too.	1
I hated the dirty pasta here. The waiter was horrible too.	0
I hated the terrible dessert here.	0
Highly recommend, the menu was great.	1
I hated the mediocre restaurant here.	0
The food here is wonderful and worth every penny. The ambience was superb too.	1
dirty pasta and a poor atmosphere overall.	0
I loved the perfect bread here.	1
Absolutely rude chef, never coming back. The waitress was terrible too.	0
I hated the disappointing dessert here. The service was slow too.	0
Best ambience I've had in a long time, truly quick.	1
We really regretted the disappointing waiter tonight.	0
fantastic burger and a great atmosphere overall.	1
Worst sushi I've had in a long time, truly slow.	0
cozy ambience and a great atmosphere overall. The place was amazing too.	1
Best restaurant I've had in a long time, truly wonderful.	1
Best pizza I've had in a long time, truly delicious.	1
amazing salad and a great atmosphere overall.	1
I hated the underwhelming pasta here.	0
Absolutely unfriendly pizza, never coming back.	0
The waiter here is fresh and worth every penny.	1
fresh burger and a great atmosphere overall. The place was cozy too.	1
Such a excellent experience with the salad.	1
Such a slow experience with the soup. The ambience was awful too.	0
Absolutely disappointing burger, never coming back.	0
I hated the disappointing salad here.	0
Would not recommend, the ambience was mediocre. The pizza was overpriced too.	0
We really enjoyed the quick steak tonight. The waitress was delicious too.	1
The pasta here is fantastic and worth every penny. The dessert was quick too.	1
The pizza was outstanding. The food was delicious too.	1
The steak here is disappointing and not worth the money.	0
cold salad and a poor atmosphere overall. The sushi was dirty too.	0
I hated the greasy steak here. The food was burnt too.	0
Best restaurant I've had in a long time, truly outstanding.	1
Highly recommend, the dessert was impressive.	1
Such a stale experience with the pizza.	0
Absolutely fantastic staff, will come back again.	1
The salad was cold.	0
We really regretted the disappointing menu tonight.	0
What a charming place, the staff exceeded expectations. The sushi was tasty too.	1
The bread was slow. The waitress was burnt too.	0
Best burger I've had in a long time, truly charming.	1
cold chef and a poor atmosphere overall. The waitress was soggy too.	0
Absolutely amazing coffee, will come back again.	1
The restaurant was lovely.	1
tasty service and a great atmosphere overall.	1
I hated the soggy bread here. The coffee was horrible too.	0
horrible bread and a poor atmosphere overall.	0
The menu was excellent. The menu was impressive too.	1
We really enjoyed the cozy food tonight.	1
The coffee here is stale and not worth the money.	0
Would not recommend, the pasta was stale. The pizza was awful too.	0
The bread here is overpriced and not worth the money. The restaurant was stale too.	0
The restaurant was perfect.	1
Would not recommend, the pizza was disappointing. The dessert was unfriendly too.	0
I hated the tasteless dessert here.	0
Absolutely perfect bread, will come back again.	1
Worst salad I've had in a long time, truly greasy.	0
Such a dirty experience with the food.	0
The burger here is rude and not worth the money.	0
I loved the impressive bread here.	1
What a perfect place, the ambience exceeded expectations.	1
Best chef I've had in a long time, truly fresh. The soup was friendly too.	1
Such a generous experience with the restaurant.	1
Absolutely superb waitress, will come back again.	1
Absolutely flavorful staff, will come back again.	1
What a tasty place, the waiter exceeded expectations.	1
The waiter was greasy. The waiter was horrible too.	0
I hated the disappointing salad here. The waitress was overpriced too.	0
I loved the friendly chef here.	1
What a terrible place, the restaurant fell far short. The ambience was terrible too.	0
The place was terrible. The staff was stale too.	0
The restaurant was delightful.	1
Would not recommend, the food was cold.	0
Such a bland experience with the steak. The soup was bad too.	0
Worst waiter I've had in a long time, truly greasy.	0
Would not recommend, the pizza was awful.	0
The bread was cold.	0
The place here is charming and worth every penny. The waitress was wonderful too.	1
The food was fresh. The ambience was wonderful too.	1
Such a lovely experience with the dessert.	1
We really regretted the cold ambience tonight. The place was overpriced too.	0
Best place I've had in a long time, truly lovely. The steak was fantastic too.	1
The dessert was bland.	0
Would not recommend, the waiter was mediocre. The waiter was mediocre too.	0
What a greasy place, the restaurant fell far short.	0
The dessert here is cold and not worth the money.	0
I loved the perfect dessert here.	1
Best restaurant I've had in a long time, truly wonderful. The chef was flavorful too.	1
What a cold place, the staff fell far short.	0
I loved the wonderful burger here. The restaurant was excellent too.	1
Worst ambience I've had in a long time, truly dirty.	0
What a quick place, the sushi exceeded expectations.	1
Such a wonderful experience with the steak. The bread was flavorful too.	1
We really regretted the burnt bread tonight.	0
I loved the friendly pizza here.	1
What a soggy place, the waitress fell far short.	0
Such a great experience with the pizza. The menu was amazing too.	1
We really regretted the burnt dessert tonight.	0
Worst place I've had in a long time, truly awful. The restaurant was greasy too.	0
Highly recommend, the chef was wonderful.	1
Such a fresh experience with the waitress.	1
I hated the slow service here.	0
The restaurant was friendly.	1
The waitress was superb.	1
We really regretted the bland soup tonight.	0
Absolutely terrible waiter, never coming back. The staff was overpriced too.	0
What a amazing place, the staff exceeded expectations.	1
Absolutely slow waitress, never coming back.	0
The restaurant here is soggy and not worth the money.	0
The steak was bad. The restaurant was awful too.	0
Absolutely delightful service, will come back again.	1
friendly food and a great atmosphere overall.	1
The chef here is burnt and not worth the money.	0
Such a lovely experience with the coffee.	1
I hated the stale waiter here.	0
tasty restaurant and a great atmosphere overall.	1
Absolutely horrible pizza, never coming back.	0
I hated the unfriendly bread here.	0
Best chef I've had in a long time, truly flavorful.	1
Absolutely horrible ambience, never coming back. The dessert was mediocre too.	0
I loved the perfect menu here. The dessert was delightful too.	1
Such a amazing experience with the steak. The bread was fantastic too.	1
What a disappointing place, the staff fell far short. The pasta was disappointing too.	0
The bread was disappointing. The staff was noisy too.	0
What a delicious place, the soup exceeded expectations.	1
The sushi was awful. The pasta was terrible too.	0
greasy dessert and a poor atmosphere overall.	0
Worst steak I've had in a long time, truly horrible.	0
tasteless place and a poor atmosphere overall.	0
Would not recommend, the coffee was cold.	0
What a amazing place, the restaurant exceeded expectations.	1
The sushi was impressive. The restaurant was generous too.	1
Such a bland experience with the staff.	0
Would not recommend, the restaurant was rude.	0
Worst salad I've had in a long time, truly soggy.	0
The restaurant here is outstanding and worth every penny. The waitress was delicious too.	1
Such a overpriced experience with the ambience.	0
Absolutely great salad, will come back again.	1
The sushi was fantastic. The pasta was charming too.	1
I loved the flavorful staff here.	1
Absolutely greasy waiter, never coming back. The soup was dirty too.	0
I loved the great dessert here. The chef was perfect too.	1
We really regretted the stale sushi tonight.	0
What a fantastic place, the restaurant exceeded expectations.	1
greasy dessert and a poor atmosphere overall.	0
We really enjoyed the wonderful salad tonight. The salad was outstanding too.	1
bland dessert and a poor atmosphere overall.	0
What a delicious place, the burger exceeded expectations.	1
Would not recommend, the service was overpriced. The place was greasy too.	0
What a rude place, the ambience fell far short. The staff was overpriced too.	0
I hated the bad ambience here. The chef was burnt too.	0
I hated the cold chef here. The place was horrible too.	0
tasty waitress and a great atmosphere overall. The steak was outstanding too.	1
Such a flavorful experience with the salad.	1
The sushi here is cold and not worth the money.	0
We really enjoyed the wonderful bread tonight. The menu was outstanding too.	1
What a awful place, the soup fell far short.	0
dirty service and a poor atmosphere overall.	0
Such a delicious experience with the menu.	1
The waitress here is stale and not worth the money.	0
I hated the slow staff here. The staff was greasy too.	0
Highly recommend, the chef was quick. The burger was excellent too.	1
bland service and a poor atmosphere overall. The pasta was rude too.	0
dirty menu and a poor atmosphere overall.	0
rude bread and a poor atmosphere overall. The soup was horrible too.	0
What a burnt place, the food fell far short. The soup was unfriendly too.	0
Best restaurant I've had in a long time, truly outstanding. The chef was wonderful too.	1
I loved the outstanding sushi here.	1
Highly recommend, the waitress was perfect.	1
We really regretted the slow chef tonight.	0
The soup was cold. The menu was mediocre too.	0
What a excellent place, the bread exceeded expectations. The dessert was tasty too.	1
The menu was noisy. The dessert was terrible too.	0
Would not recommend, the pasta was greasy.	0
We really regretted the underwhelming place tonight.	0
Would not recommend, the dessert was dirty.	0
Absolutely fantastic steak, will come back again.	1
Highly recommend, the dessert was excellent.	1
quick bread and a great atmosphere overall. The waitress was lovely too.	1
I hated the cold salad here.	0
The place was great.	1
We really enjoyed the fantastic waitress tonight.	1
I hated the burnt salad here.	0
The coffee was noisy.	0
Such a tasty experience with the waitress.	1
I loved the friendly bread here. The sushi was fantastic too.	1
generous dessert and a great atmosphere overall.	1
Best ambience I've had in a long time, truly amazing.	1
The coffee here is greasy and not worth the money.	0
lovely burger and a great atmosphere overall.	1
The food was quick. The restaurant was superb too.	1
Worst coffee I've had in a long time, truly unfriendly. The soup was mediocre too.	0
charming pizza and a great atmosphere overall. The ambience was delicious too.	1
Absolutely mediocre soup, never coming back.	0
rude ambience and a poor atmosphere overall.	0
rude coffee and a poor atmosphere overall. The restaurant was soggy too.	0
impressive place and a great atmosphere overall.	1
Absolutely charming burger, will come back again.	1
I hated the bland menu here. The food was noisy too.	0
What a amazing place, the restaurant exceeded expectations.	1
impressive staff and a great atmosphere overall. The restaurant was generous too.	1
Such a rude experience with the dessert.	0
Such a greasy experience with the pizza.	0
The pizza here is friendly and worth every penny.	1
Absolutely bland burger, never coming back.	0
I loved the fantastic soup here.	1
I loved the fantastic salad here. The burger was excellent too.	1
We really enjoyed the great staff tonight.	1
I loved the friendly menu here.	1
I hated the mediocre food here.	0
disappointing staff and a poor atmosphere overall. The steak was bad too.	0
The waiter here is rude and not worth the money. The waiter was noisy too.	0
I hated the awful salad here.	0
What a flavorful place, the dessert exceeded expectations.	1
Highly recommend, the food was excellent.	1
What a disappointing place, the place fell far short. The food was soggy too.	0
Such a wonderful experience with the coffee.	1
The place was tasty. The pizza was great too.	1
The restaurant here is perfect and worth every penny.	1
Would not recommend, the staff was dirty.	0
underwhelming chef and a poor atmosphere overall.	0
The ambience here is disappointing and not worth the money. The burger was horrible too.	0
What a impressive place, the place exceeded expectations. The menu was flavorful too.	1
bad waitress and a poor atmosphere overall.	0
What a tasteless place, the burger fell far short. The ambience was mediocre too.	0
Worst menu I've had in a long time, truly noisy. The staff was bad too.	0
Would not recommend, the waiter was awful. The waitress was greasy too.	0
Worst salad I've had in a long time, truly soggy. The place was rude too.	0
Absolutely mediocre steak, never coming back. The staff was disappointing too.	0
Absolutely superb dessert, will come back again.	1
Best place I've had in a long time, truly amazing.	1
We really regretted the disappointing steak tonight.	0
Would not recommend, the steak was overpriced. The pasta was unfriendly too.	0
Such a cozy experience with the menu. The burger was delightful too.	1
impressive staff and a great atmosphere overall.	1
Worst waitress I've had in a long time, truly tasteless. The service was underwhelming too.	0
The sushi here is awful and not worth the money.	0
Absolutely bad place, never coming back.	0
Such a horrible experience with the soup.	0
What a amazing place, the pasta exceeded expectations.	1
Absolutely greasy chef, never coming back.	0
Would not recommend, the ambience was awful.	0
The service was tasteless. The place was mediocre too.	0
Worst pasta I've had in a long time, truly stale.	0
Highly recommend, the ambience was great.	1
The sushi was delightful. The chef was flavorful too.	1
What a superb place, the place exceeded expectations. The pizza was delicious too.	1
I hated the slow food here.	0
Absolutely overpriced waitress, never coming back. The dessert was burnt too.	0
The food here is delicious and worth every penny.	1
The service was cold.	0
Worst staff I've had in a long time, truly stale.	0
Absolutely perfect ambience, will come back again.	1
I loved the generous soup here. The restaurant was impressive too.	1
I loved the generous waitress here.	1
We really enjoyed the impressive pizza tonight.	1
We really regretted the tasteless burger tonight. The burger was greasy too.	0
Would not recommend, the staff was dirty.	0
I loved the tasty pizza here. The sushi was delicious too.	1
Such a terrible experience with the menu.	0
We really enjoyed the tasty ambience tonight. The menu was impressive too.	1
Best coffee I've had in a long time, truly cozy.	1
Absolutely bad pasta, never coming back.	0
Such a wonderful experience with the place.	1
What a bad place, the ambience fell far short.	0
I hated the disappointing ambience here. The waiter was greasy too.	0
Absolutely cold soup, never coming back.	0
Such a cold experience with the place. The chef was rude too.	0
We really enjoyed the amazing burger tonight.	1
The chef here is dirty and not worth the money. The bread was bland too.	0
Such a quick experience with the dessert. The coffee was quick too.	1
The coffee was outstanding.	1
The dessert was fantastic.	1
The waitress here is tasty and worth every penny. The waiter was delightful too.	1
What a soggy place, the burger fell far short.	0
The waitress was cold.	0
I loved the fresh place here. The service was impressive too.	1
I loved the fresh burger here.	1
What a overpriced place, the burger fell far short.	0
friendly ambience and a great atmosphere overall. The burger was flavorful too.	1
Such a rude experience with the menu. The pasta was unfriendly too.	0
I loved the amazing pasta here. The salad was flavorful too.	1
Absolutely overpriced pasta, never coming back. The staff was rude too.	0
We really enjoyed the outstanding waiter tonight. The food was flavorful too.	1
The waitress was outstanding. The burger was great too.	1
What a terrible place, the waiter fell far short. The sushi was noisy too.	0
Such a flavorful experience with the food.	1
What a amazing place, the service exceeded expectations.	1
Would not recommend, the pasta was overpriced.	0
I loved the fantastic restaurant here. The steak was generous too.	1
Would not recommend, the sushi was dirty. The sushi was stale too.	0
The dessert was bad.	0
Highly recommend, the pasta was outstanding.	1
I loved the flavorful salad here. The coffee was amazing too.	1
Such a quick experience with the restaurant.	1
We really enjoyed the superb restaurant tonight. The soup was quick too.	1
I loved the tasty dessert here. The ambience was fantastic too.	1
We really enjoyed the charming burger tonight.	1
The coffee here is excellent and worth every penny.	1
tasteless dessert and a poor atmosphere overall.	0
Such a lovely experience with the burger. The coffee was outstanding too.	1
cold salad and a poor atmosphere overall.	0
The soup here is superb and worth every penny. The food was flavorful too.	1
Absolutely generous restaurant, will come back again.	1
Would not recommend, the pasta was unfriendly.	0
The pasta here is flavorful and worth every penny. The pasta was amazing too.	1
Such a delicious experience with the chef. The soup was fantastic too.	1
The service here is underwhelming and not worth the money. The dessert was terrible too.	0
Absolutely perfect service, will come back again. The pasta was cozy too.	1
I loved the wonderful bread here.	1
tasty restaurant and a great atmosphere overall.	1
Such a greasy experience with the staff. The dessert was overpriced too.	0
quick ambience and a great atmosphere overall.	1
The place here is perfect and worth every penny.	1
impressive waiter and a great atmosphere overall.	1
Absolutely impressive steak, will come back again.	1
Absolutely stale menu, never coming back.	0
The menu here is greasy and not worth the money. The soup was bad too.	0
excellent bread and a great atmosphere overall.	1
Absolutely fantastic waitress, will come back again.	1
Worst steak I've had in a long time, truly soggy.	0
bad waitress and a poor atmosphere overall.	0
Highly recommend, the chef was amazing. The waitress was great too.	1
The restaurant here is unfriendly and not worth the money.	0
Best soup I've had in a long time, truly cozy. The bread was impressive too.	1
awful pasta and a poor atmosphere overall. The food was bad too.	0
The coffee was bad. The burger was cold too.	0
I hated the unfriendly steak here.	0
Worst soup I've had in a long time, truly underwhelming.	0
Highly recommend, the place was impressive.	1
Would not recommend, the service was disappointing. The sushi was slow too.	0
The pizza here is slow and not worth the money.	0
What a flavorful place, the food exceeded expectations.	1
The place was bland. The place was soggy too.	0
Such a overpriced experience with the place. The food was soggy too.	0
The chef was friendly.	1
We really regretted the horrible pasta tonight.	0
The pizza here is charming and worth every penny.	1
I loved the delightful chef here.	1
Absolutely excellent food, will come back again.	1
Highly recommend, the pizza was excellent.	1
We really regretted the disappointing bread tonight.	0
What a fantastic place, the pasta exceeded expectations.	1
horrible burger and a poor atmosphere overall.	0
bad place and a poor atmosphere overall.	0
The restaurant here is terrible and not worth the money.	0
The soup was horrible.	0
We really regretted the unfriendly service tonight. The dessert was slow too.	0
The chef here is bad and not worth the money. The waiter was dirty too.	0
Such a soggy experience with the coffee. The coffee was horrible too.	0
Absolutely bland coffee, never coming back.	0
Worst dessert I've had in a long time, truly noisy.	0
The restaurant here is stale and not worth the money.	0
flavorful staff and a great atmosphere overall.	1
What a excellent place, the salad exceeded expectations.	1
The coffee here is cozy and worth every penny. The steak was impressive too.	1
What a dirty place, the soup fell far short.	0
The ambience was great. The waiter was fresh too.	1
We really enjoyed the fantastic place tonight.	1
Such a outstanding experience with the sushi.	1
Absolutely cold pizza, never coming back.	0
I hated the mediocre ambience here. The burger was cold too.	0
We really regretted the bland service tonight.	0
Absolutely terrible salad, never coming back. The chef was horrible too.	0
Highly recommend, the restaurant was impressive. The burger was flavorful too.	1
Such a lovely experience with the chef. The waiter was quick too.	1
I loved the tasty coffee here.	1
The place was tasty.	1
dirty food and a poor atmosphere overall.	0
Absolutely tasteless staff, never coming back.	0
Such a underwhelming experience with the coffee.	0
Highly recommend, the soup was flavorful. The salad was charming too.	1
We really regretted the bland restaurant tonight.	0
What a bland place, the ambience fell far short. The coffee was greasy too.	0
We really enjoyed the fantastic place tonight. The salad was charming too.	1
Such a amazing experience with the steak.	1
stale pasta and a poor atmosphere overall.	0
The staff here is rude and not worth the money. The soup was overpriced too.	0
Would not recommend, the coffee was unfriendly. The salad was awful too.	0
What a cold place, the bread fell far short.	0
The burger was terrible. The burger was disappointing too.	0
Absolutely awful steak, never coming back. The steak was awful too.	0
I loved the flavorful pizza here.	1
The soup was delightful. The staff was quick too.	1
I loved the delightful salad here.	1
The sushi here is slow and not worth the money.	0
We really enjoyed the delicious place tonight.	1
We really regretted the mediocre dessert tonight. The pizza was terrible too.	0
Such a terrible experience with the service.	0
Highly recommend, the ambience was amazing.	1
Absolutely horrible ambience, never coming back.	0
Absolutely burnt waitress, never coming back. The place was unfriendly too.	0
Such a superb experience with the dessert. The service was fresh too.	1
What a great place, the pizza exceeded expectations. The waitress was charming too.	1
The soup was delicious.	1
I hated the awful pizza here. The chef was rude too.	0
Best pasta I've had in a long time, truly delicious. The pizza was lovely too.	1
delightful restaurant and a great atmosphere overall.	1
I hated the bland place here. The bread was disappointing too.	0
Such a superb experience with the sushi.	1
Highly recommend, the pasta was superb. The pizza was cozy too.	1
Highly recommend, the burger was outstanding.	1
dirty service and a poor atmosphere overall.	0
The salad here is underwhelming and not worth the money. The restaurant was soggy too.	0
Would not recommend, the pizza was greasy. The dessert was slow too.	0
We really regretted the overpriced service tonight.	0
The chef was fantastic.	1
The service here is stale and not worth the money.	0
The pasta was bland. The salad was horrible too.	0
amazing sushi and a great atmosphere overall. The service was fresh too.	1
Absolutely friendly menu, will come back again.	1
The bread here is delicious and worth every penny. The dessert was amazing too.	1
The salad here is tasteless and not worth the money.	0
The soup was disappointing. The salad was mediocre too.	0
I hated the awful waitress here.	0
We really enjoyed the charming pasta tonight.	1
The soup here is cozy and worth every penny. The ambience was generous too.	1
The pizza was slow. The burger was bland too.	0
The pizza here is charming and worth every penny. The ambience was delicious too.	1
Best salad I've had in a long time, truly perfect. The burger was delightful too.	1
The food here is fantastic and worth every penny.	1
Absolutely stale steak, never coming back.	0
The food was generous.	1
Highly recommend, the dessert was flavorful. The service was impressive too.	1
What a stale place, the staff fell far short.	0
Absolutely bad staff, never coming back. The burger was stale too.	0
Such a wonderful experience with the sushi.	1
The restaurant was delightful. The service was excellent too.	1
What a bad place, the coffee fell far short. The bread was overpriced too.	0
The service here is stale and not worth the money. The dessert was burnt too.	0
Such a delightful experience with the service. The staff was cozy too.	1
Highly recommend, the chef was fantastic. The menu was outstanding too.	1
superb soup and a great atmosphere overall. The waitress was lovely too.	1
Best restaurant I've had in a long time, truly amazing.	1
tasteless dessert and a poor atmosphere overall.	0
The dessert here is flavorful and worth every penny.	1
The waiter was superb. The restaurant was impressive too.	1
What a cold place, the food fell far short. The steak was soggy too.	0
Best coffee I've had in a long time, truly impressive.	1
The ambience was noisy.	0
I loved the friendly restaurant here.	1
Highly recommend, the pizza was impressive.	1
Would not recommend, the bread was mediocre.	0
What a awful place, the coffee fell far short.	0
We really enjoyed the cozy coffee tonight. The menu was impressive too.	1
Best pasta I've had in a long time, truly fresh. The dessert was fresh too.	1
I loved the outstanding chef here.	1
Worst chef I've had in a long time, truly mediocre. The bread was soggy too.	0
We really enjoyed the superb staff tonight.	1
Such a mediocre experience with the chef.	0
Such a burnt experience with the restaurant.	0
Absolutely impressive waitress, will come back again.	1
Worst pasta I've had in a long time, truly tasteless. The waitress was mediocre too.	0
What a wonderful place, the coffee exceeded expectations.	1
We really enjoyed the excellent menu tonight. The place was quick too.	1
We really enjoyed the charming burger tonight.	1
delicious restaurant and a great atmosphere overall. The waiter was great too.	1
Highly recommend, the restaurant was cozy.	1
Absolutely dirty waitress, never coming back.	0
The bread here is overpriced and not worth the money. The steak was noisy too.	0
I loved the delightful salad here.	1
Best service I've had in a long time, truly great.	1
bad waitress and a poor atmosphere overall. The sushi was slow too.	0
Would not recommend, the waiter was noisy. The food was noisy too.	0
We really regretted the dirty soup tonight. The chef was rude too.	0
The coffee here is noisy and not worth the money.	0
The place here is fresh and worth every penny.	1
Highly recommend, the service was impressive.	1
soggy soup and a poor atmosphere overall. The ambience was tasteless too.	0
The waiter was wonderful.	1
Would not recommend, the menu was mediocre. The salad was tasteless too.	0
The place here is superb and worth every penny. The pasta was perfect too.	1
Such a bad experience with the sushi.	0
What a perfect place, the pasta exceeded expectations.	1
Absolutely stale pizza, never coming back. The bread was soggy too.	0
What a terrible place, the waiter fell far short.	0
Such a charming experience with the bread. The food was superb too.	1
What a greasy place, the menu fell far short.	0
Absolutely cozy chef, will come back again.	1
I loved the fantastic pasta here.	1
The waitress here is underwhelming and not worth the money. The restaurant was stale too.	0
I loved the superb place here.	1
Best pizza I've had in a long time, truly great. The steak was perfect too.	1
I loved the cozy chef here.	1
delicious steak and a great atmosphere overall. The coffee was outstanding too.	1
The menu was charming.	1
Absolutely overpriced food, never coming back.	0
The pizza here is tasty and worth every penny.	1
We really enjoyed the excellent sushi tonight. The menu was great too.	1
The coffee was tasty.	1
What a charming place, the sushi exceeded expectations. The waiter was delicious too.	1
What a perfect place, the waitress exceeded expectations. The soup was fresh too.	1
Would not recommend, the dessert was underwhelming.	0
Such a lovely experience with the waiter.	1
underwhelming sushi and a poor atmosphere overall.	0
The bread here is underwhelming and not worth the money. The place was greasy too.	0
Worst waitress I've had in a long time, truly bad. The waitress was cold too.	0
Worst waiter I've had in a long time, truly bad.	0
Absolutely friendly dessert, will come back again.	1
What a underwhelming place, the sushi fell far short.	0
The pizza here is terrible and not worth the money. The menu was mediocre too.	0
Best service I've had in a long time, truly charming. The steak was quick too.	1
generous ambience and a great atmosphere overall. The service was perfect too.	1
Best sushi I've had in a long time, truly fresh.	1
We really regretted the greasy service tonight.	0
Highly recommend, the soup was excellent. The place was delightful too.	1
Absolutely outstanding salad, will come back again.	1
terrible food and a poor atmosphere overall. The steak was dirty too.	0
The bread was great.	1
Such a charming experience with the dessert.	1
Such a friendly experience with the bread. The waiter was superb too.	1
Such a quick experience with the steak.	1
The pizza was terrible.	0
Highly recommend, the coffee was fantastic. The sushi was delicious too.	1
The waiter here is lovely and worth every penny. The pizza was delicious too.	1
cold burger and a poor atmosphere overall.	0
I loved the perfect restaurant here. The coffee was quick too.	1
Would not recommend, the food was terrible.	0
What a fantastic place, the restaurant exceeded expectations.	1
The menu here is unfriendly and not worth the money.	0
The waitress was soggy. The chef was disappointing too.	0
What a stale place, the place fell far short.	0
I hated the mediocre pasta here. The waitress was burnt too.	0
The burger here is flavorful and worth every penny.	1
Such a soggy experience with the bread. The sushi was horrible too.	0
I loved the charming dessert here.	1
terrible soup and a poor atmosphere overall.	0
We really regretted the dirty chef tonight.	0
Absolutely tasteless pasta, never coming back.	0
Highly recommend, the staff was fantastic. The sushi was impressive too.	1
Absolutely bland pizza, never coming back.	0
What a cozy place, the sushi exceeded expectations.	1
The service here is flavorful and worth every penny.	1
The steak was wonderful. The soup was delightful too.	1
The waitress here is amazing and worth every penny.	1
Highly recommend, the bread was flavorful.	1
We really enjoyed the outstanding pizza tonight.	1
I loved the charming coffee here.	1
great waitress and a great atmosphere overall. The food was excellent too.	1
Absolutely fantastic coffee, will come back again. The place was delicious too.	1
Absolutely underwhelming waitress, never coming back.	0
Absolutely underwhelming coffee, never coming back.	0
mediocre bread and a poor atmosphere overall. The place was mediocre too.	0
Would not recommend, the pasta was stale. The dessert was noisy too.	0
The waiter here is slow and not worth the money.	0
Best menu I've had in a long time, truly delightful.	1
We really enjoyed the flavorful burger tonight. The steak was wonderful too.	1
We really enjoyed the cozy waiter tonight. The waitress was excellent too.	1
I loved the flavorful restaurant here.	1
Such a lovely experience with the food. The place was charming too.	1
I loved the outstanding chef here. The chef was delightful too.	1
Best waiter I've had in a long time, truly great.	1
The pizza was dirty.	0
greasy burger and a poor atmosphere overall.	0
What a dirty place, the pasta fell far short.	0
Would not recommend, the burger was burnt.	0
What a great place, the menu exceeded expectations. The menu was perfect too.	1
What a perfect place, the waiter exceeded expectations. The coffee was impressive too.	1
What a outstanding place, the ambience exceeded expectations.	1
The soup here is unfriendly and not worth the money.	0
Such a flavorful experience with the salad. The pizza was tasty too.	1
Absolutely delightful staff, will come back again. The sushi was amazing too.	1
The steak was great. The chef was quick too.	1
The sushi here is tasteless and not worth the money.	0
Highly recommend, the place was fresh. The ambience was flavorful too.	1
Would not recommend, the dessert was greasy. The staff was unfriendly too.	0
The menu here is rude and not worth the money.	0
We really regretted the burnt waitress tonight.	0
Would not recommend, the burger was cold.	0
The dessert was excellent.	1
dirty chef and a poor atmosphere overall. The bread was disappointing too.	0
Absolutely dirty ambience, never coming back.	0
We really enjoyed the tasty food tonight. The menu was amazing too.	1
Best soup I've had in a long time, truly lovely. The dessert was perfect too.	1
What a terrible place, the coffee fell far short. The burger was underwhelming too.	0
The ambience here is delicious and worth every penny. The service was impressive too.	1
What a underwhelming place, the food fell far short.	0
We really regretted the rude sushi tonight.	0
The bread was cold. The salad was slow too.	0
I hated the slow waiter here.	0
We really enjoyed the delicious place tonight.	1
I hated the tasteless service here.	0
What a tasty place, the burger exceeded expectations.	1
Absolutely outstanding steak, will come back again.	1
Highly recommend, the soup was superb. The ambience was quick too.	1
Such a great experience with the service.	1
The coffee here is slow and not worth the money. The chef was awful too.	0
Such a delightful experience with the burger.	1
The waitress was rude. The bread was dirty too.	0
We really enjoyed the outstanding place tonight.	1
We really enjoyed the impressive staff tonight. The staff was excellent too.	1
Worst staff I've had in a long time, truly rude.	0
The food was rude. The dessert was bad too.	0
The staff here is overpriced and not worth the money.	0
The menu here is wonderful and worth every penny. The pasta was excellent too.	1
What a wonderful place, the burger exceeded expectations. The pizza was tasty too.	1
Absolutely disappointing burger, never coming back.	0
The burger here is bad and not worth the money. The dessert was noisy too.	0
Would not recommend, the dessert was dirty.	0
What a awful place, the waiter fell far short. The bread was noisy too.	0
Best menu I've had in a long time, truly quick.	1
Worst pasta I've had in a long time, truly disappointing.	0
The coffee here is burnt and not worth the money. The menu was stale too.	0
The menu here is bad and not worth the money. The place was soggy too.	0
Absolutely underwhelming waiter, never coming back.	0
What a superb place, the steak exceeded expectations. The soup was delicious too.	1
Worst steak I've had in a long time, truly cold.	0
excellent food and a great atmosphere overall.	1
Absolutely cold steak, never coming back.	0
We really regretted the rude pasta tonight.	0
What a generous place, the food exceeded expectations.	1
mediocre soup and a poor atmosphere overall.	0
Best pizza I've had in a long time, truly perfect.	1
The sushi here is friendly and worth every penny. The pizza was cozy too.	1
mediocre place and a poor atmosphere overall.	0
What a friendly place, the soup exceeded expectations. The coffee was excellent too.	1
Highly recommend, the pasta was delightful. The soup was wonderful too.	1
The restaurant was outstanding.	1
Best pasta I've had in a long time, truly wonderful.	1
The waiter was generous.	1
The menu here is excellent and worth every penny. The waiter was fresh too.	1
I loved the quick menu here.	1
Best restaurant I've had in a long time, truly charming. The waiter was superb too.	1
Would not recommend, the place was underwhelming.	0
underwhelming menu and a poor atmosphere overall.	0
fantastic pizza and a great atmosphere overall. The restaurant was friendly too.	1
greasy steak and a poor atmosphere overall.	0
Best bread I've had in a long time, truly great.	1
Such a amazing experience with the soup.	1
Worst waiter I've had in a long time, truly overpriced. The coffee was terrible too.	0
delightful salad and a great atmosphere overall.	1
We really enjoyed the wonderful pizza tonight. The menu was lovely too.	1
Best waitress I've had in a long time, truly great. The waiter was quick too.	1
The restaurant here is lovely and worth every penny. The sushi was delicious too.	1
Absolutely mediocre burger, never coming back. The coffee was cold too.	0
Best chef I've had in a long time, truly great.	1
The place was friendly. The restaurant was impressive too.	1
We really enjoyed the friendly coffee tonight. The ambience was quick too.	1
greasy service and a poor atmosphere overall. The place was unfriendly too.	0
Best chef I've had in a long time, truly cozy.	1
Worst steak I've had in a long time, truly burnt. The waiter was mediocre too.	0
I hated the horrible bread here. The steak was noisy too.	0
Highly recommend, the burger was tasty.	1
The chef was quick.	1
We really regretted the cold service tonight.	0
Best service I've had in a long time, truly delightful. The steak was lovely too.	1
The food here is burnt and not worth the money. The dessert was mediocre too.	0
Worst food I've had in a long time, truly bad. The service was unfriendly too.	0
The place was superb.	1
Absolutely fresh ambience, will come back again. The place was wonderful too.	1
underwhelming restaurant and a poor atmosphere overall.	0
What a bad place, the dessert fell far short. The coffee was noisy too.	0
I hated the awful chef here. The service was slow too.	0
cold salad and a poor atmosphere overall.	0
The staff here is outstanding and worth every penny.	1
The food here is excellent and worth every penny.	1
I loved the quick staff here.	1
The soup here is perfect and worth every penny.	1
The bread was fresh. The sushi was tasty too.	1
Absolutely stale waitress, never coming back. The service was unfriendly too.	0
The ambience here is excellent and worth every penny. The waitress was tasty too.	1
Absolutely quick food, will come back again. The chef was delightful too.	1
Such a fantastic experience with the steak. The steak was fresh too.	1
The staff here is delightful and worth every penny.	1
What a generous place, the salad exceeded expectations.	1
Would not recommend, the salad was tasteless. The bread was terrible too.	0
Worst steak I've had in a long time, truly tasteless. The chef was slow too.	0
Such a underwhelming experience with the chef.	0
The waiter here is friendly and worth every penny.	1
We really regretted the bland soup tonight.	0
Such a bland experience with the dessert.	0
The coffee here is superb and worth every penny. The steak was generous too.	1
Absolutely amazing chef, will come back again.	1
Best waiter I've had in a long time, truly delightful.	1
The waitress here is terrible and not worth the money.	0
overpriced sushi and a poor atmosphere overall.	0
What a friendly place, the restaurant exceeded expectations.	1
fantastic place and a great atmosphere overall. The place was impressive too.	1
Absolutely rude pasta, never coming back.	0
burnt ambience and a poor atmosphere overall. The menu was mediocre too.	0
Best salad I've had in a long time, truly perfect.	1
Highly recommend, the place was outstanding.	1
overpriced ambience and a poor atmosphere overall.	0
We really enjoyed the lovely chef tonight. The waiter was friendly too.	1
Would not recommend, the pasta was terrible.	0
I hated the rude chef here. The waitress was mediocre too.	0
The waitress was disappointing.	0
What a unfriendly place, the restaurant fell far short.	0
What a delightful place, the staff exceeded expectations.	1
What a outstanding place, the food exceeded expectations. The soup was flavorful too.	1
The staff was dirty.	0
Would not recommend, the ambience was burnt.	0
Worst waiter I've had in a long time, truly bad.	0
We really regretted the rude pizza tonight.	0
Absolutely tasteless menu, never coming back. The food was disappointing too.	0
We really enjoyed the generous soup tonight. The salad was generous too.	1
We really enjoyed the excellent pizza tonight.	1
Best place I've had in a long time, truly delightful.	1
We really enjoyed the fresh waiter tonight.	1
The staff was terrible.	0
We really regretted the soggy waitress tonight.	0
The staff here is mediocre and not worth the money.	0
What a cold place, the bread fell far short.	0
We really regretted the terrible bread tonight.	0
lovely service and a great atmosphere overall.	1
dirty service and a poor atmosphere overall.	0
generous coffee and a great atmosphere overall.	1
The place here is wonderful and worth every penny.	1
Absolutely fantastic soup, will come back again. The steak was wonderful too.	1
Such a flavorful experience with the pizza. The steak was great too.	1
Such a underwhelming experience with the chef.	0
We really enjoyed the lovely steak tonight. The chef was perfect too.	1
What a perfect place, the soup exceeded expectations. The restaurant was wonderful too.	1
The coffee was lovely. The dessert was impressive too.	1
The dessert here is greasy and not worth the money.	0
The waiter here is noisy and not worth the money.	0
Absolutely greasy chef, never coming back.	0
What a wonderful place, the restaurant exceeded expectations. The ambience was perfect too.	1
Such a amazing experience with the pizza.	1
The restaurant was noisy. The coffee was soggy too.	0
What a flavorful place, the ambience exceeded expectations.	1
What a slow place, the dessert fell far short.	0
Worst steak I've had in a long time, truly soggy. The sushi was rude too.	0
Absolutely flavorful coffee, will come back again.	1
I loved the amazing ambience here. The pasta was tasty too.	1
The pizza here is wonderful and worth every penny.	1
Best place I've had in a long time, truly tasty.	1
Would not recommend, the soup was terrible.	0
The menu was dirty. The place was tasteless too.	0
The coffee here is bland and not worth the money.	0
I hated the burnt bread here.	0
What a bad place, the service fell far short.	0
Absolutely perfect pizza, will come back again.	1
We really regretted the overpriced pizza tonight. The salad was stale too.	0
I hated the stale bread here.	0
Would not recommend, the staff was slow. The menu was overpriced too.	0
What a impressive place, the pizza exceeded expectations.	1
The place was charming. The staff was tasty too.	1
We really enjoyed the fantastic sushi tonight. The menu was fantastic too.	1
Such a impressive experience with the bread.	1
The pasta was noisy.	0
Such a bad experience with the place.	0
The salad was generous. The waitress was delightful too.	1
Absolutely flavorful burger, will come back again. The sushi was cozy too.	1
The pasta here is greasy and not worth the money.	0
The pizza here is tasteless and not worth the money.	0
We really enjoyed the lovely coffee tonight. The waiter was flavorful too.	1
Highly recommend, the food was outstanding.	1
I loved the excellent waiter here.	1
We really enjoyed the fantastic pasta tonight. The bread was excellent too.	1
Such a cold experience with the menu. The coffee was greasy too.	0
We really regretted the soggy steak tonight. The pasta was unfriendly too.	0
Absolutely noisy menu, never coming back. The menu was horrible too.	0
What a excellent place, the waiter exceeded expectations.	1
We really enjoyed the cozy steak tonight.	1
Such a stale experience with the waitress.	0
Worst sushi I've had in a long time, truly greasy. The steak was dirty too.	0
The steak here is bad and not worth the money.	0
The ambience was mediocre.	0
delicious ambience and a great atmosphere overall. The restaurant was generous too.	1
Such a terrible experience with the burger. The burger was greasy too.	0
Worst dessert I've had in a long time, truly terrible.	0
Would not recommend, the ambience was tasteless.	0
What a disappointing place, the menu fell far short.	0
I hated the cold burger here. The steak was underwhelming too.	0
The soup was underwhelming.	0
Such a underwhelming experience with the ambience. The salad was noisy too.	0
I loved the delicious ambience here. The steak was perfect too.	1
We really enjoyed the superb bread tonight.	1
Absolutely flavorful place, will come back again.	1
outstanding staff and a great atmosphere overall.	1
The restaurant here is noisy and not worth the money.	0
We really enjoyed the great bread tonight. The soup was charming too.	1
Highly recommend, the burger was charming.	1
I hated the slow food here.	0
We really regretted the dirty steak tonight.	0
Best menu I've had in a long time, truly excellent.	1
Best chef I've had in a long time, truly superb. The burger was perfect too.	1
Absolutely terrible salad, never coming back. The waitress was mediocre too.	0
The ambience was flavorful.	1
Worst service I've had in a long time, truly soggy. The waitress was awful too.	0
Would not recommend, the coffee was tasteless.	0
I hated the tasteless soup here.	0
Would not recommend, the soup was bland.	0
Highly recommend, the bread was excellent.	1
We really regretted the noisy staff tonight.	0
bland menu and a poor atmosphere overall.	0
Absolutely generous chef, will come back again.	1
What a rude place, the staff fell far short. The coffee was mediocre too.	0
What a friendly place, the food exceeded expectations. The salad was friendly too.	1
Such a amazing experience with the food. The restaurant was perfect too.	1
Best pizza I've had in a long time, truly impressive.	1
Worst menu I've had in a long time, truly noisy.	0
Such a wonderful experience with the soup.	1
Absolutely lovely menu, will come back again. The bread was delightful too.	1
Would not recommend, the service was slow. The staff was tasteless too.	0
Such a fresh experience with the steak. The waiter was quick too.	1
Such a fresh experience with the burger.	1
We really enjoyed the wonderful food tonight. The ambience was amazing too.	1
tasty chef and a great atmosphere overall. The chef was friendly too.	1
tasty menu and a great atmosphere overall.	1
Absolutely bland place, never coming back.	0
I loved the cozy soup here. The menu was fantastic too.	1
Best sushi I've had in a long time, truly delightful.	1
Such a mediocre experience with the steak. The staff was soggy too.	0
The dessert here is underwhelming and not worth the money.	0
The chef was terrible. The waitress was horrible too.	0
Best place I've had in a long time, truly superb.	1
The staff here is mediocre and not worth the money. The staff was horrible too.	0
The sushi here is amazing and worth every penny.	1
Absolutely delicious steak, will come back again.	1
The waiter was noisy. The restaurant was slow too.	0
The sushi was awful.	0
Best menu I've had in a long time, truly lovely.	1
Absolutely mediocre waiter, never coming back. The coffee was slow too.	0
I loved the superb waiter here.	1
Such a underwhelming experience with the food. The dessert was stale too.	0
The salad was tasteless.	0
We really regretted the terrible steak tonight. The restaurant was mediocre too.	0
charming service and a great atmosphere overall.	1
Absolutely rude coffee, never coming back. The dessert was overpriced too.	0
I loved the quick staff here. The sushi was generous too.	1
We really enjoyed the charming waitress tonight. The salad was amazing too.	1
We really enjoyed the flavorful pasta tonight.	1
Best burger I've had in a long time, truly wonderful.	1
I hated the unfriendly dessert here.	0
Absolutely tasty soup, will come back again. The restaurant was wonderful too.	1
I loved the great pizza here.	1
I hated the unfriendly pasta here. The burger was rude too.	0
We really enjoyed the outstanding pasta tonight.	1
What a soggy place, the coffee fell far short.	0
Best burger I've had in a long time, truly wonderful.	1
The restaurant was noisy.	0
Such a delicious experience with the ambience.	1
The food was slow.	0
excellent pizza and a great atmosphere overall. The soup was flavorful too.	1
Such a superb experience with the sushi.	1
We really regretted the horrible soup tonight.	0
The chef here is unfriendly and not worth the money.	0
Would not recommend, the place was stale.	0
The steak here is rude and not worth the money. The sushi was burnt too.	0
Best chef I've had in a long time, truly fantastic.	1
Best burger I've had in a long time, truly great.	1
Absolutely burnt food, never coming back. The chef was cold too.	0
The place here is charming and worth every penny. The dessert was lovely too.	1
Would not recommend, the chef was mediocre.	0
Absolutely soggy staff, never coming back. The coffee was disappointing too.	0
The restaurant was fresh. The dessert was cozy too.	1
What a wonderful place, the salad exceeded expectations.	1
Highly recommend, the coffee was delicious. The pizza was cozy too.	1
Absolutely superb waiter, will come back again. The waiter was delightful too.	1
Highly recommend, the pizza was wonderful.	1
Such a quick experience with the salad. The ambience was lovely too.	1
cozy ambience and a great atmosphere overall.	1
Absolutely tasteless chef, never coming back.	0
I hated the terrible pasta here. The bread was greasy too.	0
What a unfriendly place, the menu fell far short.	0
Absolutely mediocre service, never coming back. The waiter was overpriced too.	0
rude ambience and a poor atmosphere overall. The menu was overpriced too.	0
Such a great experience with the dessert.	1
slow burger and a poor atmosphere overall. The soup was slow too.	0
Absolutely bad menu, never coming back.	0
I hated the terrible steak here.	0
What a cold place, the coffee fell far short.	0
I hated the greasy chef here.	0
Absolutely bad salad, never coming back. The steak was stale too.	0
The service here is horrible and not worth the money. The chef was mediocre too.	0
We really enjoyed the excellent soup tonight.	1
I loved the cozy pizza here. The salad was delightful too.	1
We really regretted the overpriced dessert tonight.	0
The waitress was quick.	1
The burger here is perfect and worth every penny.	1
The steak here is quick and worth every penny.	1
I loved the amazing staff here.	1
What a overpriced place, the sushi fell far short.	0
The soup here is quick and worth every penny. The sushi was charming too.	1
impressive salad and a great atmosphere overall.	1
What a delicious place, the ambience exceeded expectations. The place was impressive too.	1
Such a cold experience with the place. The salad was mediocre too.	0
Worst ambience I've had in a long time, truly awful.	0
What a bad place, the chef fell far short.	0
horrible service and a poor atmosphere overall.	0
What a disappointing place, the food fell far short. The steak was cold too.	0
The pasta was mediocre.	0
Worst burger I've had in a long time, truly dirty. The pizza was stale too.	0
Best chef I've had in a long time, truly delicious.	1
Such a excellent experience with the burger.	1
outstanding bread and a great atmosphere overall.	1
I hated the underwhelming waiter here. The salad was burnt too.	0
The pizza here is tasteless and not worth the money. The staff was horrible too.	0
We really regretted the unfriendly steak tonight.	0
The ambience here is disappointing and not worth the money.	0
Worst sushi I've had in a long time, truly dirty.	0
Absolutely excellent dessert, will come back again. The place was tasty too.	1
Highly recommend, the soup was lovely.	1
Would not recommend, the bread was greasy.	0
I hated the unfriendly ambience here. The staff was unfriendly too.	0
Absolutely stale ambience, never coming back.	0
dirty bread and a poor atmosphere overall. The ambience was cold too.	0
What a delightful place, the pasta exceeded expectations.	1
We really regretted the overpriced steak tonight.	0
Absolutely burnt pizza, never coming back.	0
We really regretted the terrible burger tonight. The pizza was overpriced too.	0
Such a bad experience with the pizza. The pasta was overpriced too.	0
We really enjoyed the delightful food tonight.	1
Would not recommend, the waitress was burnt.	0
Absolutely mediocre menu, never coming back.	0
What a friendly place, the soup exceeded expectations.	1
Best ambience I've had in a long time, truly perfect.	1
Best burger I've had in a long time, truly quick. The pizza was outstanding too.	1
I hated the dirty bread here.	0
Such a tasteless experience with the restaurant.	0
I loved the wonderful soup here.	1
Highly recommend, the coffee was flavorful. The salad was fresh too.	1
Such a charming experience with the dessert.	1
We really enjoyed the delicious soup tonight.	1
impressive sushi and a great atmosphere overall. The waiter was amazing too.	1
Highly recommend, the bread was generous.	1
Absolutely underwhelming dessert, never coming back. The dessert was bland too.	0
The burger here is noisy and not worth the money.	0
We really regretted the unfriendly food tonight.	0
Such a friendly experience with the restaurant.	1
The pasta here is charming and worth every penny. The soup was cozy too.	1
Highly recommend, the waitress was wonderful.	1
The soup was outstanding.	1
What a superb place, the service exceeded expectations. The staff was delightful too.	1
cozy staff and a great atmosphere overall.	1
What a overpriced place, the menu fell far short.	0
The waiter was rude.	0
Best sushi I've had in a long time, truly fantastic. The ambience was impressive too.	1
mediocre ambience and a poor atmosphere overall.	0
Absolutely outstanding restaurant, will come back again. The dessert was excellent too.	1
We really regretted the stale waitress tonight. The burger was horrible too.	0
Best menu I've had in a long time, truly fresh.	1
We really enjoyed the outstanding staff tonight.	1
The coffee was stale.	0
The service was burnt.	0
The place was excellent.	1
The coffee was amazing. The pasta was amazing too.	1
Worst soup I've had in a long time, truly noisy.	0
What a disappointing place, the waiter fell far short.	0
Best bread I've had in a long time, truly tasty. The restaurant was delightful too.	1
Absolutely noisy dessert, never coming back.	0
Absolutely cozy waiter, will come back again.	1
What a amazing place, the chef exceeded expectations. The bread was fantastic too.	1
I loved the lovely pasta here. The waiter was impressive too.	1
I loved the excellent coffee here.	1
What a slow place, the salad fell far short.	0
burnt chef and a poor atmosphere overall.	0
I hated the burnt place here. The dessert was slow too.	0
Such a underwhelming experience with the pizza.	0
The service was dirty.	0
I hated the noisy sushi here.	0
Would not recommend, the staff was tasteless.	0
cozy bread and a great atmosphere overall.	1
Worst menu I've had in a long time, truly greasy. The menu was greasy too.	0
horrible waitress and a poor atmosphere overall. The sushi was terrible too.	0
Best sushi I've had in a long time, truly fantastic.	1
The salad here is horrible and not worth the money.	0
Would not recommend, the pasta was awful.	0
The menu here is great and worth every penny.	1
Absolutely burnt soup, never coming back.	0
The service was burnt. The pasta was horrible too.	0
Would not recommend, the menu was dirty. The waitress was soggy too.	0
Highly recommend, the coffee was excellent. The service was tasty too.	1
Absolutely bad place, never coming back.	0
Such a bland experience with the steak.	0
The soup was delightful. The ambience was tasty too.	1
The place was greasy.	0
excellent steak and a great atmosphere overall.	1
The dessert was friendly. The salad was fresh too.	1
stale salad and a poor atmosphere overall.	0
The pasta here is tasty and worth every penny.	1
quick food and a great atmosphere overall. The menu was flavorful too.	1
The burger was unfriendly.	0
We really enjoyed the delicious ambience tonight. The pizza was great too.	1
Absolutely fantastic place, will come back again.	1
Absolutely bland sushi, never coming back.	0
stale waiter and a poor atmosphere overall. The pasta was greasy too.	0
I hated the stale soup here.	0
I loved the tasty ambience here.	1
Absolutely disappointing sushi, never coming back.	0
We really enjoyed the flavorful service tonight. The pizza was delicious too.	1
I loved the excellent ambience here.	1
fresh staff and a great atmosphere overall.	1
We really enjoyed the wonderful chef tonight.	1
Such a cozy experience with the service.	1
What a delicious place, the steak exceeded expectations. The restaurant was outstanding too.	1
Best burger I've had in a long time, truly excellent.	1
horrible service and a poor atmosphere overall. The pasta was soggy too.	0
Absolutely overpriced staff, never coming back.	0
The steak was generous.	1
What a fresh place, the staff exceeded expectations.	1
Absolutely rude bread, never coming back.	0
I loved the delicious steak here.	1
Would not recommend, the waitress was soggy. The waiter was tasteless too.	0
Absolutely awful dessert, never coming back.	0
terrible pizza and a poor atmosphere overall. The service was horrible too.	0
Such a fantastic experience with the soup.	1
Highly recommend, the service was impressive. The sushi was impressive too.	1
What a greasy place, the ambience fell far short. The pizza was underwhelming too.	0
Worst salad I've had in a long time, truly stale.	0
Absolutely underwhelming chef, never coming back.	0
Absolutely overpriced dessert, never coming back. The waiter was horrible too.	0
Worst burger I've had in a long time, truly rude.	0
Absolutely lovely waitress, will come back again. The waitress was charming too.	1
Absolutely horrible pizza, never coming back.	0
tasty dessert and a great atmosphere overall.	1
We really regretted the bad waitress tonight.	0
Best ambience I've had in a long time, truly generous. The ambience was wonderful too.	1
Such a tasty experience with the coffee. The menu was impressive too.	1
Best menu I've had in a long time, truly delightful.	1
Best bread I've had in a long time, truly quick.	1
Absolutely friendly menu, will come back again.	1
The bread here is generous and worth every penny.	1
The salad was mediocre. The steak was burnt too.	0
Highly recommend, the waiter was friendly.	1
Such a terrible experience with the chef. The waiter was stale too.	0
wonderful soup and a great atmosphere overall.	1
wonderful menu and a great atmosphere overall. The pizza was wonderful too.	1
What a tasteless place, the sushi fell far short.	0
The salad was cozy.	1
The staff was bland. The service was tasteless too.	0
Worst staff I've had in a long time, truly tasteless. The restaurant was disappointing too.	0
Worst pasta I've had in a long time, truly bland.	0
We really regretted the noisy steak tonight.	0
The waiter here is lovely and worth every penny. The bread was excellent too.	1
excellent restaurant and a great atmosphere overall. The salad was quick too.	1
Would not recommend, the waiter was burnt.	0
I loved the fresh burger here.	1
I loved the generous restaurant here.	1
We really regretted the horrible restaurant tonight. The waiter was terrible too.	0
We really enjoyed the superb soup tonight.	1
The waiter was bad.	0
Worst soup I've had in a long time, truly dirty.	0
Absolutely great dessert, will come back again. The pasta was friendly too.	1
Such a fantastic experience with the restaurant.	1
I loved the lovely steak here. The sushi was amazing too.	1
noisy salad and a poor atmosphere overall.	0
Such a stale experience with the dessert.	0
We really enjoyed the amazing coffee tonight. The waiter was delicious too.	1
The pizza here is lovely and worth every penny.	1
The waitress was outstanding. The chef was great too.	1
The steak was charming. The salad was amazing too.	1
The soup here is terrible and not worth the money. The sushi was horrible too.	0
The ambience here is delicious and worth every penny.	1
Would not recommend, the steak was dirty.	0
Worst waitress I've had in a long time, truly mediocre. The dessert was stale too.	0
We really enjoyed the tasty bread tonight. The staff was generous too.	1
Highly recommend, the staff was outstanding.	1
I loved the wonderful food here. The waiter was superb too.	1
What a slow place, the staff fell far short.	0
The staff was great.	1
I loved the delightful steak here. The chef was outstanding too.	1
I hated the unfriendly place here. The restaurant was disappointing too.	0
I loved the excellent staff here.	1
terrible staff and a poor atmosphere overall.	0
The pizza was tasty.	1
Would not recommend, the ambience was tasteless. The menu was underwhelming too.	0
We really enjoyed the excellent salad tonight. The soup was delicious too.	1
Highly recommend, the chef was excellent. The waiter was tasty too.	1
Would not recommend, the burger was slow.	0
I hated the cold menu here. The steak was overpriced too.	0
What a friendly place, the waiter exceeded expectations. The waitress was cozy too.	1
disappointing pasta and a poor atmosphere overall. The dessert was overpriced too.	0
The coffee here is terrible and not worth the money. The waiter was bland too.	0
We really regretted the bland service tonight. The service was unfriendly too.	0
We really regretted the bland waitress tonight. The staff was tasteless too.	0
What a superb place, the soup exceeded expectations.	1
The staff here is impressive and worth every penny.	1
Worst steak I've had in a long time, truly bad.	0
We really regretted the dirty sushi tonight. The sushi was tasteless too.	0
Such a disappointing experience with the bread.	0
dirty service and a poor atmosphere overall.	0
outstanding chef and a great atmosphere overall.	1
Absolutely generous chef, will come back again. The ambience was quick too.	1
Worst food I've had in a long time, truly slow. The restaurant was horrible too.	0
terrible dessert and a poor atmosphere overall.	0
What a slow place, the waiter fell far short.	0
The menu was fantastic. The restaurant was perfect too.	1
The steak was disappointing.	0
Highly recommend, the waiter was lovely. The menu was flavorful too.	1
underwhelming salad and a poor atmosphere overall.	0
The waiter was flavorful. The place was great too.	1
What a underwhelming place, the steak fell far short. The pizza was soggy too.	0
tasty sushi and a great atmosphere overall.	1
Worst pasta I've had in a long time, truly rude.	0
What a mediocre place, the salad fell far short. The restaurant was soggy too.	0
Worst pasta I've had in a long time, truly tasteless.	0
What a superb place, the restaurant exceeded expectations.	1
We really regretted the terrible staff tonight. The pizza was disappointing too.	0
Best steak I've had in a long time, truly fresh.	1
Highly recommend, the sushi was perfect. The steak was tasty too.	1
What a tasteless place, the restaurant fell far short.	0
What a noisy place, the pizza fell far short. The pizza was underwhelming too.	0
The soup was underwhelming. The place was horrible too.	0
Best restaurant I've had in a long time, truly delightful. The sushi was generous too.	1
I hated the stale salad here.	0
Absolutely perfect menu, will come back again. The service was flavorful too.	1
The pizza was fresh. The salad was flavorful too.	1
The bread here is slow and not worth the money.	0
What a tasteless place, the sushi fell far short.	0
What a disappointing place, the menu fell far short.	0
Such a awful experience with the pasta.	0
Such a greasy experience with the coffee.	0
The waitress here is terrible and not worth the money. The restaurant was greasy too.	0
amazing food and a great atmosphere overall. The chef was wonderful too.	1
Highly recommend, the chef was friendly. The chef was outstanding too.	1
We really enjoyed the perfect place tonight. The salad was generous too.	1
What a rude place, the pasta fell far short. The food was cold too.	0
Highly recommend, the service was outstanding.	1
outstanding restaurant and a great atmosphere overall.	1
outstanding waitress and a great atmosphere overall. The salad was delicious too.	1
What a outstanding place, the pasta exceeded expectations.	1
The service was cozy.	1
I hated the underwhelming restaurant here.	0
I hated the slow restaurant here.	0
Best pizza I've had in a long time, truly great.	1
great steak and a great atmosphere overall. The staff was flavorful too.	1
The ambience was charming.	1
Would not recommend, the ambience was slow.	0
Absolutely bad menu, never coming back. The burger was overpriced too.	0
Highly recommend, the pizza was delicious. The pizza was flavorful too.	1
Such a awful experience with the service.	0
Would not recommend, the restaurant was slow. The ambience was horrible too.	0
The food here is cozy and worth every penny.	1
I hated the burnt waitress here. The soup was awful too.	0
What a overpriced place, the menu fell far short.	0
What a great place, the dessert exceeded expectations.	1
rude coffee and a poor atmosphere overall. The bread was terrible too.	0
The salad here is greasy and not worth the money.	0
Absolutely friendly coffee, will come back again.	1
Worst salad I've had in a long time, truly stale. The burger was horrible too.	0
We really regretted the greasy place tonight. The salad was soggy too.	0
Absolutely tasty ambience, will come back again. The ambience was fantastic too.	1
What a tasty place, the menu exceeded expectations.	1
What a tasty place, the pasta exceeded expectations.	1
The dessert was bad.	0
The pizza here is impressive and worth every penny. The food was lovely too.	1
Absolutely disappointing food, never coming back.	0
flavorful menu and a great atmosphere overall.	1
What a horrible place, the chef fell far short.	0
Highly recommend, the sushi was flavorful.	1
What a great place, the pizza exceeded expectations. The food was amazing too.	1
The salad was delicious.	1
We really enjoyed the lovely food tonight. The soup was excellent too.	1
Worst place I've had in a long time, truly awful. The menu was mediocre too.	0
The dessert here is great and worth every penny.	1
The food was lovely.	1
The pasta here is slow and not worth the money.	0
The menu was fantastic.	1
The sushi was rude. The pizza was bad too.	0
The soup here is charming and worth every penny. The soup was flavorful too.	1
Such a wonderful experience with the staff. The ambience was amazing too.	1
flavorful service and a great atmosphere overall.	1
The waitress was rude.	0
The service here is great and worth every penny.	1
The sushi here is tasty and worth every penny. The burger was tasty too.	1
The pizza was generous.	1
noisy service and a poor atmosphere overall.	0
The sushi was overpriced. The staff was unfriendly too.	0
We really enjoyed the generous dessert tonight.	1
Would not recommend, the dessert was dirty.	0
superb steak and a great atmosphere overall. The ambience was superb too.	1
The chef here is superb and worth every penny. The sushi was charming too.	1
superb waitress and a great atmosphere overall. The burger was wonderful too.	1
We really enjoyed the superb steak tonight.	1
The bread was excellent. The restaurant was delightful too.	1
Absolutely charming steak, will come back again.	1
Such a wonderful experience with the soup.	1
bland ambience and a poor atmosphere overall.	0
The coffee was burnt.	0
The soup here is terrible and not worth the money.	0
Worst waiter I've had in a long time, truly overpriced.	0
Would not recommend, the steak was dirty.	0
Such a horrible experience with the coffee.	0
Such a cold experience with the waitress.	0
Such a wonderful experience with the chef.	1
We really enjoyed the fantastic coffee tonight. The staff was lovely too.	1
The pizza here is friendly and worth every penny.	1
Such a fantastic experience with the bread. The food was lovely too.	1
Absolutely disappointing place, never coming back.	0
The staff here is bland and not worth the money.	0
Best place I've had in a long time, truly quick.	1
The food here is delightful and worth every penny. The dessert was tasty too.	1
What a mediocre place, the pasta fell far short.	0
What a delightful place, the sushi exceeded expectations. The sushi was delicious too.	1
Best sushi I've had in a long time, truly outstanding. The sushi was friendly too.	1
fantastic bread and a great atmosphere overall.	1
We really enjoyed the superb salad tonight.	1
We really regretted the awful ambience tonight.	0
The staff here is flavorful and worth every penny.	1
I loved the fresh staff here.	1
What a overpriced place, the steak fell far short.	0
The service here is tasteless and not worth the money.	0
What a tasty place, the chef exceeded expectations.	1
What a slow place, the food fell far short.	0
We really enjoyed the cozy food tonight. The waiter was generous too.	1
impressive burger and a great atmosphere overall.	1
The bread here is awful and not worth the money.	0
Absolutely flavorful coffee, will come back again.	1
The pasta was excellent. The steak was quick too.	1
I loved the wonderful place here. The sushi was fresh too.	1
Absolutely friendly food, will come back again.	1
Absolutely greasy service, never coming back. The soup was underwhelming too.	0
I hated the bad pizza here. The restaurant was slow too.	0
The salad was impressive.	1
The dessert was mediocre.	0
I loved the charming dessert here.	1
perfect service and a great atmosphere overall.	1
I loved the great waitress here. The dessert was flavorful too.	1
Such a cozy experience with the ambience.	1
The restaurant was fantastic. The soup was excellent too.	1
Would not recommend, the menu was bad. The burger was underwhelming too.	0
What a excellent place, the staff exceeded expectations.	1
Such a awful experience with the bread. The pasta was slow too.	0
Worst ambience I've had in a long time, truly terrible. The food was cold too.	0
What a perfect place, the coffee exceeded expectations.	1
Best pasta I've had in a long time, truly wonderful.	1
Such a tasty experience with the sushi.	1
Such a flavorful experience with the sushi. The ambience was charming too.	1
Absolutely great bread, will come back again.	1
I hated the slow coffee here.	0
Absolutely impressive staff, will come back again. The waitress was superb too.	1
perfect pizza and a great atmosphere overall. The waitress was delicious too.	1
The steak was horrible. The dessert was horrible too.	0
Such a unfriendly experience with the chef.	0
What a flavorful place, the restaurant exceeded expectations.	1
Absolutely mediocre coffee, never coming back. The coffee was greasy too.	0
great sushi and a great atmosphere overall.	1
Would not recommend, the waitress was bland. The restaurant was awful too.	0
stale dessert and a poor atmosphere overall. The steak was greasy too.	0
Best bread I've had in a long time, truly delightful.	1
We really regretted the soggy sushi tonight. The soup was burnt too.	0
What a unfriendly place, the salad fell far short. The steak was bland too.	0
Would not recommend, the sushi was tasteless.	0
The staff here is stale and not worth the money.	0
Would not recommend, the pasta was unfriendly. The steak was overpriced too.	0
Worst soup I've had in a long time, truly disappointing.	0
Highly recommend, the menu was outstanding.	1
What a perfect place, the burger exceeded expectations.	1
Absolutely unfriendly menu, never coming back.	0
Best pasta I've had in a long time, truly tasty.	1
Such a outstanding experience with the bread.	1
Absolutely cozy soup, will come back again. The pasta was fresh too.	1
Worst menu I've had in a long time, truly unfriendly. The sushi was dirty too.	0
We really enjoyed the friendly pizza tonight.	1
Would not recommend, the soup was bad. The burger was unfriendly too.	0
I loved the perfect staff here.	1
The bread was horrible. The burger was underwhelming too.	0
What a burnt place, the chef fell far short.	0
impressive coffee and a great atmosphere overall. The service was quick too.	1
I loved the delightful sushi here.	1
I hated the tasteless ambience here. The place was dirty too.	0
I loved the delicious service here. The bread was charming too.	1
I loved the wonderful burger here.	1
The waitress was tasty.	1
The soup was awful. The salad was stale too.	0
Such a mediocre experience with the pasta. The salad was unfriendly too.	0
Highly recommend, the soup was perfect. The pizza was wonderful too.	1
What a charming place, the food exceeded expectations. The pizza was excellent too.	1
Highly recommend, the ambience was tasty.	1
What a bland place, the waiter fell far short.	0
I hated the underwhelming burger here. The waitress was overpriced too.	0
What a generous place, the pizza exceeded expectations. The waiter was fresh too.	1
The burger was fantastic. The pasta was quick too.	1
delightful soup and a great atmosphere overall.	1
I loved the fantastic pizza here.	1
Absolutely generous chef, will come back again.	1
delightful ambience and a great atmosphere overall. The burger was tasty too.	1
Would not recommend, the sushi was mediocre. The food was underwhelming too.	0
delightful coffee and a great atmosphere overall.	1
Worst salad I've had in a long time, truly disappointing. The staff was unfriendly too.	0
excellent ambience and a great atmosphere overall. The steak was superb too.	1
Such a perfect experience with the ambience.	1
What a horrible place, the pizza fell far short.	0
Such a noisy experience with the food.	0
The staff was bad. The dessert was dirty too.	0
We really regretted the terrible ambience tonight.	0
I loved the quick chef here.	1
The dessert here is overpriced and not worth the money. The burger was underwhelming too.	0
Such a excellent experience with the waiter.	1
Would not recommend, the coffee was unfriendly.	0
Best service I've had in a long time, truly friendly. The pizza was great too.	1
What a great place, the waiter exceeded expectations.	1
I loved the perfect service here.	1
Absolutely generous burger, will come back again. The waitress was perfect too.	1
fresh waiter and a great atmosphere overall. The coffee was great too.	1
What a great place, the pizza exceeded expectations. The waiter was lovely too.	1
underwhelming bread and a poor atmosphere overall.	0
Such a amazing experience with the pizza.	1
I hated the bland staff here. The waiter was burnt too.	0
Would not recommend, the place was bad.	0
Highly recommend, the waiter was wonderful.	1
Worst pizza I've had in a long time, truly terrible.	0
The burger was cozy.	1
Absolutely horrible service, never coming back. The sushi was slow too.	0
What a fresh place, the restaurant exceeded expectations.	1
We really regretted the stale soup tonight. The waiter was cold too.	0
What a excellent place, the pizza exceeded expectations.	1
Absolutely friendly staff, will come back again. The chef was cozy too.	1
Highly recommend, the sushi was friendly.	1
We really enjoyed the cozy ambience tonight.	1
What a dirty place, the coffee fell far short.	0
Highly recommend, the ambience was perfect.	1
We really regretted the soggy waiter tonight. The service was disappointing too.	0
Worst staff I've had in a long time, truly unfriendly.	0
unfriendly place and a poor atmosphere overall. The pasta was dirty too.	0
We really enjoyed the outstanding food tonight. The food was tasty too.	1
We really regretted the slow waitress tonight.	0
greasy restaurant and a poor atmosphere overall. The food was overpriced too.	0
We really regretted the stale chef tonight. The chef was dirty too.	0
Absolutely generous menu, will come back again.	1
Absolutely fresh service, will come back again.	1
Worst place I've had in a long time, truly greasy. The chef was horrible too.	0
What a great place, the waitress exceeded expectations. The coffee was charming too.	1
We really enjoyed the delicious sushi tonight. The steak was tasty too.	1
Absolutely soggy pasta, never coming back. The place was slow too.	0
The bread was stale. The menu was soggy too.	0
We really enjoyed the amazing dessert tonight.	1
Worst salad I've had in a long time, truly bad.	0
The pasta was superb.	1
We really enjoyed the fantastic soup tonight.	1
The waitress was cozy.	1
Highly recommend, the bread was impressive. The restaurant was friendly too.	1
The steak here is generous and worth every penny. The menu was great too.	1
The salad here is friendly and worth every penny. The service was delicious too.	1
Absolutely terrible pasta, never coming back. The soup was disappointing too.	0
slow waitress and a poor atmosphere overall.	0
The burger was tasty.	1
The waiter here is delicious and worth every penny.	1
We really enjoyed the fresh staff tonight.	1
I hated the underwhelming waiter here. The chef was tasteless too.	0
We really enjoyed the superb salad tonight.	1
Would not recommend, the burger was noisy.	0
Highly recommend, the steak was outstanding. The soup was cozy too.	1
Such a delightful experience with the burger. The food was quick too.	1
Worst sushi I've had in a long time, truly stale.	0
underwhelming pasta and a poor atmosphere overall. The soup was greasy too.	0
Absolutely fantastic burger, will come back again.	1
We really enjoyed the fresh pizza tonight.	1
Highly recommend, the place was charming. The ambience was quick too.	1
The soup here is tasteless and not worth the money. The waiter was unfriendly too.	0
Worst sushi I've had in a long time, truly bland.	0
mediocre service and a poor atmosphere overall.	0
We really regretted the mediocre restaurant tonight.	0
I hated the dirty steak here. The sushi was underwhelming too.	0
Such a noisy experience with the ambience.	0
Such a lovely experience with the pizza.	1
Absolutely outstanding waiter, will come back again.	1
I hated the horrible soup here. The staff was terrible too.	0
charming restaurant and a great atmosphere overall.	1
The staff was wonderful. The waiter was delicious too.	1
Worst restaurant I've had in a long time, truly greasy.	0
I loved the impressive dessert here. The pasta was outstanding too.	1
What a awful place, the place fell far short. The service was unfriendly too.	0
Absolutely disappointing food, never coming back.	0
The sushi here is fantastic and worth every penny.	1
I hated the soggy salad here.	0
I hated the slow pasta here.	0
Would not recommend, the burger was rude. The salad was overpriced too.	0
awful pasta and a poor atmosphere overall.	0
We really regretted the underwhelming waiter tonight. The coffee was greasy too.	0
horrible pasta and a poor atmosphere overall.	0
Worst pizza I've had in a long time, truly greasy. The chef was slow too.	0
I hated the awful restaurant here. The place was slow too.	0
Absolutely generous place, will come back again. The staff was lovely too.	1
What a outstanding place, the steak exceeded expectations. The sushi was quick too.	1
Highly recommend, the waitress was fantastic.	1
We really regretted the disappointing pasta tonight.	0
rude dessert and a poor atmosphere overall. The staff was awful too.	0
perfect service and a great atmosphere overall. The sushi was generous too.	1
We really enjoyed the outstanding ambience tonight. The steak was quick too.	1
Absolutely impressive steak, will come back again. The waiter was perfect too.	1
We really regretted the bland waitress tonight.	0
The steak was wonderful.	1
What a cozy place, the pizza exceeded expectations.	1
Absolutely disappointing burger, never coming back.	0
Best food I've had in a long time, truly superb.	1
The dessert was tasteless. The coffee was disappointing too.	0
Worst menu I've had in a long time, truly slow.	0
Would not recommend, the coffee was stale. The coffee was noisy too.	0
Such a delightful experience with the salad.	1
What a generous place, the service exceeded expectations.	1
The bread was bad. The food was mediocre too.	0
We really enjoyed the great soup tonight.	1
What a generous place, the waitress exceeded expectations.	1
Such a impressive experience with the steak.	1
Such a delicious experience with the pasta.	1
stale soup and a poor atmosphere overall. The coffee was overpriced too.	0
We really enjoyed the fresh service tonight. The food was quick too.	1
The service here is bland and not worth the money.	0
The bread was mediocre.	0
The pasta was delightful.	1
Would not recommend, the soup was disappointing.	0
Such a fantastic experience with the pasta.	1
Best ambience I've had in a long time, truly charming. The menu was amazing too.	1
Worst waitress I've had in a long time, truly bland.	0
I hated the terrible sushi here. The burger was rude too.	0
stale pasta and a poor atmosphere overall. The waitress was disappointing too.	0
I hated the dirty waiter here.	0
Highly recommend, the pasta was lovely.	1
Absolutely great staff, will come back again.	1
I loved the fresh food here.	1
I hated the rude burger here.	0
Would not recommend, the steak was cold.	0
Would not recommend, the bread was bad. The salad was stale too.	0
I loved the superb staff here. The ambience was tasty too.	1
The bread was stale.	0
I loved the great salad here. The steak was excellent too.	1
Such a burnt experience with the coffee.	0
Best dessert I've had in a long time, truly amazing.	1
Highly recommend, the waitress was fantastic.	1
Absolutely disappointing ambience, never coming back. The sushi was noisy too.	0
We really regretted the overpriced staff tonight.	0
Best chef I've had in a long time, truly friendly.	1
The menu was delicious.	1
Worst food I've had in a long time, truly noisy. The dessert was tasteless too.	0
Worst waitress I've had in a long time, truly terrible.	0
I loved the wonderful staff here.	1
What a cold place, the bread fell far short. The sushi was burnt too.	0
I loved the outstanding bread here.	1
Such a outstanding experience with the service. The waitress was lovely too.	1
The service was cold.	0
stale restaurant and a poor atmosphere overall.	0
tasteless burger and a poor atmosphere overall.	0
I hated the dirty coffee here.	0
The pasta was mediocre. The pasta was tasteless too.	0
Absolutely great waiter, will come back again.	1
I loved the delightful salad here. The place was perfect too.	1
I hated the tasteless steak here. The menu was noisy too.	0
The staff was overpriced. The bread was burnt too.	0
What a burnt place, the staff fell far short.	0
Highly recommend, the bread was lovely.	1
The place was horrible. The waitress was bland too.	0
The steak was stale. The place was noisy too.	0
We really enjoyed the fantastic food tonight. The dessert was friendly too.	1
The bread here is fantastic and worth every penny. The bread was fresh too.	1
Absolutely tasteless staff, never coming back. The soup was cold too.	0
Such a underwhelming experience with the food.	0
Would not recommend, the restaurant was rude. The waitress was terrible too.	0
What a perfect place, the coffee exceeded expectations.	1
Would not recommend, the menu was underwhelming. The waitress was disappointing too.	0
Such a horrible experience with the salad.	0
Absolutely dirty pasta, never coming back.	0
What a quick place, the soup exceeded expectations. The pizza was delightful too.	1
The place here is quick and worth every penny.	1
I hated the terrible sushi here.	0
Absolutely stale menu, never coming back.	0
Such a fantastic experience with the soup. The service was fresh too.	1
I loved the delicious pizza here.	1
The restaurant here is tasty and worth every penny.	1
Such a amazing experience with the soup.	1
I loved the quick food here. The chef was wonderful too.	1
Best restaurant I've had in a long time, truly fantastic. The waitress was friendly too.	1
We really enjoyed the perfect coffee tonight.	1
tasty restaurant and a great atmosphere overall. The pizza was flavorful too.	1
perfect sushi and a great atmosphere overall. The food was quick too.	1
The chef was rude.	0
Would not recommend, the service was bad. The waitress was cold too.	0
The pasta here is slow and not worth the money. The waitress was terrible too.	0
I loved the cozy sushi here.	1
Such a greasy experience with the dessert.	0
flavorful burger and a great atmosphere overall. The sushi was fresh too.	1
The chef was wonderful.	1
Such a horrible experience with the sushi.	0
Absolutely cozy bread, will come back again. The dessert was cozy too.	1
The burger here is cold and not worth the money.	0
greasy coffee and a poor atmosphere overall. The soup was cold too.	0
The pizza here is greasy and not worth the money.	0
What a delightful place, the bread exceeded expectations.	1
We really regretted the rude coffee tonight.	0
The food was wonderful. The bread was quick too.	1
The soup was tasteless.	0
The waiter here is cold and not worth the money.	0
The waitress here is stale and not worth the money.	0
What a delightful place, the ambience exceeded expectations.	1
We really enjoyed the friendly place tonight.	1
The pizza was outstanding.	1
Such a underwhelming experience with the dessert.	0
overpriced sushi and a poor atmosphere overall.	0
I loved the great food here.	1
fresh restaurant and a great atmosphere overall.	1
generous menu and a great atmosphere overall.	1
Highly recommend, the staff was fantastic.	1
Such a fresh experience with the restaurant. The place was delicious too.	1
What a amazing place, the burger exceeded expectations.	1
We really regretted the noisy burger tonight.	0
Such a outstanding experience with the staff.	1
What a stale place, the staff fell far short.	0
We really regretted the awful pizza tonight.	0
The bread was excellent.	1
tasty sushi and a great atmosphere overall.	1
Would not recommend, the place was bland.	0
The soup was perfect.	1
We really enjoyed the superb dessert tonight.	1
I hated the terrible waiter here.	0
The soup here is terrible and not worth the money. The waiter was overpriced too.	0
Such a rude experience with the service.	0
The menu here is wonderful and worth every penny.	1
What a overpriced place, the chef fell far short. The place was disappointing too.	0
lovely dessert and a great atmosphere overall. The staff was excellent too.	1
The sushi was horrible. The service was burnt too.	0
I hated the mediocre waiter here. The waiter was disappointing too.	0
slow staff and a poor atmosphere overall. The pizza was rude too.	0
Highly recommend, the burger was cozy.	1
What a impressive place, the coffee exceeded expectations.	1
What a rude place, the chef fell far short.	0
We really regretted the disappointing soup tonight.	0
The salad here is bad and not worth the money. The salad was disappointing too.	0
tasty food and a great atmosphere overall. The bread was generous too.	1
I hated the noisy staff here.	0
Such a delicious experience with the restaurant.	1
Would not recommend, the bread was cold.	0
The soup was slow.	0
Absolutely overpriced bread, never coming back. The service was soggy too.	0
I hated the burnt salad here. The bread was bland too.	0
Would not recommend, the steak was soggy. The burger was tasteless too.	0
Absolutely slow bread, never coming back. The sushi was disappointing too.	0
I loved the fresh restaurant here.	1
I hated the bad salad here.	0
Best bread I've had in a long time, truly great.	1
The burger was tasteless. The food was terrible too.	0
I hated the terrible food here. The soup was bland too.	0
We really enjoyed the tasty staff tonight.	1
Would not recommend, the place was bad.	0
The service was delightful.	1
outstanding dessert and a great atmosphere overall.	1
The coffee here is greasy and not worth the money. The staff was burnt too.	0
What a delightful place, the restaurant exceeded expectations.	1
Highly recommend, the pasta was flavorful.	1
Absolutely slow staff, never coming back.	0
What a cozy place, the pasta exceeded expectations.	1
We really regretted the horrible steak tonight. The waitress was bad too.	0
What a awful place, the food fell far short. The burger was overpriced too.	0
Worst ambience I've had in a long time, truly dirty. The coffee was stale too.	0
slow coffee and a poor atmosphere overall. The place was overpriced too.	0
The waitress here is wonderful and worth every penny.	1
The steak was dirty. The waiter was noisy too.	0
Would not recommend, the ambience was awful.	0
delicious sushi and a great atmosphere overall. The waitress was delightful too.	1
We really regretted the burnt salad tonight.	0
Would not recommend, the food was unfriendly. The staff was awful too.	0
I loved the delicious burger here.	1
I loved the cozy burger here.	1
The coffee here is amazing and worth every penny.	1
Highly recommend, the burger was excellent.	1
Highly recommend, the sushi was fresh. The menu was cozy too.	1
The staff here is friendly and worth every penny. The staff was wonderful too.	1
The ambience here is delightful and worth every penny.	1
The coffee here is noisy and not worth the money.	0
Such a amazing experience with the waiter.	1
Highly recommend, the restaurant was superb.	1
The place here is lovely and worth every penny. The service was friendly too.	1
Absolutely horrible pasta, never coming back. The dessert was greasy too.	0
rude service and a poor atmosphere overall.	0
Highly recommend, the dessert was outstanding.	1
The pasta was tasty.	1
The sushi here is friendly and worth every penny.	1
Would not recommend, the burger was greasy.	0
The coffee was soggy.	0
Such a superb experience with the place.	1
Absolutely soggy coffee, never coming back.	0
Absolutely outstanding burger, will come back again.	1
The service was tasteless. The service was greasy too.	0
Such a disappointing experience with the pizza. The dessert was disappointing too.	0
What a perfect place, the coffee exceeded expectations. The place was friendly too.	1
I loved the wonderful pizza here. The salad was generous too.	1
I loved the generous coffee here.	1
Such a tasty experience with the salad.	1
Such a underwhelming experience with the menu. The steak was overpriced too.	0
The service was mediocre.	0
Would not recommend, the staff was unfriendly.	0
I loved the friendly steak here.	1
Would not recommend, the coffee was mediocre.	0
The coffee was amazing.	1
The menu was terrible.	0
I loved the quick steak here.	1
The salad was cozy. The ambience was outstanding too.	1
The sushi here is underwhelming and not worth the money.	0
fantastic salad and a great atmosphere overall.	1
tasty salad and a great atmosphere overall. The dessert was wonderful too.	1
The service here is bland and not worth the money.	0
What a cozy place, the place exceeded expectations. The bread was lovely too.	1
fresh pizza and a great atmosphere overall.	1
What a amazing place, the steak exceeded expectations. The waitress was tasty too.	1
Such a rude experience with the waiter.	0
I hated the slow coffee here. The burger was tasteless too.	0
I loved the quick steak here. The service was lovely too.	1
Would not recommend, the restaurant was soggy.	0
The service was superb.	1
We really enjoyed the fresh steak tonight.	1
The waitress was quick.	1
Absolutely fantastic place, will come back again.	1
Such a delicious experience with the food.	1
Such a soggy experience with the service. The ambience was unfriendly too.	0
amazing staff and a great atmosphere overall. The chef was great too.	1
I hated the disappointing steak here.	0
Worst menu I've had in a long time, truly stale. The waitress was soggy too.	0
excellent bread and a great atmosphere overall.	1
flavorful sushi and a great atmosphere overall.	1
Such a unfriendly experience with the restaurant.	0
The burger was greasy. The pasta was burnt too.	0
We really regretted the soggy food tonight.	0
Such a lovely experience with the steak.	1
Absolutely soggy bread, never coming back.	0
Best menu I've had in a long time, truly fresh.	1
I loved the delicious place here.	1
What a amazing place, the chef exceeded expectations.	1
What a dirty place, the coffee fell far short.	0
The staff here is lovely and worth every penny.	1
The food here is generous and worth every penny.	1
What a friendly place, the waiter exceeded expectations.	1
What a quick place, the salad exceeded expectations.	1
Highly recommend, the ambience was lovely.	1
I hated the bad salad here.	0
Highly recommend, the pasta was wonderful.	1
What a friendly place, the soup exceeded expectations. The steak was impressive too.	1
The place was greasy.	0
What a impressive place, the pasta exceeded expectations.	1
Such a rude experience with the menu. The pizza was greasy too.	0
quick restaurant and a great atmosphere overall.	1
What a mediocre place, the service fell far short.	0
Absolutely underwhelming bread, never coming back. The place was bad too.	0
We really enjoyed the amazing waitress tonight. The menu was lovely too.	1
Highly recommend, the bread was fresh.	1
Best steak I've had in a long time, truly delightful.	1
Would not recommend, the coffee was slow.	0
Worst pasta I've had in a long time, truly terrible.	0
What a slow place, the place fell far short.	0
Highly recommend, the steak was amazing.	1
What a horrible place, the restaurant fell far short.	0
slow bread and a poor atmosphere overall.	0
charming staff and a great atmosphere overall.	1
I hated the mediocre dessert here.	0
Would not recommend, the menu was terrible.	0
Absolutely fantastic waitress, will come back again.	1
What a tasteless place, the coffee fell far short. The place was stale too.	0
perfect menu and a great atmosphere overall.	1
The pizza here is impressive and worth every penny.	1
The burger was delicious.	1
Such a flavorful experience with the waiter. The coffee was quick too.	1
friendly salad and a great atmosphere overall. The service was fantastic too.	1
Such a soggy experience with the ambience. The menu was unfriendly too.	0
The steak was terrible.	0
The ambience was cozy.	1
The burger here is great and worth every penny.	1
The staff was tasteless.	0
Such a cozy experience with the waiter.	1
Absolutely quick chef, will come back again. The dessert was fresh too.	1
The burger was perfect.	1
What a bad place, the chef fell far short. The waiter was awful too.	0
slow chef and a poor atmosphere overall.	0
What a wonderful place, the waitress exceeded expectations. The food was charming too.	1
We really enjoyed the flavorful staff tonight.	1
What a rude place, the service fell far short.	0
The salad here is bland and not worth the money. The coffee was burnt too.	0
Such a great experience with the burger. The chef was fresh too.	1
Best staff I've had in a long time, truly wonderful. The waiter was tasty too.	1
I hated the horrible dessert here.	0
The staff was bad. The waiter was cold too.	0
Absolutely unfriendly staff, never coming back. The place was overpriced too.	0
Highly recommend, the waitress was fresh.	1
We really regretted the slow steak tonight.	0
superb soup and a great atmosphere overall. The menu was generous too.	1
The staff here is burnt and not worth the money. The soup was awful too.	0
Worst waiter I've had in a long time, truly noisy. The ambience was greasy too.	0
I hated the awful coffee here.	0
Such a awful experience with the pasta.	0
fantastic burger and a great atmosphere overall.	1
We really enjoyed the wonderful place tonight.	1
Absolutely soggy sushi, never coming back.	0
Absolutely amazing staff, will come back again.	1
Would not recommend, the sushi was noisy.	0
The place here is disappointing and not worth the money.	0
What a rude place, the waitress fell far short.	0
We really regretted the unfriendly sushi tonight. The waitress was overpriced too.	0
I loved the fresh bread here.	1
Worst waiter I've had in a long time, truly burnt.	0
What a overpriced place, the steak fell far short.	0
What a flavorful place, the food exceeded expectations.	1
I hated the horrible waitress here.	0
We really regretted the horrible service tonight. The ambience was soggy too.	0
Worst restaurant I've had in a long time, truly terrible.	0
Absolutely charming ambience, will come back again. The waiter was excellent too.	1
Worst pizza I've had in a long time, truly dirty.	0
Best staff I've had in a long time, truly friendly. The steak was charming too.	1
The chef here is cold and not worth the money.	0
Would not recommend, the restaurant was bland.	0
What a great place, the waiter exceeded expectations. The soup was friendly too.	1
The chef was unfriendly.	0
Such a stale experience with the bread.	0
The salad here is charming and worth every penny.	1
Absolutely excellent food, will come back again.	1
The service was outstanding.	1
charming pizza and a great atmosphere overall.	1
Highly recommend, the salad was perfect.	1
What a greasy place, the restaurant fell far short. The salad was soggy too.	0
I loved the great bread here. The chef was charming too.	1
The coffee was bad.	0
Worst chef I've had in a long time, truly bland.	0
burnt pizza and a poor atmosphere overall.	0
Highly recommend, the sushi was tasty.	1
What a amazing place, the waiter exceeded expectations.	1
What a bland place, the ambience fell far short. The chef was underwhelming too.	0
We really enjoyed the charming salad tonight. The restaurant was delightful too.	1
Highly recommend, the soup was quick.	1
Best restaurant I've had in a long time, truly wonderful.	1
The menu was flavorful.	1
Would not recommend, the bread was tasteless. The waiter was overpriced too.	0
The dessert here is awful and not worth the money.	0
friendly dessert and a great atmosphere overall.	1
What a bad place, the steak fell far short. The place was rude too.	0
Absolutely charming burger, will come back again.	1
The steak here is superb and worth every penny. The coffee was friendly too.	1
noisy chef and a poor atmosphere overall. The dessert was unfriendly too.	0
Such a rude experience with the pasta.	0
What a burnt place, the restaurant fell far short.	0
Such a fresh experience with the ambience.	1
Worst soup I've had in a long time, truly cold.	0
Best burger I've had in a long time, truly great. The steak was flavorful too.	1
tasteless waiter and a poor atmosphere overall. The soup was rude too.	0
Such a noisy experience with the ambience.	0
Highly recommend, the pizza was outstanding.	1
Such a fantastic experience with the dessert.	1
Highly recommend, the coffee was fantastic.	1
The dessert was superb.	1
The sushi here is cozy and worth every penny.	1
The bread was outstanding.	1
The sushi here is lovely and worth every penny. The menu was lovely too.	1
Highly recommend, the salad was fantastic.	1
We really regretted the cold staff tonight.	0
Such a delicious experience with the waiter.	1
Such a impressive experience with the steak. The service was great too.	1
disappointing dessert and a poor atmosphere overall. The steak was greasy too.	0
Best chef I've had in a long time, truly fantastic.	1
Such a cold experience with the menu.	0
Such a unfriendly experience with the dessert.	0
I loved the cozy sushi here. The waitress was generous too.	1
The steak was awful.	0
I loved the wonderful burger here. The staff was delicious too.	1
We really regretted the rude dessert tonight. The coffee was cold too.	0
We really regretted the soggy soup tonight.	0
We really regretted the slow salad tonight. The dessert was slow too.	0
Highly recommend, the pizza was cozy.	1
Absolutely friendly dessert, will come back again.	1
burnt steak and a poor atmosphere overall.	0
Would not recommend, the steak was noisy.	0
We really enjoyed the charming chef tonight. The waiter was wonderful too.	1
Highly recommend, the sushi was outstanding. The burger was charming too.	1
noisy steak and a poor atmosphere overall.	0
The steak here is unfriendly and not worth the money. The restaurant was greasy too.	0
I loved the fantastic salad here.	1
The waitress was outstanding. The food was delicious too.	1
The service here is wonderful and worth every penny. The pizza was impressive too.	1
Such a great experience with the pizza. The place was outstanding too.	1
Such a great experience with the steak. The steak was flavorful too.	1
Such a soggy experience with the service.	0
Absolutely charming waitress, will come back again.	1
The pasta here is greasy and not worth the money.	0
delightful coffee and a great atmosphere overall. The salad was flavorful too.	1
Such a underwhelming experience with the restaurant.	0
lovely chef and a great atmosphere overall. The food was wonderful too.	1
Absolutely cozy dessert, will come back again.	1
I hated the disappointing pasta here.	0
I hated the burnt waiter here.	0
Absolutely great menu, will come back again. The restaurant was amazing too.	1
I loved the delightful pasta here. The food was great too.	1
fresh coffee and a great atmosphere overall. The waiter was tasty too.	1
Best bread I've had in a long time, truly generous. The waiter was flavorful too.	1
I loved the cozy ambience here.	1
Worst waiter I've had in a long time, truly rude.	0
Worst steak I've had in a long time, truly stale.	0
Absolutely flavorful burger, will come back again. The soup was delicious too.	1
What a slow place, the steak fell far short. The chef was horrible too.	0
I hated the overpriced bread here. The bread was rude too.	0
We really regretted the cold chef tonight. The chef was disappointing too.	0
Such a generous experience with the menu.	1
The soup was rude. The waiter was slow too.	0
What a impressive place, the soup exceeded expectations. The waitress was excellent too.	1
Worst place I've had in a long time, truly mediocre.	0
The soup here is great and worth every penny. The bread was wonderful too.	1
Worst pizza I've had in a long time, truly rude.	0
Highly recommend, the pizza was impressive. The bread was lovely too.	1
I loved the quick burger here.	1
Such a underwhelming experience with the chef. The ambience was greasy too.	0
What a amazing place, the pizza exceeded expectations. The burger was impressive too.	1
I loved the delightful sushi here. The chef was delightful too.	1
The soup was generous. The waiter was generous too.	1
The staff was excellent. The salad was generous too.	1
I loved the flavorful coffee here. The steak was wonderful too.	1
Highly recommend, the soup was charming. The restaurant was amazing too.	1
Best place I've had in a long time, truly wonderful. The service was charming too.	1
The menu was excellent.	1
We really regretted the burnt burger tonight.	0
Would not recommend, the chef was soggy.	0
Best soup I've had in a long time, truly generous.	1
Best dessert I've had in a long time, truly cozy. The bread was friendly too.	1
Such a awful experience with the service. The pasta was overpriced too.	0
What a bland place, the ambience fell far short.	0
I hated the tasteless soup here.	0
Such a excellent experience with the dessert.	1
The soup was bland.	0
What a excellent place, the soup exceeded expectations.	1
The food here is great and worth every penny. The burger was cozy too.	1
What a awful place, the menu fell far short.	0
impressive food and a great atmosphere overall.	1
What a tasty place, the staff exceeded expectations.	1
Absolutely fantastic salad, will come back again. The restaurant was wonderful too.	1
Absolutely tasty place, will come back again. The chef was quick too.	1
The chef was slow. The staff was cold too.	0
horrible place and a poor atmosphere overall. The waiter was awful too.	0
The place was delightful.	1
We really enjoyed the cozy steak tonight.	1
Such a unfriendly experience with the menu. The soup was disappointing too.	0
Best waitress I've had in a long time, truly friendly. The food was excellent too.	1
Would not recommend, the chef was greasy. The pasta was rude too.	0
The place here is great and worth every penny. The bread was friendly too.	1
Best coffee I've had in a long time, truly wonderful.	1
Absolutely tasteless soup, never coming back. The pasta was horrible too.	0
What a terrible place, the restaurant fell far short. The dessert was dirty too.	0
The ambience was bland.	0
What a noisy place, the menu fell far short. The soup was underwhelming too.	0
Such a fantastic experience with the food.	1
The place here is slow and not worth the money. The dessert was burnt too.	0
Best steak I've had in a long time, truly charming. The restaurant was tasty too.	1
I hated the stale food here.	0
Absolutely terrible restaurant, never coming back.	0
I loved the quick service here. The waiter was flavorful too.	1
We really regretted the burnt pizza tonight. The waiter was unfriendly too.	0
We really regretted the awful salad tonight.	0
mediocre staff and a poor atmosphere overall.	0
Such a mediocre experience with the food. The pasta was soggy too.	0
Best place I've had in a long time, truly outstanding. The waiter was amazing too.	1
The pizza was lovely. The place was amazing too.	1
dirty salad and a poor atmosphere overall.	0
Worst soup I've had in a long time, truly bad.	0
I hated the unfriendly pasta here. The soup was dirty too.	0
lovely dessert and a great atmosphere overall.	1
We really enjoyed the perfect pizza tonight.	1
We really enjoyed the perfect restaurant tonight.	1
Highly recommend, the place was delicious. The place was cozy too.	1
Such a awful experience with the place. The waitress was burnt too.	0
We really regretted the cold pizza tonight. The staff was underwhelming too.	0
Would not recommend, the waiter was mediocre. The food was soggy too.	0
We really enjoyed the superb place tonight. The soup was amazing too.	1
The place was tasteless.	0
The menu was cozy.	1
The place was fresh.	1
I hated the tasteless pizza here.	0
Would not recommend, the pasta was dirty.	0
Such a greasy experience with the sushi.	0
Such a fantastic experience with the waiter. The soup was quick too.	1
Highly recommend, the waiter was superb.	1
bad dessert and a poor atmosphere overall.	0
We really regretted the stale salad tonight. The place was burnt too.	0
Such a outstanding experience with the food.	1
unfriendly menu and a poor atmosphere overall. The chef was stale too.	0
friendly waitress and a great atmosphere overall.	1
What a superb place, the staff exceeded expectations. The pizza was wonderful too.	1
The sushi was terrible. The burger was horrible too.	0
I hated the mediocre waitress here. The steak was noisy too.	0
I hated the bland food here. The soup was underwhelming too.	0
The chef here is cold and not worth the money. The burger was noisy too.	0
Highly recommend, the pizza was charming. The soup was perfect too.	1
Best soup I've had in a long time, truly amazing. The staff was outstanding too.	1
The waiter here is delicious and worth every penny.	1
What a awful place, the coffee fell far short. The salad was underwhelming too.	0
Highly recommend, the ambience was delightful.	1
Such a bland experience with the pizza.	0
cold chef and a poor atmosphere overall. The bread was greasy too.	0
mediocre place and a poor atmosphere overall.	0
We really regretted the disappointing restaurant tonight. The service was underwhelming too.	0
The sushi here is noisy and not worth the money. The waiter was tasteless too.	0
Such a rude experience with the waitress.	0
What a impressive place, the coffee exceeded expectations. The soup was fantastic too.	1
The salad was bad. The burger was rude too.	0
The waitress was wonderful. The service was cozy too.	1
Absolutely charming chef, will come back again. The waitress was delicious too.	1
The waiter here is terrible and not worth the money. The bread was bland too.	0
What a dirty place, the pizza fell far short.	0
What a soggy place, the salad fell far short.	0
I loved the fantastic restaurant here.	1
Would not recommend, the food was burnt.	0
The pasta was cozy.	1
burnt staff and a poor atmosphere overall.	0
Absolutely burnt pasta, never coming back. The place was bad too.	0
Highly recommend, the dessert was cozy.	1
We really enjoyed the impressive pizza tonight.	1
The dessert was bad.	0
The service here is amazing and worth every penny.	1
Best waitress I've had in a long time, truly flavorful.	1
Such a excellent experience with the staff. The staff was lovely too.	1
I loved the friendly salad here.	1
Highly recommend, the staff was excellent.	1
Absolutely stale soup, never coming back.	0
Would not recommend, the waitress was burnt. The ambience was noisy too.	0
The sushi here is delicious and worth every penny. The dessert was fresh too.	1
I hated the stale place here.	0
Worst waitress I've had in a long time, truly cold.	0
Such a charming experience with the sushi. The pasta was charming too.	1
Worst bread I've had in a long time, truly overpriced.	0
We really enjoyed the fantastic dessert tonight.	1
The ambience here is excellent and worth every penny.	1
The salad here is mediocre and not worth the money.	0
Highly recommend, the ambience was friendly. The burger was delightful too.	1
The waitress here is amazing and worth every penny.	1
I loved the wonderful pasta here.	1
Best restaurant I've had in a long time, truly charming. The restaurant was excellent too.	1
Such a impressive experience with the dessert.	1
Would not recommend, the waitress was stale.	0
What a soggy place, the food fell far short.	0
Highly recommend, the pizza was perfect.	1
What a fresh place, the coffee exceeded expectations. The waitress was wonderful too.	1
We really regretted the horrible burger tonight. The coffee was bad too.	0
I loved the impressive salad here.	1
I hated the bland salad here. The menu was cold too.	0
Best soup I've had in a long time, truly fresh.	1
Such a excellent experience with the salad.	1
Such a fresh experience with the place.	1
Best waitress I've had in a long time, truly amazing. The pizza was delicious too.	1
Highly recommend, the burger was outstanding.	1
The ambience was outstanding.	1
The dessert here is perfect and worth every penny.	1
What a cold place, the burger fell far short. The steak was awful too.	0
The menu here is greasy and not worth the money. The soup was mediocre too.	0
We really regretted the bland ambience tonight.	0
Highly recommend, the sushi was great. The burger was delightful too.	1
Highly recommend, the bread was impressive.	1
The bread was charming.	1
Absolutely charming chef, will come back again. The staff was generous too.	1
Highly recommend, the burger was quick.	1
Best place I've had in a long time, truly fresh.	1
The ambience here is friendly and worth every penny.	1
What a burnt place, the salad fell far short.	0
impressive pizza and a great atmosphere overall.	1
The bread here is bad and not worth the money.	0
The ambience here is noisy and not worth the money.	0
Best staff I've had in a long time, truly outstanding.	1
I loved the delicious steak here. The restaurant was delightful too.	1
We really regretted the awful waiter tonight.	0
The pizza was horrible. The staff was underwhelming too.	0
The staff was quick. The salad was charming too.	1
Such a friendly experience with the bread.	1
Absolutely mediocre pizza, never coming back. The soup was stale too.	0
What a superb place, the steak exceeded expectations. The sushi was amazing too.	1
What a amazing place, the service exceeded expectations.	1
Absolutely lovely soup, will come back again. The soup was perfect too.	1
The waiter here is awful and not worth the money.	0
Would not recommend, the ambience was stale.	0
underwhelming waitress and a poor atmosphere overall. The waitress was stale too.	0
The waiter here is amazing and worth every penny. The dessert was flavorful too.	1
Highly recommend, the chef was outstanding.	1
The soup here is bad and not worth the money.	0
Would not recommend, the pizza was disappointing.	0
Absolutely mediocre food, never coming back. The dessert was stale too.	0
Absolutely friendly ambience, will come back again.	1
Worst waiter I've had in a long time, truly mediocre.	0
cold service and a poor atmosphere overall.	0
Best salad I've had in a long time, truly delightful. The service was amazing too.	1
Absolutely excellent waitress, will come back again. The restaurant was lovely too.	1
generous waiter and a great atmosphere overall.	1
The sushi here is underwhelming and not worth the money.	0
I loved the delightful steak here. The place was great too.	1
I loved the perfect waiter here. The coffee was perfect too.	1
soggy bread and a poor atmosphere overall.	0
The food was charming. The soup was cozy too.	1
We really regretted the underwhelming ambience tonight.	0
I hated the disappointing restaurant here. The salad was dirty too.	0
The chef here is amazing and worth every penny.	1
Absolutely perfect waitress, will come back again.	1
Absolutely great waitress, will come back again.	1
Such a delicious experience with the waiter.	1
Best pizza I've had in a long time, truly flavorful. The dessert was impressive too.	1
The ambience was charming.	1
Worst dessert I've had in a long time, truly rude.	0
The coffee here is rude and not worth the money. The bread was overpriced too.	0
The coffee here is outstanding and worth every penny. The burger was delicious too.	1
The service here is mediocre and not worth the money. The dessert was greasy too.	0
Absolutely outstanding chef, will come back again.	1
Absolutely cold staff, never coming back.	0
The restaurant here is bad and not worth the money.	0
What a underwhelming place, the salad fell far short.	0
We really enjoyed the generous staff tonight.	1
Such a disappointing experience with the ambience.	0
Absolutely flavorful waiter, will come back again. The bread was charming too.	1
I hated the rude ambience here.	0
Would not recommend, the dessert was terrible. The staff was unfriendly too.	0
The ambience was overpriced. The menu was awful too.	0
Such a unfriendly experience with the ambience. The bread was soggy too.	0
What a stale place, the restaurant fell far short.	0
The steak here is fresh and worth every penny. The place was cozy too.	1
We really enjoyed the friendly staff tonight.	1
I hated the soggy pasta here.	0
The dessert here is rude and not worth the money. The dessert was stale too.	0
The burger was mediocre.	0
Worst menu I've had in a long time, truly burnt.	0
What a delightful place, the sushi exceeded expectations. The bread was fantastic too.	1
Such a tasteless experience with the food.	0
Highly recommend, the place was wonderful.	1
The coffee here is soggy and not worth the money.	0
What a delightful place, the ambience exceeded expectations.	1
Would not recommend, the soup was soggy.	0
The salad here is awful and not worth the money.	0
What a flavorful place, the steak exceeded expectations.	1
The sushi here is cold and not worth the money.	0
stale restaurant and a poor atmosphere overall. The staff was unfriendly too.	0
The bread here is horrible and not worth the money. The restaurant was disappointing too.	0
What a fresh place, the bread exceeded expectations.	1
Such a overpriced experience with the coffee.	0
I hated the slow place here.	0
The bread was flavorful. The waiter was impressive too.	1
Highly recommend, the menu was excellent.	1
Highly recommend, the service was impressive.	1
I hated the slow waiter here. The place was terrible too.	0
Absolutely overpriced waiter, never coming back.	0
Would not recommend, the food was bland. The waitress was horrible too.	0
The place was delicious.	1
We really regretted the burnt salad tonight.	0
Would not recommend, the place was terrible. The pasta was disappointing too.	0
I loved the friendly dessert here. The pizza was charming too.	1
Such a outstanding experience with the pasta.	1
Highly recommend, the staff was impressive.	1
perfect sushi and a great atmosphere overall.	1
Such a wonderful experience with the bread. The waitress was impressive too.	1
The steak was cold. The food was bad too.	0
The ambience was excellent. The burger was outstanding too.	1
We really regretted the horrible soup tonight.	0
The steak was terrible.	0
The ambience here is quick and worth every penny. The food was friendly too.	1
I loved the lovely dessert here.	1
The pizza was lovely.	1
I hated the tasteless bread here. The soup was stale too.	0
The salad was flavorful.	1
Highly recommend, the food was superb.	1
Highly recommend, the waitress was quick. The bread was wonderful too.	1
What a charming place, the ambience exceeded expectations.	1
excellent ambience and a great atmosphere overall.	1
Such a soggy experience with the food.	0
Would not recommend, the bread was burnt.	0
We really regretted the cold soup tonight.	0
I loved the delightful sushi here. The dessert was impressive too.	1
Best waitress I've had in a long time, truly excellent.	1
We really enjoyed the impressive staff tonight.	1
Such a unfriendly experience with the food. The staff was slow too.	0
We really enjoyed the superb waitress tonight.	1
Highly recommend, the coffee was impressive.	1
The waiter was friendly. The staff was charming too.	1
Worst food I've had in a long time, truly noisy.	0
Best staff I've had in a long time, truly generous. The steak was fantastic too.	1
We really regretted the underwhelming chef tonight. The staff was slow too.	0
lovely sushi and a great atmosphere overall.	1
Would not recommend, the staff was cold.	0
The bread here is slow and not worth the money. The soup was horrible too.	0
The restaurant here is mediocre and not worth the money. The restaurant was unfriendly too.	0
Highly recommend, the sushi was outstanding.	1
The chef here is delicious and worth every penny.	1
Absolutely stale dessert, never coming back. The bread was dirty too.	0
We really regretted the dirty pasta tonight.	0
outstanding service and a great atmosphere overall.	1
What a amazing place, the restaurant exceeded expectations. The dessert was flavorful too.	1
The food was noisy.	0
great service and a great atmosphere overall. The steak was quick too.	1
We really enjoyed the delicious burger tonight. The restaurant was perfect too.	1
Highly recommend, the sushi was excellent. The bread was delightful too.	1
The steak was perfect. The sushi was cozy too.	1
Absolutely rude coffee, never coming back.	0
I loved the fresh chef here. The waitress was great too.	1
Best ambience I've had in a long time, truly charming. The staff was delicious too.	1
The dessert was burnt. The soup was dirty too.	0
Absolutely unfriendly food, never coming back.	0
Best place I've had in a long time, truly great. The staff was delicious too.	1
We really enjoyed the fresh dessert tonight. The soup was wonderful too.	1
The menu was delicious.	1
Best waitress I've had in a long time, truly impressive.	1
The food here is underwhelming and not worth the money.	0
What a soggy place, the staff fell far short.	0
The bread here is tasteless and not worth the money. The restaurant was noisy too.	0
generous coffee and a great atmosphere overall.	1
tasty soup and a great atmosphere overall. The salad was perfect too.	1
I loved the flavorful burger here.	1
Highly recommend, the staff was delightful.	1
The sushi here is disappointing and not worth the money.	0
I hated the disappointing staff here. The steak was awful too.	0
Highly recommend, the restaurant was superb.	1
Absolutely overpriced ambience, never coming back. The pasta was disappointing too.	0
The dessert here is generous and worth every penny.	1
Absolutely outstanding pizza, will come back again.	1
The service here is horrible and not worth the money.	0
delicious waitress and a great atmosphere overall.	1
Such a charming experience with the soup.	1
Would not recommend, the burger was greasy.	0
Absolutely lovely bread, will come back again. The pizza was friendly too.	1
Absolutely friendly pasta, will come back again.	1
The steak was tasteless.	0
The chef was perfect. The chef was delightful too.	1
I hated the dirty steak here. The ambience was rude too.	0
Absolutely impressive menu, will come back again.	1
The food was unfriendly.	0
I hated the tasteless steak here. The pasta was terrible too.	0
Such a cold experience with the salad. The staff was cold too.	0
cozy chef and a great atmosphere overall. The food was wonderful too.	1
We really regretted the greasy steak tonight.	0
Absolutely rude service, never coming back.	0
Worst ambience I've had in a long time, truly unfriendly.	0
I hated the stale steak here.	0
Absolutely bland food, never coming back. The steak was noisy too.	0
The dessert was delicious. The waitress was delicious too.	1
I loved the outstanding staff here. The waiter was superb too.	1
We really enjoyed the perfect soup tonight.	1
The salad was outstanding.	1
I loved the flavorful service here.	1
We really enjoyed the wonderful menu tonight.	1
What a superb place, the service exceeded expectations.	1
I hated the overpriced food here. The ambience was greasy too.	0
The salad here is tasty and worth every penny.	1
What a disappointing place, the food fell far short. The burger was dirty too.	0
Such a awful experience with the restaurant.	0
The coffee here is delightful and worth every penny. The bread was lovely too.	1
Such a cold experience with the salad.	0
What a unfriendly place, the steak fell far short.	0
Worst bread I've had in a long time, truly dirty.	0
What a dirty place, the pizza fell far short. The service was dirty too.	0
The ambience was great. The sushi was impressive too.	1
The soup was amazing. The waitress was charming too.	1
Highly recommend, the service was great. The chef was flavorful too.	1
Such a delicious experience with the burger.	1
Absolutely perfect coffee, will come back again.	1
What a tasty place, the menu exceeded expectations.	1
Best pasta I've had in a long time, truly impressive.	1
amazing food and a great atmosphere overall.	1
Best ambience I've had in a long time, truly excellent. The menu was excellent too.	1
I loved the amazing dessert here.	1
The ambience here is tasteless and not worth the money. The ambience was rude too.	0
We really enjoyed the fantastic pasta tonight.	1
The waiter was noisy.	0
Such a slow experience with the soup.	0
I hated the tasteless pasta here. The service was noisy too.	0
The service was mediocre. The food was burnt too.	0
Highly recommend, the bread was quick. The food was wonderful too.	1
bland place and a poor atmosphere overall. The pizza was slow too.	0
The salad here is amazing and worth every penny.	1
Best steak I've had in a long time, truly generous.	1
Would not recommend, the soup was burnt.	0
I loved the excellent soup here. The soup was quick too.	1
rude pasta and a poor atmosphere overall. The pizza was mediocre too.	0
Absolutely terrible waiter, never coming back.	0
Absolutely cozy dessert, will come back again. The chef was generous too.	1
Absolutely delightful food, will come back again. The chef was fantastic too.	1
Absolutely dirty staff, never coming back. The bread was terrible too.	0
tasty waiter and a great atmosphere overall.	1
What a fantastic place, the waiter exceeded expectations.	1
Best waiter I've had in a long time, truly great.	1
Would not recommend, the coffee was cold.	0
Worst sushi I've had in a long time, truly terrible.	0
I loved the fantastic waitress here.	1
Best menu I've had in a long time, truly charming. The bread was great too.	1
What a outstanding place, the soup exceeded expectations.	1
I loved the excellent sushi here. The coffee was delicious too.	1
Such a outstanding experience with the service.	1
I hated the disappointing salad here.	0
Absolutely delightful ambience, will come back again.	1
Absolutely underwhelming soup, never coming back.	0
The burger here is outstanding and worth every penny.	1
Absolutely soggy place, never coming back. The sushi was rude too.	0
Absolutely delicious food, will come back again.	1
Would not recommend, the salad was greasy. The pizza was slow too.	0
The restaurant here is delicious and worth every penny. The burger was flavorful too.	1
Absolutely disappointing burger, never coming back.	0
I hated the cold coffee here.	0
What a noisy place, the dessert fell far short.	0
The food was slow. The menu was awful too.	0
Such a slow experience with the burger.	0
We really regretted the bad restaurant tonight. The restaurant was cold too.	0
Such a superb experience with the pizza. The restaurant was cozy too.	1
Worst staff I've had in a long time, truly mediocre.	0
perfect waitress and a great atmosphere overall. The service was superb too.	1
We really enjoyed the fresh salad tonight.	1
What a friendly place, the dessert exceeded expectations. The bread was fresh too.	1
The restaurant was great.	1
great salad and a great atmosphere overall.	1
The staff here is underwhelming and not worth the money. The salad was awful too.	0
Would not recommend, the waiter was noisy. The food was stale too.	0
The pizza here is burnt and not worth the money. The ambience was horrible too.	0
What a wonderful place, the waiter exceeded expectations. The menu was fantastic too.	1
The waitress was underwhelming.	0
Would not recommend, the dessert was horrible.	0
We really regretted the horrible waitress tonight.	0
Such a horrible experience with the service.	0
What a bland place, the restaurant fell far short.	0
Best ambience I've had in a long time, truly superb. The soup was lovely too.	1
The burger was greasy.	0
Such a friendly experience with the waitress.	1
Such a tasty experience with the salad.	1
The dessert here is amazing and worth every penny.	1
We really enjoyed the excellent ambience tonight. The waiter was friendly too.	1
I loved the quick restaurant here. The restaurant was perfect too.	1
Absolutely mediocre menu, never coming back.	0
Worst steak I've had in a long time, truly burnt. The restaurant was cold too.	0
The coffee was soggy.	0
What a delightful place, the sushi exceeded expectations. The salad was quick too.	1
The restaurant here is overpriced and not worth the money.	0
What a unfriendly place, the staff fell far short.	0
Such a fresh experience with the burger.	1
The pizza here is wonderful and worth every penny.	1
The waiter was superb. The pizza was fresh too.	1
Such a perfect experience with the pizza.	1
I hated the overpriced service here. The dessert was soggy too.	0
The sushi was friendly. The burger was superb too.	1
What a friendly place, the chef exceeded expectations.	1
We really regretted the tasteless sushi tonight.	0
Such a tasteless experience with the burger. The pizza was mediocre too.	0
We really enjoyed the impressive dessert tonight.	1
horrible burger and a poor atmosphere overall.	0
cozy salad and a great atmosphere overall.	1
Such a quick experience with the staff.	1
Absolutely bland restaurant, never coming back. The dessert was terrible too.	0
What a terrible place, the bread fell far short. The salad was greasy too.	0
Best coffee I've had in a long time, truly great. The ambience was delightful too.	1
Best restaurant I've had in a long time, truly outstanding.	1
We really enjoyed the lovely ambience tonight. The pizza was amazing too.	1
Absolutely stale chef, never coming back. The soup was cold too.	0
excellent burger and a great atmosphere overall. The pasta was delicious too.	1
What a charming place, the burger exceeded expectations. The waiter was quick too.	1
Best place I've had in a long time, truly lovely.	1
We really enjoyed the delicious menu tonight.	1
Such a generous experience with the pizza. The food was amazing too.	1
We really regretted the cold bread tonight.	0
Absolutely excellent dessert, will come back again.	1
Highly recommend, the staff was superb.	1
Best bread I've had in a long time, truly perfect. The dessert was perfect too.	1
Highly recommend, the waiter was quick.	1
We really regretted the stale burger tonight. The sushi was disappointing too.	0
Would not recommend, the waiter was terrible.	0
Such a slow experience with the steak.	0
Absolutely generous chef, will come back again.	1
outstanding ambience and a great atmosphere overall. The chef was amazing too.	1
The place was stale.	0
Absolutely dirty service, never coming back.	0
The bread was bland.	0
Highly recommend, the dessert was outstanding.	1
The service was delicious.	1
Absolutely rude sushi, never coming back. The waiter was tasteless too.	0
I hated the disappointing chef here.	0
Such a greasy experience with the salad.	0
tasty place and a great atmosphere overall.	1
Absolutely flavorful staff, will come back again.	1
Such a fantastic experience with the menu. The dessert was superb too.	1
soggy restaurant and a poor atmosphere overall. The food was unfriendly too.	0
We really regretted the noisy waiter tonight.	0
Best dessert I've had in a long time, truly wonderful.	1
Such a disappointing experience with the dessert. The restaurant was bad too.	0
Such a delightful experience with the pizza.	1
Absolutely unfriendly salad, never coming back. The dessert was underwhelming too.	0
Such a dirty experience with the pizza. The waitress was mediocre too.	0
Worst staff I've had in a long time, truly soggy.	0
I hated the horrible sushi here.	0
The bread was generous.	1
We really regretted the unfriendly ambience tonight.	0
Absolutely cozy place, will come back again.	1
The menu was friendly. The sushi was fantastic too.	1
I loved the friendly restaurant here. The bread was fresh too.	1
Absolutely burnt bread, never coming back.	0
The sushi here is quick and worth every penny.	1
We really enjoyed the friendly burger tonight. The chef was perfect too.	1
Such a wonderful experience with the restaurant.	1
Absolutely slow menu, never coming back.	0
I hated the terrible coffee here.	0
Absolutely perfect pasta, will come back again. The soup was wonderful too.	1
Worst waiter I've had in a long time, truly rude.	0
What a excellent place, the ambience exceeded expectations.	1
Best steak I've had in a long time, truly tasty.	1
We really regretted the overpriced ambience tonight.	0
I loved the great pizza here.	1
We really regretted the horrible burger tonight. The pizza was terrible too.	0
Such a tasteless experience with the sushi.	0
Highly recommend, the pasta was fantastic. The food was great too.	1
Absolutely horrible pizza, never coming back.	0
The service here is soggy and not worth the money.	0
We really enjoyed the impressive pizza tonight.	1
Best ambience I've had in a long time, truly great.	1
Worst sushi I've had in a long time, truly awful. The soup was bland too.	0
Worst waiter I've had in a long time, truly bland. The burger was bland too.	0
Best staff I've had in a long time, truly impressive. The burger was amazing too.	1
What a bland place, the soup fell far short.	0
What a disappointing place, the soup fell far short. The bread was underwhelming too.	0
The dessert was rude.	0
The food was slow. The waitress was rude too.	0
What a bland place, the food fell far short.	0
Absolutely cold sushi, never coming back.	0
The staff here is slow and not worth the money. The menu was noisy too.	0
What a quick place, the pizza exceeded expectations.	1
We really enjoyed the impressive bread tonight.	1
We really enjoyed the cozy soup tonight. The waiter was quick too.	1
Such a flavorful experience with the sushi. The salad was excellent too.	1
generous restaurant and a great atmosphere overall.	1
Worst food I've had in a long time, truly bad.	0
What a burnt place, the coffee fell far short.	0
Worst bread I've had in a long time, truly mediocre. The menu was noisy too.	0
I hated the disappointing pasta here.	0
The ambience here is outstanding and worth every penny. The coffee was impressive too.	1
Such a rude experience with the steak. The service was rude too.	0
I hated the noisy place here. The food was dirty too.	0
The sushi here is friendly and worth every penny.	1
The soup here is bad and not worth the money.	0
Absolutely terrible service, never coming back.	0
generous bread and a great atmosphere overall. The bread was quick too.	1
The sushi here is horrible and not worth the money.	0
The soup here is bad and not worth the money.	0
Such a mediocre experience with the staff. The dessert was mediocre too.	0
Worst service I've had in a long time, truly stale. The waitress was overpriced too.	0
Such a tasteless experience with the dessert.	0
impressive service and a great atmosphere overall.	1
What a quick place, the soup exceeded expectations. The chef was generous too.	1
What a fantastic place, the staff exceeded expectations.	1
impressive restaurant and a great atmosphere overall. The menu was delicious too.	1
We really enjoyed the impressive dessert tonight.	1
Best waiter I've had in a long time, truly superb. The coffee was excellent too.	1
Such a mediocre experience with the chef.	0
Best pizza I've had in a long time, truly great.	1
Highly recommend, the coffee was delightful.	1
unfriendly steak and a poor atmosphere overall. The pasta was mediocre too.	0
The waitress here is overpriced and not worth the money.	0
Such a lovely experience with the burger. The burger was great too.	1
I hated the unfriendly pasta here. The salad was noisy too.	0
Such a delightful experience with the pizza.	1
What a stale place, the burger fell far short.	0
The pizza here is impressive and worth every penny.	1
Would not recommend, the burger was terrible.	0
Absolutely rude bread, never coming back. The soup was tasteless too.	0
Absolutely quick coffee, will come back again.	1
What a tasty place, the sushi exceeded expectations.	1
What a cozy place, the bread exceeded expectations.	1
Such a fantastic experience with the burger. The food was impressive too.	1
The chef was wonderful.	1
The place was underwhelming.	0
Best pasta I've had in a long time, truly cozy. The waitress was superb too.	1
What a flavorful place, the steak exceeded expectations. The restaurant was delicious too.	1
The pizza was terrible. The soup was mediocre too.	0
I hated the horrible pasta here. The salad was overpriced too.	0
The soup was delicious. The dessert was fantastic too.	1
Such a cold experience with the restaurant.	0
tasteless chef and a poor atmosphere overall.	0
delightful coffee and a great atmosphere overall. The soup was outstanding too.	1
Would not recommend, the sushi was terrible.	0
What a noisy place, the staff fell far short. The staff was stale too.	0
The dessert here is charming and worth every penny. The steak was friendly too.	1
I loved the fresh ambience here. The bread was charming too.	1
Such a awful experience with the dessert. The waiter was disappointing too.	0
Absolutely rude waitress, never coming back. The pizza was disappointing too.	0
The pasta here is generous and worth every penny. The waitress was tasty too.	1
The place here is terrible and not worth the money. The chef was noisy too.	0
soggy waitress and a poor atmosphere overall.	0
The bread was terrible.	0
What a wonderful place, the steak exceeded expectations.	1
The ambience was noisy. The staff was underwhelming too.	0
I hated the greasy chef here.	0
The menu here is delicious and worth every penny. The steak was delicious too.	1
Would not recommend, the restaurant was overpriced.	0
Absolutely awful dessert, never coming back. The bread was unfriendly too.	0
quick burger and a great atmosphere overall. The chef was outstanding too.	1
Such a tasty experience with the waiter. The restaurant was delightful too.	1
Absolutely amazing pizza, will come back again. The steak was friendly too.	1
Such a fantastic experience with the soup. The food was fresh too.	1
Such a overpriced experience with the food. The chef was bad too.	0
cold staff and a poor atmosphere overall.	0
We really enjoyed the amazing dessert tonight.	1
What a flavorful place, the restaurant exceeded expectations.	1
The steak was overpriced. The dessert was disappointing too.	0
Absolutely great service, will come back again.	1
The soup here is burnt and not worth the money.	0
The waiter was fresh. The restaurant was delicious too.	1
The restaurant here is burnt and not worth the money.	0
I loved the amazing soup here.	1
Absolutely excellent waiter, will come back again. The dessert was delicious too.	1
The chef here is mediocre and not worth the money.	0
I loved the generous bread here.	1
Worst sushi I've had in a long time, truly underwhelming.	0
What a cold place, the waitress fell far short.	0
The salad here is rude and not worth the money. The dessert was burnt too.	0
We really regretted the burnt pizza tonight. The sushi was slow too.	0
I hated the soggy steak here. The steak was unfriendly too.	0
Best service I've had in a long time, truly impressive. The bread was lovely too.	1
Absolutely cozy burger, will come back again.	1
Such a overpriced experience with the sushi.	0
I loved the excellent staff here. The staff was delicious too.	1
We really regretted the soggy place tonight.	0
Best service I've had in a long time, truly fresh.	1
What a quick place, the bread exceeded expectations. The staff was generous too.	1
The service here is flavorful and worth every penny.	1
Absolutely delightful pizza, will come back again. The soup was delightful too.	1
Worst salad I've had in a long time, truly stale. The steak was cold too.	0
Absolutely cold sushi, never coming back. The sushi was horrible too.	0
Such a fresh experience with the burger.	1
The waiter was excellent. The pasta was wonderful too.	1
cold restaurant and a poor atmosphere overall. The steak was stale too.	0
Such a friendly experience with the soup.	1
Such a burnt experience with the food. The pasta was greasy too.	0
The pasta was bad. The coffee was underwhelming too.	0
What a unfriendly place, the coffee fell far short.	0
We really enjoyed the perfect food tonight. The waiter was amazing too.	1
unfriendly dessert and a poor atmosphere overall.	0
What a great place, the dessert exceeded expectations.	1
We really regretted the disappointing steak tonight.	0
excellent salad and a great atmosphere overall.	1
What a excellent place, the menu exceeded expectations.	1
The waitress here is fresh and worth every penny. The sushi was flavorful too.	1
Absolutely rude steak, never coming back.	0
The soup was slow.	0
Highly recommend, the ambience was superb. The salad was wonderful too.	1
What a superb place, the food exceeded expectations.	1
What a wonderful place, the waiter exceeded expectations. The staff was outstanding too.	1
The waitress was disappointing. The steak was tasteless too.	0
Such a horrible experience with the soup.	0
slow chef and a poor atmosphere overall. The salad was greasy too.	0
awful waiter and a poor atmosphere overall. The steak was stale too.	0
The salad was cozy.	1
I loved the outstanding bread here. The place was fresh too.	1
The bread was awful. The bread was overpriced too.	0
I hated the bland waiter here. The restaurant was cold too.	0
Best waiter I've had in a long time, truly great.	1
Worst coffee I've had in a long time, truly cold.	0
burnt waitress and a poor atmosphere overall.	0
The ambience was greasy. The soup was cold too.	0
The coffee here is tasteless and not worth the money.	0
The service here is horrible and not worth the money.	0
The restaurant was terrible.	0
Highly recommend, the waiter was impressive.	1
Would not recommend, the sushi was bad.	0
Worst steak I've had in a long time, truly soggy.	0
The ambience here is friendly and worth every penny.	1
I loved the lovely ambience here.	1
The restaurant here is tasty and worth every penny.	1
Absolutely unfriendly place, never coming back.	0
Absolutely wonderful waitress, will come back again. The waiter was amazing too.	1
The pasta was bland. The salad was stale too.	0
I hated the disappointing bread here. The sushi was soggy too.	0
I hated the cold soup here.	0
Absolutely generous salad, will come back again.	1
What a impressive place, the waitress exceeded expectations.	1
What a perfect place, the salad exceeded expectations.	1
Highly recommend, the place was excellent.	1
The place was charming. The waitress was quick too.	1
Absolutely terrible waitress, never coming back.	0
Worst service I've had in a long time, truly terrible.	0
Worst waiter I've had in a long time, truly burnt. The ambience was disappointing too.	0
Worst place I've had in a long time, truly terrible.	0
The steak here is excellent and worth every penny. The coffee was fresh too.	1
Best bread I've had in a long time, truly amazing.	1
What a mediocre place, the waiter fell far short. The soup was unfriendly too.	0
We really enjoyed the delicious service tonight. The waitress was excellent too.	1
Such a quick experience with the chef.	1
Such a burnt experience with the waiter.	0
unfriendly coffee and a poor atmosphere overall.	0
We really enjoyed the tasty menu tonight.	1
Best staff I've had in a long time, truly cozy.	1
Absolutely horrible bread, never coming back. The place was overpriced too.	0
The waitress here is burnt and not worth the money.	0
I hated the terrible place here. The coffee was rude too.	0
What a fresh place, the menu exceeded expectations. The bread was cozy too.	1
Absolutely dirty pizza, never coming back.	0
Would not recommend, the salad was bland.	0
We really enjoyed the friendly food tonight.	1
delicious place and a great atmosphere overall.	1
Absolutely impressive dessert, will come back again. The bread was cozy too.	1
Such a perfect experience with the place.	1
We really enjoyed the wonderful salad tonight.	1
We really regretted the cold waitress tonight.	0
What a dirty place, the place fell far short.	0
Highly recommend, the bread was fresh.	1
Absolutely flavorful dessert, will come back again.	1
wonderful food and a great atmosphere overall. The ambience was charming too.	1
What a excellent place, the ambience exceeded expectations.	1
Absolutely fantastic soup, will come back again. The menu was lovely too.	1
What a soggy place, the salad fell far short.	0
Worst waiter I've had in a long time, truly tasteless. The burger was mediocre too.	0
The food here is bad and not worth the money.	0
The soup was unfriendly.	0
What a wonderful place, the sushi exceeded expectations.	1
I hated the greasy soup here.	0
delightful soup and a great atmosphere overall.	1
Highly recommend, the bread was amazing.	1
We really enjoyed the lovely chef tonight. The dessert was delightful too.	1
greasy soup and a poor atmosphere overall. The coffee was disappointing too.	0
The salad here is cozy and worth every penny. The chef was fresh too.	1
Would not recommend, the pasta was bad.	0
disappointing steak and a poor atmosphere overall.	0
I loved the charming bread here.	1
Highly recommend, the pasta was impressive. The pasta was outstanding too.	1
Absolutely delightful food, will come back again.	1
The coffee was horrible. The waiter was cold too.	0
excellent service and a great atmosphere overall. The chef was delicious too.	1
The ambience here is horrible and not worth the money.	0
Highly recommend, the service was amazing. The bread was perfect too.	1
I loved the cozy dessert here.	1
Would not recommend, the food was burnt.	0
Worst menu I've had in a long time, truly awful.	0
Such a burnt experience with the bread.	0
I hated the stale sushi here.	0
The waitress was overpriced. The chef was dirty too.	0
The food was awful. The dessert was horrible too.	0
What a fantastic place, the ambience exceeded expectations.	1
Such a superb experience with the salad. The dessert was friendly too.	1
Would not recommend, the pasta was cold. The soup was disappointing too.	0
The chef here is charming and worth every penny.	1
Would not recommend, the soup was awful.	0
Highly recommend, the food was fantastic.	1
The waitress was delicious. The menu was quick too.	1
The dessert was cold. The pasta was greasy too.	0
What a slow place, the burger fell far short.	0
We really regretted the horrible service tonight. The steak was mediocre too.	0
Best bread I've had in a long time, truly friendly. The service was friendly too.	1
I hated the slow restaurant here. The dessert was unfriendly too.	0
We really enjoyed the quick salad tonight. The waitress was excellent too.	1
I hated the rude waiter here.	0
Such a fresh experience with the steak.	1
The pasta was generous. The pasta was flavorful too.	1
Would not recommend, the ambience was greasy. The steak was dirty too.	0
What a fresh place, the salad exceeded expectations.	1
Such a fantastic experience with the waiter.	1
We really regretted the terrible steak tonight.	0
Best restaurant I've had in a long time, truly lovely.	1
Absolutely cold menu, never coming back.	0
The salad was awful.	0
Absolutely slow ambience, never coming back.	0
Such a underwhelming experience with the staff.	0
We really enjoyed the generous restaurant tonight. The burger was charming too.	1
What a fresh place, the bread exceeded expectations. The steak was outstanding too.	1
Absolutely outstanding bread, will come back again. The pasta was excellent too.	1
Worst dessert I've had in a long time, truly slow. The place was soggy too.	0
Best steak I've had in a long time, truly flavorful.	1
The chef was great. The service was cozy too.	1
The service here is dirty and not worth the money.	0
We really regretted the bad burger tonight. The sushi was overpriced too.	0
Best dessert I've had in a long time, truly tasty.	1
Would not recommend, the pasta was bad.	0
We really regretted the cold pasta tonight. The soup was greasy too.	0
Such a bad experience with the soup. The salad was disappointing too.	0
Such a tasteless experience with the service.	0
Such a amazing experience with the bread. The coffee was tasty too.	1
I hated the bland waitress here.	0
What a soggy place, the pizza fell far short.	0
Would not recommend, the waitress was awful.	0
Would not recommend, the bread was rude. The waiter was underwhelming too.	0
Such a underwhelming experience with the bread. The bread was mediocre too.	0
I hated the tasteless waiter here. The place was bad too.	0
Worst pasta I've had in a long time, truly mediocre.	0
Such a tasteless experience with the menu.	0
I loved the delicious coffee here.	1
dirty place and a poor atmosphere overall.	0
The menu here is lovely and worth every penny.	1
We really regretted the bland sushi tonight.	0
What a rude place, the ambience fell far short.	0
The soup here is bland and not worth the money. The ambience was slow too.	0
What a unfriendly place, the soup fell far short. The ambience was mediocre too.	0
The burger was outstanding.	1
The soup was noisy.	0
Would not recommend, the place was awful.	0
Such a flavorful experience with the steak.	1
Best bread I've had in a long time, truly fresh. The staff was charming too.	1
Would not recommend, the salad was mediocre. The pasta was rude too.	0
The pasta here is friendly and worth every penny.	1
The coffee here is cozy and worth every penny.	1
What a generous place, the salad exceeded expectations. The waiter was charming too.	1
Worst dessert I've had in a long time, truly underwhelming.	0
Would not recommend, the soup was dirty. The coffee was cold too.	0
Absolutely awful soup, never coming back. The chef was noisy too.	0
What a charming place, the chef exceeded expectations.	1
The staff here is slow and not worth the money.	0
We really enjoyed the delightful menu tonight.	1
Worst chef I've had in a long time, truly terrible.	0
The coffee here is greasy and not worth the money.	0
Such a perfect experience with the place.	1
soggy waiter and a poor atmosphere overall.	0
Absolutely great place, will come back again.	1
Highly recommend, the food was tasty.	1
I hated the burnt waitress here.	0
What a fresh place, the soup exceeded expectations.	1
I hated the burnt sushi here. The steak was noisy too.	0
What a terrible place, the food fell far short.	0
I loved the excellent soup here.	1
Worst soup I've had in a long time, truly awful. The bread was mediocre too.	0
Such a impressive experience with the waitress. The dessert was great too.	1
Would not recommend, the steak was soggy.	0
Worst chef I've had in a long time, truly terrible. The ambience was terrible too.	0
What a cold place, the place fell far short. The soup was bland too.	0
Would not recommend, the food was overpriced. The soup was underwhelming too.	0
Worst pasta I've had in a long time, truly slow. The pizza was mediocre too.	0
The service was impressive.	1
I loved the charming steak here.	1
The place here is delicious and worth every penny. The restaurant was lovely too.	1
Such a generous experience with the menu.	1
We really enjoyed the cozy steak tonight. The ambience was wonderful too.	1
Such a great experience with the chef.	1
unfriendly coffee and a poor atmosphere overall.	0
Such a dirty experience with the menu.	0
Best service I've had in a long time, truly amazing.	1
Best waitress I've had in a long time, truly great.	1
Such a bad experience with the pasta. The steak was horrible too.	0
What a overpriced place, the ambience fell far short.	0
Worst waiter I've had in a long time, truly dirty.	0
fantastic place and a great atmosphere overall. The ambience was delightful too.	1
Highly recommend, the service was wonderful.	1
Absolutely flavorful sushi, will come back again.	1
What a burnt place, the waiter fell far short.	0
The ambience was mediocre. The pizza was greasy too.	0
I loved the cozy waiter here. The burger was perfect too.	1
I loved the quick staff here. The place was delightful too.	1
Such a tasteless experience with the chef. The pasta was mediocre too.	0
Worst burger I've had in a long time, truly awful.	0
Would not recommend, the service was disappointing.	0
Such a underwhelming experience with the restaurant. The restaurant was underwhelming too.	0
tasty waitress and a great atmosphere overall. The coffee was fantastic too.	1
The burger here is stale and not worth the money.	0
Such a noisy experience with the coffee.	0
What a terrible place, the menu fell far short.	0
We really enjoyed the quick service tonight.	1
What a amazing place, the salad exceeded expectations. The coffee was charming too.	1
Would not recommend, the burger was unfriendly.	0
Worst burger I've had in a long time, truly tasteless. The pizza was tasteless too.	0
Absolutely bad bread, never coming back.	0
The place here is generous and worth every penny.	1
Highly recommend, the food was quick.	1
fantastic place and a great atmosphere overall.	1
Such a awful experience with the burger. The menu was noisy too.	0
I loved the cozy coffee here.	1
We really regretted the burnt menu tonight.	0
Such a soggy experience with the dessert.	0
The menu here is horrible and not worth the money.	0
The chef here is amazing and worth every penny. The food was delightful too.	1
I hated the unfriendly food here.	0
Highly recommend, the dessert was tasty.	1
Absolutely amazing waitress, will come back again.	1
Worst ambience I've had in a long time, truly slow. The waiter was awful too.	0
Absolutely bland burger, never coming back.	0
What a great place, the pizza exceeded expectations. The dessert was generous too.	1
The chef was slow. The burger was bland too.	0
We really enjoyed the delicious food tonight.	1
What a cold place, the burger fell far short. The burger was dirty too.	0
I loved the charming pizza here. The sushi was delightful too.	1
Absolutely fantastic pasta, will come back again. The burger was charming too.	1
What a amazing place, the chef exceeded expectations.	1
Absolutely flavorful bread, will come back again.	1
noisy burger and a poor atmosphere overall. The waiter was dirty too.	0
The staff here is underwhelming and not worth the money.	0
The waiter was lovely. The menu was excellent too.	1
I loved the fantastic waitress here.	1
The salad was awful. The ambience was soggy too.	0
cold waitress and a poor atmosphere overall. The sushi was terrible too.	0
burnt restaurant and a poor atmosphere overall.	0
Absolutely awful waiter, never coming back.	0
Worst service I've had in a long time, truly unfriendly.	0
horrible pizza and a poor atmosphere overall.	0
Best staff I've had in a long time, truly impressive. The bread was impressive too.	1
Worst food I've had in a long time, truly terrible.	0
The salad was tasteless. The sushi was overpriced too.	0
What a outstanding place, the restaurant exceeded expectations.	1
Such a bad experience with the food.	0
The staff was disappointing.	0
I hated the rude waiter here. The bread was horrible too.	0
Would not recommend, the soup was awful.	0
We really regretted the horrible staff tonight. The place was terrible too.	0
The burger here is outstanding and worth every penny.	1
I hated the underwhelming place here.	0
We really enjoyed the great bread tonight.	1
The chef here is perfect and worth every penny. The service was wonderful too.	1
The pizza here is greasy and not worth the money.	0
Best restaurant I've had in a long time, truly excellent. The ambience was amazing too.	1
Absolutely tasteless restaurant, never coming back. The soup was stale too.	0
The staff was wonderful.	1
We really enjoyed the generous pasta tonight.	1
The ambience was unfriendly. The waiter was mediocre too.	0
I hated the tasteless dessert here. The restaurant was underwhelming too.	0
We really regretted the bland waitress tonight.	0
The pasta was burnt.	0
Worst restaurant I've had in a long time, truly stale.	0
Highly recommend, the dessert was impressive. The ambience was delicious too.	1
I loved the fantastic restaurant here.	1
Highly recommend, the place was outstanding.	1
excellent staff and a great atmosphere overall.	1
What a lovely place, the ambience exceeded expectations.	1
We really enjoyed the perfect waitress tonight.	1
Absolutely quick coffee, will come back again. The ambience was delicious too.	1
Would not recommend, the food was soggy. The chef was stale too.	0
Such a soggy experience with the food.	0
What a great place, the bread exceeded expectations. The service was flavorful too.	1
What a delightful place, the pasta exceeded expectations. The waitress was lovely too.	1
awful service and a poor atmosphere overall.	0
disappointing coffee and a poor atmosphere overall.	0
Worst restaurant I've had in a long time, truly disappointing.	0
The burger here is burnt and not worth the money.	0
The burger was generous.	1
What a overpriced place, the place fell far short.	0
The waitress here is outstanding and worth every penny.	1
Absolutely amazing restaurant, will come back again. The waiter was tasty too.	1
The sushi was wonderful. The steak was amazing too.	1
The menu was disappointing. The food was burnt too.	0
Such a horrible experience with the coffee.	0
Such a generous experience with the ambience.	1
The salad was amazing.	1
I loved the impressive soup here. The place was friendly too.	1
What a terrible place, the food fell far short.	0
What a friendly place, the staff exceeded expectations.	1
Absolutely overpriced restaurant, never coming back.	0
What a generous place, the menu exceeded expectations.	1
What a generous place, the soup exceeded expectations. The food was charming too.	1
Highly recommend, the steak was lovely.	1
burnt staff and a poor atmosphere overall.	0
Such a horrible experience with the burger. The food was unfriendly too.	0
The soup here is cozy and worth every penny.	1
I hated the mediocre pizza here.	0
I loved the generous pizza here.	1
Worst coffee I've had in a long time, truly bland. The salad was burnt too.	0
Worst dessert I've had in a long time, truly stale.	0
Absolutely greasy soup, never coming back.	0
The menu was perfect. The menu was outstanding too.	1
stale pizza and a poor atmosphere overall.	0
tasteless chef and a poor atmosphere overall.	0
The salad here is delightful and worth every penny. The burger was friendly too.	1
Absolutely generous waitress, will come back again.	1
Highly recommend, the place was delicious. The food was wonderful too.	1
Highly recommend, the bread was great. The restaurant was fresh too.	1
What a bad place, the coffee fell far short.	0
Absolutely terrible pasta, never coming back.	0
The ambience was slow.	0
We really regretted the bland coffee tonight. The steak was slow too.	0
Worst chef I've had in a long time, truly overpriced.	0
The menu here is quick and worth every penny. The pizza was superb too.	1
The chef was terrible. The waiter was unfriendly too.	0
Absolutely burnt place, never coming back.	0
Would not recommend, the steak was cold. The waitress was bland too.	0
Best waiter I've had in a long time, truly outstanding.	1
I loved the friendly pasta here.	1
What a bad place, the service fell far short. The service was stale too.	0
The waitress was quick. The restaurant was charming too.	1
Absolutely cozy pizza, will come back again.	1
Absolutely great food, will come back again. The restaurant was impressive too.	1
Best waitress I've had in a long time, truly great. The food was perfect too.	1
The bread was superb.	1
Best waitress I've had in a long time, truly quick. The burger was lovely too.	1
The ambience here is delicious and worth every penny.	1
bad restaurant and a poor atmosphere overall.	0
The pasta was horrible. The staff was tasteless too.	0
Best pizza I've had in a long time, truly amazing.	1
We really regretted the greasy menu tonight.	0
Worst burger I've had in a long time, truly overpriced.	0
We really enjoyed the great waitress tonight.	1
Absolutely rude bread, never coming back.	0
We really enjoyed the wonderful place tonight.	1
We really enjoyed the friendly waiter tonight.	1
friendly coffee and a great atmosphere overall.	1
dirty ambience and a poor atmosphere overall.	0
I hated the stale restaurant here.	0
bad salad and a poor atmosphere overall.	0
The chef here is soggy and not worth the money.	0
We really enjoyed the flavorful pasta tonight.	1
The waiter was impressive.	1
The dessert was terrible.	0
The place here is cozy and worth every penny.	1
Absolutely lovely sushi, will come back again. The steak was perfect too.	1
The menu was greasy. The waitress was horrible too.	0
I loved the wonderful bread here. The steak was quick too.	1
Worst burger I've had in a long time, truly unfriendly. The burger was noisy too.	0
amazing waiter and a great atmosphere overall.	1
I hated the greasy burger here.	0
We really enjoyed the delightful place tonight.	1
I loved the charming bread here.	1
The chef was overpriced.	0
The waitress here is overpriced and not worth the money. The soup was greasy too.	0
Absolutely soggy coffee, never coming back.	0
The coffee here is soggy and not worth the money.	0
The waitress was charming.	1
The ambience was perfect. The place was fantastic too.	1
I hated the rude service here. The dessert was greasy too.	0
I loved the perfect menu here.	1
The waiter was overpriced. The ambience was awful too.	0
Would not recommend, the pasta was unfriendly.	0
Absolutely flavorful pizza, will come back again. The coffee was friendly too.	1
Such a delicious experience with the service. The menu was fantastic too.	1
Would not recommend, the salad was bad.	0
The salad was unfriendly. The burger was awful too.	0
The food here is disappointing and not worth the money.	0
Such a fantastic experience with the sushi. The sushi was fantastic too.	1
Highly recommend, the soup was generous.	1
Absolutely friendly place, will come back again.	1
The dessert was delightful.	1
What a cold place, the burger fell far short.	0
Worst chef I've had in a long time, truly soggy.	0
I hated the cold food here. The chef was tasteless too.	0
Would not recommend, the pizza was tasteless. The place was terrible too.	0
Would not recommend, the sushi was rude.	0
The chef was soggy.	0
The chef was delightful.	1
fantastic chef and a great atmosphere overall. The food was charming too.	1
What a cold place, the coffee fell far short.	0
Such a slow experience with the restaurant.	0
The soup here is friendly and worth every penny.	1
Such a charming experience with the place.	1
We really enjoyed the delicious pizza tonight.	1
The bread was fantastic. The pasta was charming too.	1
Worst food I've had in a long time, truly burnt.	0
The chef was soggy. The burger was greasy too.	0
Such a slow experience with the menu.	0
I hated the rude waiter here. The service was horrible too.	0
Would not recommend, the salad was horrible. The chef was stale too.	0
The ambience was flavorful. The chef was superb too.	1
What a mediocre place, the staff fell far short.	0
Best pizza I've had in a long time, truly impressive.	1
Worst restaurant I've had in a long time, truly bland. The place was mediocre too.	0
slow pasta and a poor atmosphere overall. The sushi was terrible too.	0
Worst menu I've had in a long time, truly disappointing. The coffee was stale too.	0
Such a greasy experience with the waiter.	0
Would not recommend, the place was unfriendly.	0
The soup here is wonderful and worth every penny.	1
I loved the cozy pasta here. The food was lovely too.	1
What a quick place, the place exceeded expectations.	1
Worst staff I've had in a long time, truly terrible.	0
I hated the slow service here. The staff was horrible too.	0
Highly recommend, the sushi was superb.	1
Such a horrible experience with the pasta. The salad was tasteless too.	0
Would not recommend, the pizza was greasy. The food was tasteless too.	0
The food here is fantastic and worth every penny.	1
Absolutely stale waitress, never coming back.	0
I loved the quick soup here. The pizza was charming too.	1
I hated the tasteless steak here. The staff was bad too.	0
I loved the outstanding sushi here. The soup was superb too.	1
Would not recommend, the soup was underwhelming. The dessert was stale too.	0
The restaurant was horrible.	0
Absolutely generous salad, will come back again. The ambience was amazing too.	1
The restaurant here is greasy and not worth the money.	0
stale dessert and a poor atmosphere overall.	0
The chef was wonderful. The chef was fantastic too.	1
Such a bad experience with the food. The coffee was bad too.	0
superb place and a great atmosphere overall.	1
Such a burnt experience with the sushi.	0
I hated the disappointing service here.	0
Would not recommend, the pasta was overpriced. The waiter was bad too.	0
The pasta here is bland and not worth the money.	0
Absolutely generous steak, will come back again. The waiter was impressive too.	1
The waiter here is tasteless and not worth the money.	0
cozy ambience and a great atmosphere overall.	1
Would not recommend, the chef was rude.	0
We really regretted the awful pasta tonight.	0
The burger was slow.	0
Absolutely disappointing ambience, never coming back.	0
Best staff I've had in a long time, truly tasty. The bread was friendly too.	1
Absolutely quick sushi, will come back again. The restaurant was tasty too.	1
Highly recommend, the coffee was quick.	1
delicious salad and a great atmosphere overall.	1
Would not recommend, the food was stale.	0
What a friendly place, the coffee exceeded expectations.	1
Best waiter I've had in a long time, truly delicious.	1
The pizza was stale. The food was soggy too.	0
We really regretted the slow salad tonight. The waitress was bland too.	0
We really regretted the unfriendly steak tonight.	0
Worst burger I've had in a long time, truly terrible. The steak was mediocre too.	0
We really enjoyed the delicious chef tonight.	1
Best chef I've had in a long time, truly flavorful. The waiter was quick too.	1
The staff was noisy. The coffee was stale too.	0
We really regretted the rude restaurant tonight. The ambience was slow too.	0
Absolutely disappointing chef, never coming back. The waiter was rude too.	0
I loved the flavorful restaurant here. The staff was generous too.	1
flavorful dessert and a great atmosphere overall.	1
cold sushi and a poor atmosphere overall. The pasta was rude too.	0
Worst salad I've had in a long time, truly burnt. The burger was burnt too.	0
Highly recommend, the ambience was impressive. The dessert was excellent too.	1
What a mediocre place, the place fell far short. The soup was rude too.	0
Absolutely terrible waiter, never coming back.	0
The soup was charming. The burger was excellent too.	1
We really regretted the stale ambience tonight.	0
Highly recommend, the service was quick. The staff was generous too.	1
Such a terrible experience with the chef.	0
Such a horrible experience with the staff.	0
The service was outstanding.	1
Such a impressive experience with the pasta. The waitress was generous too.	1
The waiter here is stale and not worth the money. The pizza was cold too.	0
What a excellent place, the chef exceeded expectations. The chef was quick too.	1
The pizza was burnt.	0
awful soup and a poor atmosphere overall.	0
The steak was perfect. The dessert was delightful too.	1
Worst salad I've had in a long time, truly burnt. The salad was overpriced too.	0
Absolutely overpriced salad, never coming back.	0
Absolutely flavorful waiter, will come back again.	1
What a excellent place, the staff exceeded expectations. The ambience was fresh too.	1
The dessert here is awful and not worth the money.	0
The soup was quick. The waitress was quick too.	1
Best chef I've had in a long time, truly friendly.	1
Highly recommend, the chef was excellent.	1
What a tasty place, the dessert exceeded expectations.	1
Worst salad I've had in a long time, truly noisy. The food was soggy too.	0
The bread here is mediocre and not worth the money.	0
Worst waitress I've had in a long time, truly underwhelming.	0
The food was excellent.	1
Absolutely impressive place, will come back again.	1
I loved the excellent waiter here.	1
What a fresh place, the pasta exceeded expectations. The burger was charming too.	1
What a delicious place, the soup exceeded expectations. The waiter was superb too.	1
Such a fresh experience with the menu. The waiter was fresh too.	1
The dessert was great. The dessert was outstanding too.	1
I hated the awful dessert here.	0
The pizza here is tasteless and not worth the money. The service was overpriced too.	0
Highly recommend, the ambience was impressive.	1
Such a lovely experience with the bread.	1
Absolutely tasty pizza, will come back again. The pizza was friendly too.	1
noisy waiter and a poor atmosphere overall. The bread was terrible too.	0
Would not recommend, the dessert was noisy.	0
Absolutely fantastic pizza, will come back again.	1
I loved the perfect burger here. The soup was delicious too.	1
What a tasteless place, the chef fell far short. The salad was unfriendly too.	0
The salad was slow. The pizza was underwhelming too.	0
I hated the disappointing ambience here.	0
Worst pasta I've had in a long time, truly noisy. The staff was terrible too.	0
What a excellent place, the ambience exceeded expectations.	1
What a bland place, the burger fell far short. The chef was tasteless too.	0
What a cold place, the salad fell far short. The ambience was bad too.	0
I loved the fresh staff here.	1
Absolutely horrible pizza, never coming back.	0
Worst burger I've had in a long time, truly underwhelming. The coffee was horrible too.	0
I hated the horrible burger here.	0
What a amazing place, the restaurant exceeded expectations.	1
The chef was overpriced. The soup was rude too.	0
Best bread I've had in a long time, truly perfect.	1
Such a delicious experience with the burger. The place was great too.	1
Worst dessert I've had in a long time, truly overpriced. The steak was cold too.	0
Absolutely disappointing burger, never coming back. The place was greasy too.	0
Would not recommend, the pizza was awful.	0
We really regretted the noisy sushi tonight.	0
What a generous place, the burger exceeded expectations.	1
Absolutely stale dessert, never coming back. The staff was soggy too.	0
The bread here is overpriced and not worth the money.	0
I hated the burnt steak here.	0
Highly recommend, the food was lovely.	1
We really regretted the mediocre service tonight.	0
Such a disappointing experience with the soup.	0
What a impressive place, the waiter exceeded expectations.	1
I loved the superb waitress here. The salad was delicious too.	1
We really regretted the tasteless waiter tonight.	0
The pasta here is mediocre and not worth the money. The coffee was tasteless too.	0
Would not recommend, the coffee was dirty.	0
Worst bread I've had in a long time, truly rude.	0
slow sushi and a poor atmosphere overall.	0
The food here is cozy and worth every penny. The restaurant was impressive too.	1
The waiter here is superb and worth every penny.	1
I hated the dirty steak here.	0
Would not recommend, the ambience was rude. The waiter was dirty too.	0
Highly recommend, the food was fantastic. The ambience was excellent too.	1
Absolutely bad pasta, never coming back.	0
The menu here is noisy and not worth the money.	0
Absolutely bland food, never coming back.	0
I hated the stale pizza here. The soup was rude too.	0
The salad was terrible.	0
Absolutely friendly waitress, will come back again.	1
Absolutely awful chef, never coming back.	0
Worst food I've had in a long time, truly stale.	0
Worst service I've had in a long time, truly noisy.	0
We really enjoyed the great waiter tonight.	1
Such a amazing experience with the service.	1
What a great place, the service exceeded expectations. The dessert was tasty too.	1
Absolutely delightful bread, will come back again. The pasta was generous too.	1
What a bland place, the staff fell far short. The food was awful too.	0
Highly recommend, the waitress was amazing. The sushi was delicious too.	1
The steak here is horrible and not worth the money.	0
We really regretted the awful waitress tonight.	0
The restaurant here is friendly and worth every penny. The coffee was superb too.	1
What a amazing place, the food exceeded expectations. The chef was excellent too.	1
perfect menu and a great atmosphere overall. The waitress was wonderful too.	1
Such a fantastic experience with the pizza.	1
I loved the quick menu here. The salad was perfect too.	1
bland pasta and a poor atmosphere overall. The menu was cold too.	0
The ambience here is superb and worth every penny.	1
Such a fantastic experience with the pasta.	1
flavorful chef and a great atmosphere overall.	1
The sushi was mediocre.	0
What a perfect place, the menu exceeded expectations. The salad was delicious too.	1
I hated the mediocre burger here.	0
Highly recommend, the steak was fantastic.	1
We really enjoyed the great food tonight.	1
Absolutely disappointing soup, never coming back. The waiter was awful too.	0
Highly recommend, the waiter was lovely. The pasta was perfect too.	1
We really regretted the bland burger tonight. The burger was dirty too.	0
Such a tasteless experience with the waitress.	0
The ambience here is noisy and not worth the money.	0
Best food I've had in a long time, truly excellent.	1
Such a superb experience with the bread. The restaurant was quick too.	1
The bread was impressive. The chef was excellent too.	1
soggy menu and a poor atmosphere overall.	0
The burger was great.	1
Worst food I've had in a long time, truly unfriendly. The steak was tasteless too.	0
Absolutely perfect sushi, will come back again. The burger was fresh too.	1
What a noisy place, the steak fell far short. The service was noisy too.	0
Would not recommend, the pizza was underwhelming. The waitress was awful too.	0
underwhelming pasta and a poor atmosphere overall.	0
We really enjoyed the fresh pasta tonight.	1
The coffee here is stale and not worth the money. The service was horrible too.	0
Would not recommend, the ambience was bland.	0
The dessert here is mediocre and not worth the money.	0
slow chef and a poor atmosphere overall.	0
I hated the burnt ambience here. The pasta was bland too.	0
Would not recommend, the coffee was dirty.	0
The soup was delicious. The sushi was excellent too.	1
The soup was fantastic.	1
The pasta was tasteless.	0
The bread was friendly. The pizza was superb too.	1
The waitress was quick. The service was fresh too.	1
The pizza here is bad and not worth the money.	0
Such a soggy experience with the soup. The ambience was underwhelming too.	0
The chef was disappointing.	0
Highly recommend, the sushi was fantastic.	1
rude waiter and a poor atmosphere overall.	0
The sushi here is impressive and worth every penny.	1
Would not recommend, the salad was terrible.	0
Best coffee I've had in a long time, truly quick. The steak was delightful too.	1
We really regretted the horrible service tonight.	0
Such a mediocre experience with the soup. The waiter was soggy too.	0
We really enjoyed the cozy salad tonight.	1
Best food I've had in a long time, truly outstanding.	1
Absolutely impressive pasta, will come back again. The place was generous too.	1
Highly recommend, the service was perfect.	1
charming staff and a great atmosphere overall.	1
amazing chef and a great atmosphere overall. The waiter was delicious too.	1
Absolutely horrible staff, never coming back.	0
Such a flavorful experience with the food.	1
Absolutely noisy soup, never coming back.	0
I hated the unfriendly coffee here.	0
Absolutely charming soup, will come back again.	1
slow bread and a poor atmosphere overall.	0
We really enjoyed the fresh menu tonight. The food was charming too.	1
What a lovely place, the waitress exceeded expectations. The ambience was impressive too.	1
The pasta was rude. The soup was burnt too.	0
Such a bland experience with the pizza.	0
The pasta was delightful. The dessert was impressive too.	1
We really enjoyed the quick salad tonight. The ambience was delightful too.	1
What a bland place, the waiter fell far short. The bread was bad too.	0
Worst menu I've had in a long time, truly terrible. The salad was soggy too.	0
Such a stale experience with the waiter.	0
Such a stale experience with the coffee.	0
We really enjoyed the great restaurant tonight.	1
We really enjoyed the quick place tonight.	1
friendly food and a great atmosphere overall.	1
I loved the fresh burger here. The coffee was impressive too.	1
cold service and a poor atmosphere overall.	0
Absolutely noisy burger, never coming back.	0
Best coffee I've had in a long time, truly great. The chef was delicious too.	1
The place was flavorful.	1
The restaurant here is quick and worth every penny. The service was tasty too.	1
Highly recommend, the food was cozy. The staff was generous too.	1
Absolutely friendly waiter, will come back again.	1
Highly recommend, the salad was quick. The pasta was lovely too.	1
The coffee was outstanding.	1
Absolutely generous food, will come back again.	1
What a outstanding place, the soup exceeded expectations. The chef was perfect too.	1
bland staff and a poor atmosphere overall.	0
I loved the impressive waitress here.	1
Absolutely cold ambience, never coming back.	0
Absolutely horrible ambience, never coming back. The service was soggy too.	0
Such a amazing experience with the restaurant.	1
Absolutely delicious chef, will come back again.	1
The waitress here is disappointing and not worth the money. The menu was tasteless too.	0
Absolutely horrible salad, never coming back.	0
We really enjoyed the cozy steak tonight.	1
The staff was rude.	0
The pasta here is wonderful and worth every penny. The dessert was tasty too.	1
The waitress was delightful.	1
We really enjoyed the fresh restaurant tonight. The food was excellent too.	1
What a stale place, the bread fell far short.	0
What a overpriced place, the service fell far short. The chef was terrible too.	0
Such a lovely experience with the restaurant. The restaurant was lovely too.	1
Worst service I've had in a long time, truly dirty. The waitress was stale too.	0
Would not recommend, the coffee was bland.	0
The dessert was stale.	0
Would not recommend, the ambience was stale.	0
What a dirty place, the place fell far short.	0
Would not recommend, the sushi was overpriced. The ambience was mediocre too.	0
Absolutely disappointing restaurant, never coming back. The service was horrible too.	0
What a generous place, the ambience exceeded expectations.	1
The coffee here is mediocre and not worth the money.	0
What a dirty place, the restaurant fell far short. The sushi was rude too.	0
The restaurant here is awful and not worth the money. The coffee was horrible too.	0
rude waiter and a poor atmosphere overall.	0
terrible restaurant and a poor atmosphere overall.	0
What a bad place, the staff fell far short.	0
Worst waiter I've had in a long time, truly disappointing. The soup was unfriendly too.	0
What a noisy place, the restaurant fell far short.	0
Such a fresh experience with the bread. The bread was flavorful too.	1
Would not recommend, the ambience was burnt.	0
What a bad place, the sushi fell far short. The waitress was terrible too.	0
Such a cold experience with the pasta. The waiter was awful too.	0
What a stale place, the coffee fell far short.	0
Such a outstanding experience with the place.	1
I loved the delightful menu here. The restaurant was friendly too.	1
The food was amazing.	1
The pasta was lovely.	1
Absolutely friendly chef, will come back again.	1
Such a lovely experience with the staff.	1
I loved the impressive pasta here. The place was amazing too.	1
What a cozy place, the menu exceeded expectations.	1
We really enjoyed the charming restaurant tonight. The soup was delightful too.	1
Best bread I've had in a long time, truly quick.	1
Absolutely lovely ambience, will come back again.	1
The restaurant was lovely. The restaurant was delicious too.	1
Such a excellent experience with the coffee. The pizza was amazing too.	1
flavorful soup and a great atmosphere overall.	1
The place here is delightful and worth every penny.	1
Absolutely friendly salad, will come back again.	1
The soup was burnt.	0
Highly recommend, the dessert was friendly. The food was great too.	1
Such a dirty experience with the sushi.	0
What a generous place, the food exceeded expectations.	1
cozy place and a great atmosphere overall.	1
The sushi here is slow and not worth the money.	0
Such a lovely experience with the food.	1
The pasta here is underwhelming and not worth the money. The waiter was tasteless too.	0
Such a bland experience with the pizza.	0
tasteless salad and a poor atmosphere overall. The service was underwhelming too.	0
Such a flavorful experience with the sushi.	1
Best staff I've had in a long time, truly flavorful. The waitress was great too.	1
The soup was excellent. The steak was delightful too.	1
I hated the unfriendly soup here.	0
Such a underwhelming experience with the coffee. The service was disappointing too.	0
The pasta here is excellent and worth every penny.	1
We really enjoyed the perfect pasta tonight. The salad was amazing too.	1
flavorful burger and a great atmosphere overall. The bread was quick too.	1
Best restaurant I've had in a long time, truly fresh.	1
flavorful food and a great atmosphere overall. The salad was great too.	1
Would not recommend, the sushi was awful.	0
We really regretted the bland dessert tonight.	0
What a burnt place, the waiter fell far short. The burger was dirty too.	0
The ambience here is tasty and worth every penny. The staff was charming too.	1
The dessert was soggy. The bread was bland too.	0
We really regretted the tasteless place tonight. The salad was horrible too.	0
What a overpriced place, the dessert fell far short.	0
We really regretted the awful ambience tonight.	0
The food here is awful and not worth the money. The pizza was terrible too.	0
The pasta here is outstanding and worth every penny. The burger was amazing too.	1
Would not recommend, the pizza was unfriendly. The staff was burnt too.	0
What a tasty place, the food exceeded expectations. The waiter was delicious too.	1
Best pizza I've had in a long time, truly cozy.	1
charming bread and a great atmosphere overall.	1
We really enjoyed the amazing burger tonight.	1
wonderful food and a great atmosphere overall. The salad was outstanding too.	1
The staff here is horrible and not worth the money.	0
Such a disappointing experience with the salad.	0
Absolutely quick steak, will come back again. The menu was delightful too.	1
The chef here is lovely and worth every penny.	1
The coffee was cozy.	1
The waitress was underwhelming.	0
We really enjoyed the charming salad tonight.	1
Absolutely unfriendly service, never coming back. The place was unfriendly too.	0
Highly recommend, the salad was great.	1
I hated the overpriced pasta here. The restaurant was horrible too.	0
I loved the fantastic ambience here. The burger was charming too.	1
The steak was burnt. The ambience was overpriced too.	0
I loved the fantastic waiter here.	1
The ambience here is awful and not worth the money.	0
The waiter was slow. The salad was underwhelming too.	0
We really regretted the underwhelming food tonight.	0
The dessert here is stale and not worth the money.	0
Absolutely burnt service, never coming back.	0
We really regretted the bland menu tonight.	0
I hated the horrible pasta here.	0
Such a outstanding experience with the soup.	1
flavorful waitress and a great atmosphere overall.	1
Absolutely quick restaurant, will come back again. The soup was friendly too.	1
Such a superb experience with the food.	1
I loved the friendly restaurant here.	1
Absolutely terrible pasta, never coming back. The bread was bad too.	0
disappointing food and a poor atmosphere overall.	0
The service was tasteless. The service was horrible too.	0
overpriced ambience and a poor atmosphere overall.	0
Absolutely awful dessert, never coming back.	0
The staff here is quick and worth every penny.	1
What a charming place, the salad exceeded expectations. The menu was impressive too.	1
I loved the impressive service here.	1
The service was fresh. The restaurant was amazing too.	1
Worst salad I've had in a long time, truly stale. The menu was bad too.	0
We really regretted the noisy dessert tonight.	0
I hated the overpriced dessert here.	0
The waiter was friendly. The bread was quick too.	1
We really regretted the slow service tonight. The sushi was greasy too.	0
The steak here is perfect and worth every penny.	1
The soup was slow. The bread was unfriendly too.	0
Worst pasta I've had in a long time, truly greasy. The staff was cold too.	0
Highly recommend, the bread was amazing. The bread was delightful too.	1
Worst ambience I've had in a long time, truly dirty.	0
Worst pasta I've had in a long time, truly greasy. The ambience was rude too.	0
Best waiter I've had in a long time, truly delightful. The sushi was delightful too.	1
Worst sushi I've had in a long time, truly awful.	0
Such a amazing experience with the ambience.	1
cold waitress and a poor atmosphere overall.	0
burnt pasta and a poor atmosphere overall. The food was greasy too.	0
slow chef and a poor atmosphere overall.	0
Absolutely terrible ambience, never coming back. The staff was dirty too.	0
The coffee was dirty. The menu was terrible too.	0
Such a bad experience with the staff.	0
We really regretted the mediocre staff tonight.	0
The steak was mediocre. The chef was noisy too.	0
Absolutely superb service, will come back again. The pasta was great too.	1
What a fresh place, the menu exceeded expectations. The chef was impressive too.	1
awful burger and a poor atmosphere overall.	0
I hated the disappointing dessert here.	0
What a generous place, the steak exceeded expectations. The chef was fantastic too.	1
Would not recommend, the soup was bland.	0
horrible bread and a poor atmosphere overall.	0
What a friendly place, the pasta exceeded expectations. The steak was friendly too.	1
Such a burnt experience with the place. The steak was unfriendly too.	0
Would not recommend, the sushi was stale.	0
Best bread I've had in a long time, truly amazing.	1
Such a rude experience with the service.	0
I hated the underwhelming sushi here.	0
I loved the amazing pizza here.	1
What a terrible place, the waiter fell far short. The sushi was overpriced too.	0
Absolutely tasty menu, will come back again.	1
Such a underwhelming experience with the salad.	0
What a disappointing place, the restaurant fell far short.	0
The ambience here is lovely and worth every penny. The bread was wonderful too.	1
Absolutely fresh steak, will come back again.	1
What a horrible place, the chef fell far short.	0
Absolutely perfect waiter, will come back again.	1
Absolutely delightful pizza, will come back again. The bread was outstanding too.	1
Absolutely awful restaurant, never coming back. The waiter was terrible too.	0
The soup here is cold and not worth the money.	0
bland food and a poor atmosphere overall.	0
Highly recommend, the pizza was excellent. The restaurant was tasty too.	1
I loved the flavorful pasta here.	1
What a wonderful place, the coffee exceeded expectations. The sushi was outstanding too.	1
Best steak I've had in a long time, truly great.	1
slow steak and a poor atmosphere overall. The chef was tasteless too.	0
What a impressive place, the waitress exceeded expectations.	1
Such a burnt experience with the menu. The food was horrible too.	0
Such a fresh experience with the pasta.	1
Absolutely mediocre waiter, never coming back.	0
We really regretted the bad sushi tonight.	0
bland menu and a poor atmosphere overall.	0
delicious coffee and a great atmosphere overall.	1
The pasta was underwhelming.	0
Such a terrible experience with the chef.	0
fresh service and a great atmosphere overall.	1
Worst steak I've had in a long time, truly unfriendly. The coffee was greasy too.	0
I loved the lovely restaurant here.	1
The service here is flavorful and worth every penny.	1
The restaurant here is underwhelming and not worth the money. The waitress was underwhelming too.	0
Absolutely soggy dessert, never coming back.	0
Best waitress I've had in a long time, truly wonderful.	1
Absolutely mediocre food, never coming back. The service was overpriced too.	0
Highly recommend, the ambience was tasty.	1
The dessert here is friendly and worth every penny.	1
What a lovely place, the staff exceeded expectations.	1
We really regretted the unfriendly steak tonight.	0
Highly recommend, the menu was fantastic.	1
We really regretted the noisy soup tonight.	0
What a stale place, the bread fell far short.	0
Would not recommend, the burger was unfriendly.	0
Worst soup I've had in a long time, truly unfriendly.	0
What a lovely place, the food exceeded expectations.	1
slow menu and a poor atmosphere overall.	0
Such a lovely experience with the waitress. The pizza was impressive too.	1
I loved the friendly burger here. The waiter was charming too.	1
I hated the burnt soup here.	0
What a outstanding place, the place exceeded expectations. The steak was fresh too.	1
The burger was amazing.	1
bad waiter and a poor atmosphere overall.	0
Such a wonderful experience with the waiter.	1
We really enjoyed the lovely coffee tonight. The waiter was outstanding too.	1
Highly recommend, the ambience was generous.	1
Highly recommend, the staff was cozy.	1
We really regretted the disappointing restaurant tonight.	0
The bread was flavorful. The bread was lovely too.	1
Highly recommend, the staff was friendly. The staff was tasty too.	1
Best burger I've had in a long time, truly impressive.	1
What a impressive place, the chef exceeded expectations.	1
The burger was horrible.	0
cozy steak and a great atmosphere overall.	1
What a stale place, the salad fell far short.	0
Highly recommend, the ambience was tasty. The food was delightful too.	1
Such a slow experience with the chef. The place was awful too.	0
What a awful place, the bread fell far short.	0
bland waitress and a poor atmosphere overall.	0
cold food and a poor atmosphere overall. The steak was bad too.	0
The coffee here is mediocre and not worth the money. The coffee was horrible too.	0
Best steak I've had in a long time, truly outstanding.	1
Absolutely fantastic dessert, will come back again. The waitress was perfect too.	1
The food was amazing. The chef was outstanding too.	1
Would not recommend, the coffee was mediocre.	0
Best pasta I've had in a long time, truly delicious. The ambience was superb too.	1
I hated the tasteless burger here. The burger was greasy too.	0
Would not recommend, the burger was bland.	0
The sushi was lovely. The menu was tasty too.	1
Highly recommend, the coffee was quick.	1
Such a soggy experience with the food.	0
I hated the awful sushi here.	0
Such a quick experience with the pizza. The salad was lovely too.	1
Such a wonderful experience with the burger.	1
Absolutely delicious waitress, will come back again. The steak was delicious too.	1
Highly recommend, the bread was delightful. The salad was perfect too.	1
The staff here is disappointing and not worth the money.	0
impressive food and a great atmosphere overall.	1
What a flavorful place, the salad exceeded expectations.	1
Absolutely flavorful soup, will come back again.	1
Would not recommend, the steak was slow. The menu was dirty too.	0
The ambience here is unfriendly and not worth the money.	0
The pasta was tasteless.	0
We really regretted the horrible dessert tonight. The coffee was terrible too.	0
We really enjoyed the outstanding soup tonight.	1
The pizza here is noisy and not worth the money.	0
Highly recommend, the steak was impressive. The waitress was amazing too.	1
The waiter here is delightful and worth every penny. The service was fresh too.	1
Highly recommend, the staff was superb.	1
Highly recommend, the restaurant was outstanding. The food was generous too.	1
Absolutely greasy menu, never coming back. The place was noisy too.	0
We really regretted the bad chef tonight. The waitress was bad too.	0
Worst dessert I've had in a long time, truly unfriendly.	0
I loved the lovely place here.	1
Highly recommend, the waitress was perfect.	1
Highly recommend, the menu was amazing.	1
Best restaurant I've had in a long time, truly delightful.	1
Highly recommend, the coffee was friendly.	1
What a cold place, the burger fell far short.	0
Absolutely fresh pizza, will come back again.	1
Worst waitress I've had in a long time, truly terrible.	0
The ambience here is delightful and worth every penny. The waitress was flavorful too.	1
Such a cozy experience with the pasta. The chef was tasty too.	1
horrible food and a poor atmosphere overall. The soup was disappointing too.	0
I hated the dirty staff here.	0
We really enjoyed the great coffee tonight.	1
Absolutely lovely restaurant, will come back again.	1
What a outstanding place, the dessert exceeded expectations. The salad was charming too.	1
amazing soup and a great atmosphere overall.	1
We really regretted the slow pizza tonight.	0
I loved the flavorful pizza here.	1
The coffee was noisy.	0
We really enjoyed the fresh waiter tonight.	1
The soup was awful.	0
The waitress here is tasteless and not worth the money.	0
The bread was generous.	1
We really regretted the stale bread tonight.	0
The soup here is outstanding and worth every penny. The chef was quick too.	1
Worst sushi I've had in a long time, truly tasteless. The coffee was bland too.	0
What a charming place, the bread exceeded expectations.	1
We really regretted the disappointing chef tonight.	0
I loved the impressive dessert here. The salad was delicious too.	1
The bread here is impressive and worth every penny. The salad was friendly too.	1
Would not recommend, the waiter was horrible. The burger was burnt too.	0
bad coffee and a poor atmosphere overall. The food was slow too.	0
underwhelming food and a poor atmosphere overall. The pizza was noisy too.	0
Absolutely cold ambience, never coming back. The salad was terrible too.	0
Highly recommend, the steak was great.	1
Absolutely cold bread, never coming back.	0
cozy bread and a great atmosphere overall.	1
Absolutely soggy place, never coming back.	0
The food was flavorful.	1
The ambience was delightful.	1
What a generous place, the service exceeded expectations. The sushi was wonderful too.	1
Absolutely charming soup, will come back again. The salad was fresh too.	1
Would not recommend, the pizza was stale.	0
What a greasy place, the waitress fell far short.	0
Best service I've had in a long time, truly fresh. The sushi was outstanding too.	1
What a soggy place, the chef fell far short.	0
Such a overpriced experience with the coffee. The chef was terrible too.	0
Such a generous experience with the sushi.	1
I hated the disappointing waiter here. The steak was awful too.	0
The steak was bad. The staff was soggy too.	0
What a unfriendly place, the sushi fell far short.	0
The pizza here is cozy and worth every penny.	1
The burger was stale. The coffee was burnt too.	0
I loved the fantastic menu here. The pasta was flavorful too.	1
Absolutely cold service, never coming back.	0
Such a awful experience with the steak.	0
Worst chef I've had in a long time, truly cold.	0
What a charming place, the ambience exceeded expectations. The service was impressive too.	1
What a generous place, the chef exceeded expectations.	1
Such a slow experience with the service.	0
Best pasta I've had in a long time, truly perfect.	1
stale pasta and a poor atmosphere overall.	0
The soup was lovely.	1
quick pizza and a great atmosphere overall.	1
bland food and a poor atmosphere overall. The restaurant was unfriendly too.	0
Such a underwhelming experience with the steak.	0
I hated the disappointing coffee here. The sushi was dirty too.	0
What a rude place, the chef fell far short.	0
Such a generous experience with the restaurant. The ambience was charming too.	1
Absolutely delicious menu, will come back again.	1
Highly recommend, the staff was outstanding. The pasta was excellent too.	1
Absolutely overpriced pizza, never coming back. The ambience was dirty too.	0
Worst staff I've had in a long time, truly burnt.	0
Such a charming experience with the burger.	1
We really regretted the terrible ambience tonight.	0
lovely pasta and a great atmosphere overall.	1
Absolutely friendly burger, will come back again.	1
Best dessert I've had in a long time, truly impressive.	1
The staff here is flavorful and worth every penny.	1
fantastic salad and a great atmosphere overall. The food was outstanding too.	1
Absolutely rude food, never coming back. The place was horrible too.	0
I hated the burnt soup here.	0
Such a cold experience with the pasta.	0
We really enjoyed the perfect pasta tonight. The service was impressive too.	1
Such a charming experience with the burger.	1
The chef was lovely.	1
Absolutely impressive restaurant, will come back again.	1
Such a overpriced experience with the pasta.	0
slow food and a poor atmosphere overall.	0
What a amazing place, the dessert exceeded expectations.	1
Absolutely friendly soup, will come back again. The menu was quick too.	1
We really enjoyed the generous ambience tonight. The ambience was quick too.	1
I hated the mediocre waitress here. The steak was horrible too.	0
Absolutely stale pizza, never coming back.	0
Absolutely slow service, never coming back. The pizza was stale too.	0
Highly recommend, the salad was impressive. The menu was generous too.	1
Such a charming experience with the waitress.	1
What a dirty place, the sushi fell far short.	0
We really enjoyed the flavorful place tonight.	1
The steak here is slow and not worth the money. The ambience was cold too.	0
The burger was lovely.	1
Worst menu I've had in a long time, truly overpriced. The pasta was horrible too.	0
The dessert here is quick and worth every penny. The ambience was delicious too.	1
burnt place and a poor atmosphere overall. The restaurant was horrible too.	0
What a bland place, the menu fell far short.	0
What a horrible place, the dessert fell far short.	0
Absolutely noisy dessert, never coming back.	0
bad sushi and a poor atmosphere overall.	0
The burger here is bland and not worth the money.	0
Highly recommend, the food was tasty. The waiter was outstanding too.	1
Such a great experience with the steak.	1
The burger here is lovely and worth every penny.	1
Absolutely underwhelming ambience, never coming back. The bread was overpriced too.	0
The soup here is terrible and not worth the money.	0
I loved the fresh pizza here. The dessert was perfect too.	1
Worst ambience I've had in a long time, truly bland.	0
Such a noisy experience with the pasta. The staff was cold too.	0
We really regretted the noisy burger tonight.	0
Worst chef I've had in a long time, truly noisy. The restaurant was terrible too.	0
What a terrible place, the pasta fell far short. The pizza was bad too.	0
quick sushi and a great atmosphere overall. The menu was delicious too.	1
Highly recommend, the coffee was superb. The place was charming too.	1
I loved the fresh sushi here. The soup was great too.	1
I loved the great steak here. The waitress was flavorful too.	1
Absolutely quick bread, will come back again.	1
Would not recommend, the food was underwhelming. The chef was cold too.	0
unfriendly service and a poor atmosphere overall.	0
The steak here is mediocre and not worth the money. The chef was awful too.	0
The waitress was burnt. The waitress was noisy too.	0
I loved the fresh menu here. The burger was excellent too.	1
amazing menu and a great atmosphere overall. The waiter was tasty too.	1
Highly recommend, the service was excellent.	1
The steak was tasteless.	0
The restaurant here is excellent and worth every penny.	1
Absolutely greasy place, never coming back. The waitress was underwhelming too.	0
Best service I've had in a long time, truly fantastic. The steak was impressive too.	1
The soup was wonderful. The ambience was quick too.	1
Would not recommend, the pizza was disappointing. The restaurant was slow too.	0
The burger was awful.	0
Absolutely impressive pizza, will come back again. The waiter was delicious too.	1
Absolutely friendly dessert, will come back again.	1
The place was unfriendly.	0
The place here is tasty and worth every penny.	1
What a fresh place, the menu exceeded expectations. The pizza was excellent too.	1
Would not recommend, the dessert was rude. The place was disappointing too.	0
What a fresh place, the waiter exceeded expectations. The waitress was lovely too.	1
Such a slow experience with the steak. The coffee was horrible too.	0
What a lovely place, the pasta exceeded expectations.	1
The food here is rude and not worth the money.	0
Such a quick experience with the waitress. The service was impressive too.	1
overpriced dessert and a poor atmosphere overall.	0
The sushi here is fresh and worth every penny.	1
Absolutely dirty bread, never coming back.	0
superb pizza and a great atmosphere overall.	1
Absolutely outstanding staff, will come back again.	1
Best ambience I've had in a long time, truly superb.	1
We really enjoyed the perfect staff tonight.	1
Best ambience I've had in a long time, truly excellent.	1
What a delicious place, the coffee exceeded expectations.	1
I loved the lovely waitress here. The dessert was fresh too.	1
What a friendly place, the pizza exceeded expectations.	1
We really enjoyed the lovely waiter tonight.	1
horrible burger and a poor atmosphere overall.	0
Such a tasteless experience with the pizza.	0
What a wonderful place, the waitress exceeded expectations.	1
Absolutely overpriced steak, never coming back. The ambience was underwhelming too.	0
The soup here is wonderful and worth every penny. The sushi was great too.	1
generous waiter and a great atmosphere overall.	1
Worst bread I've had in a long time, truly overpriced. The pasta was mediocre too.	0
Highly recommend, the bread was outstanding.	1
The pizza was impressive.	1
Would not recommend, the place was horrible. The soup was underwhelming too.	0
What a overpriced place, the soup fell far short.	0
great bread and a great atmosphere overall. The pizza was cozy too.	1
cold staff and a poor atmosphere overall.	0
We really regretted the disappointing coffee tonight. The pizza was terrible too.	0
We really enjoyed the tasty sushi tonight. The service was flavorful too.	1
I hated the terrible waiter here. The salad was mediocre too.	0
The sushi was burnt.	0
The restaurant here is friendly and worth every penny.	1
I hated the slow place here.	0
What a disappointing place, the ambience fell far short.	0
Absolutely friendly chef, will come back again. The burger was wonderful too.	1
excellent soup and a great atmosphere overall.	1
superb pasta and a great atmosphere overall. The menu was delightful too.	1
Absolutely bad place, never coming back.	0
The soup here is impressive and worth every penny. The ambience was impressive too.	1
I loved the cozy burger here.	1
rude place and a poor atmosphere overall.	0
What a lovely place, the ambience exceeded expectations.	1
We really enjoyed the quick salad tonight.	1
Highly recommend, the food was quick. The steak was fresh too.	1
The salad was fantastic. The ambience was fantastic too.	1
What a dirty place, the waiter fell far short. The ambience was overpriced too.	0
The soup here is delightful and worth every penny.	1
Such a great experience with the service. The burger was perfect too.	1
underwhelming menu and a poor atmosphere overall.	0
Highly recommend, the menu was perfect.	1
What a awful place, the pasta fell far short.	0
The burger was bland.	0
What a underwhelming place, the waitress fell far short. The staff was stale too.	0
I loved the great bread here.	1
What a noisy place, the pasta fell far short.	0
The staff was terrible.	0
Absolutely awful waiter, never coming back.	0
I loved the quick waitress here.	1
I loved the delicious bread here.	1
Such a delicious experience with the salad. The place was tasty too.	1
Best burger I've had in a long time, truly cozy. The burger was wonderful too.	1
Best service I've had in a long time, truly tasty. The waitress was delicious too.	1
I loved the impressive sushi here.	1
Such a fantastic experience with the soup.	1
I hated the awful ambience here. The sushi was cold too.	0
I hated the underwhelming staff here. The restaurant was cold too.	0
The soup was greasy.	0
The pasta was bad. The coffee was burnt too.	0
I loved the lovely staff here. The bread was generous too.	1
Absolutely tasteless pasta, never coming back.	0
Such a unfriendly experience with the staff.	0
Worst sushi I've had in a long time, truly soggy.	0
Such a mediocre experience with the pasta.	0
I loved the charming pizza here. The sushi was lovely too.	1
fantastic salad and a great atmosphere overall. The soup was lovely too.	1
Absolutely fresh waiter, will come back again. The pasta was delicious too.	1
I hated the overpriced staff here.	0
The menu was outstanding.	1
rude waitress and a poor atmosphere overall. The bread was stale too.	0
Absolutely outstanding dessert, will come back again.	1
The waiter here is flavorful and worth every penny.	1
Best food I've had in a long time, truly wonderful. The staff was generous too.	1
What a charming place, the soup exceeded expectations.	1
Highly recommend, the burger was cozy.	1
mediocre dessert and a poor atmosphere overall.	0
What a impressive place, the coffee exceeded expectations. The service was amazing too.	1
What a cold place, the dessert fell far short.	0
We really regretted the mediocre steak tonight. The ambience was disappointing too.	0
Would not recommend, the dessert was dirty. The restaurant was rude too.	0
We really regretted the bland chef tonight. The ambience was slow too.	0
Worst dessert I've had in a long time, truly horrible. The ambience was terrible too.	0
The sushi was amazing. The burger was fantastic too.	1
amazing pizza and a great atmosphere overall.	1
The waitress here is excellent and worth every penny. The coffee was generous too.	1
The place was amazing.	1
Would not recommend, the waitress was mediocre.	0
We really enjoyed the fantastic burger tonight. The restaurant was amazing too.	1
Absolutely quick sushi, will come back again. The place was fantastic too.	1
Absolutely rude dessert, never coming back. The bread was slow too.	0
Would not recommend, the waiter was rude. The food was burnt too.	0
Best burger I've had in a long time, truly flavorful.	1
Best coffee I've had in a long time, truly tasty.	1
The soup here is unfriendly and not worth the money. The burger was bland too.	0
The service here is charming and worth every penny.	1
Best place I've had in a long time, truly fresh.	1
Such a fantastic experience with the place. The food was outstanding too.	1
We really enjoyed the outstanding menu tonight.	1
What a soggy place, the waiter fell far short. The food was mediocre too.	0
Worst pasta I've had in a long time, truly cold.	0
What a awful place, the bread fell far short.	0
The coffee was fresh. The bread was amazing too.	1
The staff here is amazing and worth every penny. The pasta was outstanding too.	1
I loved the lovely pizza here.	1
I loved the cozy restaurant here.	1
We really enjoyed the lovely burger tonight.	1
Absolutely greasy chef, never coming back.	0
Highly recommend, the waiter was great.	1
The salad was fresh. The dessert was flavorful too.	1
Such a terrible experience with the bread.	0
Absolutely fantastic soup, will come back again. The salad was generous too.	1
overpriced burger and a poor atmosphere overall.	0
Worst food I've had in a long time, truly tasteless.	0
Worst dessert I've had in a long time, truly underwhelming.	0
Would not recommend, the pasta was terrible.	0
The waiter was noisy.	0
What a quick place, the salad exceeded expectations.	1
Absolutely dirty pasta, never coming back.	0
The bread was mediocre. The service was horrible too.	0
We really enjoyed the quick steak tonight. The chef was perfect too.	1
The dessert was generous. The steak was wonderful too.	1
I hated the mediocre chef here.	0
I loved the charming waitress here. The bread was delicious too.	1
Such a superb experience with the restaurant.	1
Such a stale experience with the coffee.	0
What a unfriendly place, the ambience fell far short. The salad was horrible too.	0
The pasta here is perfect and worth every penny.	1
Worst sushi I've had in a long time, truly rude.	0
The food here is burnt and not worth the money.	0
The pizza here is wonderful and worth every penny. The pasta was cozy too.	1
The food here is awful and not worth the money. The restaurant was greasy too.	0
Worst place I've had in a long time, truly tasteless. The ambience was unfriendly too.	0
Would not recommend, the place was tasteless. The chef was greasy too.	0
terrible soup and a poor atmosphere overall. The sushi was noisy too.	0
Absolutely terrible ambience, never coming back. The dessert was bad too.	0
Such a fresh experience with the service. The restaurant was delightful too.	1
The steak here is delightful and worth every penny. The pizza was great too.	1
Absolutely burnt steak, never coming back.	0
The pizza here is delicious and worth every penny. The restaurant was delightful too.	1
Absolutely horrible waitress, never coming back.	0
I hated the unfriendly salad here.	0
The place here is underwhelming and not worth the money.	0
Absolutely slow salad, never coming back. The staff was mediocre too.	0
Absolutely burnt chef, never coming back.	0
What a fresh place, the dessert exceeded expectations. The ambience was friendly too.	1
We really enjoyed the tasty salad tonight.	1
Such a horrible experience with the food.	0
Such a delicious experience with the dessert. The pizza was impressive too.	1
The waiter was soggy. The dessert was terrible too.	0
The waiter was wonderful.	1
I hated the awful soup here.	0
Best pizza I've had in a long time, truly tasty.	1
We really regretted the unfriendly sushi tonight. The service was terrible too.	0
Absolutely terrible service, never coming back.	0
I loved the quick steak here. The waiter was outstanding too.	1
We really enjoyed the perfect ambience tonight. The dessert was superb too.	1
The salad was greasy.	0
Absolutely delightful soup, will come back again. The pasta was superb too.	1
Such a slow experience with the menu. The ambience was bad too.	0
I loved the charming chef here. The ambience was lovely too.	1
Such a lovely experience with the chef.	1
The place here is unfriendly and not worth the money.	0
What a tasty place, the dessert exceeded expectations.	1
We really enjoyed the great place tonight.	1
mediocre waitress and a poor atmosphere overall. The dessert was rude too.	0
I loved the quick sushi here. The soup was excellent too.	1
Worst bread I've had in a long time, truly bland.	0
I hated the mediocre service here.	0
Absolutely awful salad, never coming back. The staff was cold too.	0
Would not recommend, the ambience was underwhelming.	0
terrible chef and a poor atmosphere overall.	0
Such a quick experience with the sushi. The restaurant was wonderful too.	1
I hated the underwhelming menu here.	0
I hated the slow soup here.	0
The ambience here is cozy and worth every penny.	1
Such a quick experience with the dessert.	1
The staff here is great and worth every penny.	1
Such a greasy experience with the salad. The food was overpriced too.	0
Such a tasteless experience with the chef.	0
Absolutely noisy bread, never coming back.	0
Absolutely tasty staff, will come back again. The dessert was delightful too.	1
horrible coffee and a poor atmosphere overall.	0
Highly recommend, the restaurant was flavorful.	1
Would not recommend, the place was underwhelming. The sushi was mediocre too.	0
I loved the impressive steak here.	1
Would not recommend, the steak was disappointing. The place was cold too.	0
terrible burger and a poor atmosphere overall.	0
mediocre waiter and a poor atmosphere overall. The waitress was bad too.	0
I loved the superb pizza here.	1
The sushi here is excellent and worth every penny. The dessert was fresh too.	1
Worst pizza I've had in a long time, truly underwhelming.	0
What a horrible place, the steak fell far short.	0
Would not recommend, the waitress was stale.	0
impressive pasta and a great atmosphere overall. The burger was impressive too.	1
I hated the dirty pasta here. The waitress was slow too.	0
terrible steak and a poor atmosphere overall.	0
Worst soup I've had in a long time, truly mediocre. The steak was cold too.	0
awful restaurant and a poor atmosphere overall.	0
We really enjoyed the quick chef tonight. The pizza was outstanding too.	1
We really enjoyed the delightful food tonight.	1
The menu here is stale and not worth the money.	0
What a slow place, the staff fell far short. The waitress was dirty too.	0
Absolutely excellent food, will come back again.	1
We really enjoyed the flavorful pasta tonight.	1
Worst food I've had in a long time, truly greasy.	0
Absolutely generous soup, will come back again. The coffee was lovely too.	1
The service was generous. The salad was cozy too.	1
The restaurant here is bland and not worth the money.	0
Such a fresh experience with the restaurant.	1
What a delicious place, the restaurant exceeded expectations.	1
I hated the tasteless burger here.	0
underwhelming ambience and a poor atmosphere overall.	0
amazing chef and a great atmosphere overall. The pizza was wonderful too.	1
Such a mediocre experience with the coffee. The staff was slow too.	0
The restaurant was amazing.	1
Would not recommend, the coffee was greasy.	0
The restaurant here is friendly and worth every penny.	1
Such a disappointing experience with the bread.	0
We really enjoyed the quick menu tonight.	1
Highly recommend, the ambience was amazing. The bread was delightful too.	1
I loved the flavorful ambience here.	1
Worst ambience I've had in a long time, truly terrible.	0
The burger here is unfriendly and not worth the money.	0
The salad was wonderful.	1
The dessert here is quick and worth every penny.	1
Such a cold experience with the service. The salad was dirty too.	0
Such a noisy experience with the staff. The food was bland too.	0
The place here is tasteless and not worth the money. The sushi was dirty too.	0
Would not recommend, the coffee was awful.	0
Would not recommend, the menu was soggy.	0
The service here is greasy and not worth the money.	0
The service was lovely. The staff was superb too.	1
Would not recommend, the ambience was horrible. The menu was tasteless too.	0
I loved the cozy menu here. The menu was flavorful too.	1
Worst pasta I've had in a long time, truly bad. The service was disappointing too.	0
The service was unfriendly. The ambience was soggy too.	0
The steak here is friendly and worth every penny.	1
Highly recommend, the sushi was generous. The staff was delightful too.	1
We really regretted the slow service tonight.	0
What a friendly place, the place exceeded expectations.	1
We really enjoyed the tasty bread tonight.	1
I loved the great waitress here. The ambience was quick too.	1
I loved the quick coffee here. The soup was flavorful too.	1
Worst ambience I've had in a long time, truly bad.	0
Such a tasty experience with the coffee. The staff was flavorful too.	1
The service was tasteless. The bread was disappointing too.	0
The dessert here is disappointing and not worth the money. The bread was bland too.	0
dirty soup and a poor atmosphere overall. The restaurant was burnt too.	0
Worst dessert I've had in a long time, truly overpriced.	0
What a impressive place, the pizza exceeded expectations.	1
The coffee here is excellent and worth every penny. The ambience was wonderful too.	1
We really regretted the bad place tonight. The service was bland too.	0
The steak here is burnt and not worth the money.	0
We really regretted the burnt waitress tonight.	0
Such a terrible experience with the menu. The coffee was tasteless too.	0
We really enjoyed the excellent menu tonight. The ambience was quick too.	1
Such a burnt experience with the soup. The staff was dirty too.	0
Best service I've had in a long time, truly excellent. The coffee was superb too.	1
I hated the mediocre pasta here.	0
We really regretted the burnt food tonight.	0
What a burnt place, the food fell far short.	0
We really regretted the terrible restaurant tonight.	0
Absolutely charming pizza, will come back again.	1
We really enjoyed the flavorful sushi tonight.	1
Highly recommend, the place was fantastic. The steak was wonderful too.	1
soggy sushi and a poor atmosphere overall. The salad was awful too.	0
I hated the bad food here. The service was slow too.	0
Such a wonderful experience with the burger. The pasta was flavorful too.	1
Best menu I've had in a long time, truly delicious.	1
We really regretted the bad sushi tonight. The salad was mediocre too.	0
What a noisy place, the place fell far short.	0
Best place I've had in a long time, truly friendly.	1
dirty waitress and a poor atmosphere overall.	0
The chef here is mediocre and not worth the money. The salad was horrible too.	0
Such a fresh experience with the coffee. The burger was amazing too.	1
Worst food I've had in a long time, truly unfriendly. The pasta was slow too.	0
Such a superb experience with the ambience.	1
Absolutely disappointing salad, never coming back. The staff was noisy too.	0
Such a perfect experience with the staff.	1
The food was bad. The pasta was underwhelming too.	0
The pizza was quick.	1
What a flavorful place, the steak exceeded expectations. The steak was delicious too.	1
I loved the delicious place here. The restaurant was quick too.	1
Highly recommend, the food was amazing. The ambience was superb too.	1
Such a noisy experience with the bread.	0
What a tasteless place, the chef fell far short.	0
Such a tasty experience with the bread. The coffee was cozy too.	1
We really regretted the dirty menu tonight.	0
I hated the rude salad here. The ambience was underwhelming too.	0
The soup here is bland and not worth the money. The coffee was mediocre too.	0
Such a greasy experience with the ambience.	0
I hated the disappointing food here.	0
wonderful sushi and a great atmosphere overall.	1
Absolutely cozy restaurant, will come back again. The bread was outstanding too.	1
Absolutely impressive burger, will come back again.	1
The sushi here is wonderful and worth every penny. The service was wonderful too.	1
burnt food and a poor atmosphere overall.	0
greasy staff and a poor atmosphere overall.	0
What a great place, the steak exceeded expectations. The steak was perfect too.	1
We really regretted the slow menu tonight.	0
The ambience was disappointing.	0
Best menu I've had in a long time, truly fresh.	1
What a horrible place, the menu fell far short.	0
I loved the amazing menu here.	1
What a delicious place, the service exceeded expectations. The salad was impressive too.	1
Would not recommend, the pizza was bland.	0
The place here is terrible and not worth the money.	0
Absolutely delicious bread, will come back again.	1
The pizza here is outstanding and worth every penny. The bread was delightful too.	1
The waiter was unfriendly.	0
The pizza here is delicious and worth every penny.	1
quick chef and a great atmosphere overall. The waitress was friendly too.	1
The waiter was charming.	1
Absolutely slow staff, never coming back.	0
I loved the cozy waitress here. The soup was lovely too.	1
We really regretted the stale chef tonight.	0
I loved the fresh dessert here.	1
Worst staff I've had in a long time, truly awful.	0
The menu was fresh.	1
Such a underwhelming experience with the waitress.	0
The salad here is soggy and not worth the money.	0
What a burnt place, the place fell far short.	0
wonderful pasta and a great atmosphere overall.	1
Best sushi I've had in a long time, truly quick.	1
We really enjoyed the friendly place tonight.	1
We really regretted the soggy place tonight.	0
Highly recommend, the restaurant was cozy.	1
Such a mediocre experience with the menu.	0
The coffee was superb. The ambience was excellent too.	1
Absolutely horrible chef, never coming back.	0
mediocre waiter and a poor atmosphere overall.	0
The coffee was soggy.	0
generous menu and a great atmosphere overall. The ambience was outstanding too.	1
Highly recommend, the waiter was excellent.	1
What a charming place, the salad exceeded expectations. The pasta was impressive too.	1
Worst soup I've had in a long time, truly overpriced.	0
Worst place I've had in a long time, truly slow. The sushi was underwhelming too.	0
wonderful chef and a great atmosphere overall. The salad was flavorful too.	1
The ambience was lovely.	1
Best menu I've had in a long time, truly charming.	1
Worst bread I've had in a long time, truly terrible. The staff was greasy too.	0
I hated the bad place here.	0
We really regretted the tasteless ambience tonight.	0
I hated the noisy menu here.	0
Worst restaurant I've had in a long time, truly noisy.	0
Highly recommend, the dessert was great.	1
The staff here is cold and not worth the money.	0
Worst service I've had in a long time, truly awful.	0
Absolutely unfriendly food, never coming back. The salad was rude too.	0
Would not recommend, the coffee was bad.	0
We really regretted the dirty sushi tonight.	0
Absolutely amazing pizza, will come back again.	1
I hated the cold food here.	0
The restaurant was tasteless. The coffee was horrible too.	0
The service here is underwhelming and not worth the money. The food was horrible too.	0
Absolutely superb salad, will come back again.	1
Such a fresh experience with the waiter.	1
Highly recommend, the menu was fantastic. The waiter was delicious too.	1
Such a underwhelming experience with the food. The restaurant was stale too.	0
friendly waiter and a great atmosphere overall. The soup was generous too.	1
We really regretted the overpriced dessert tonight.	0
Worst pasta I've had in a long time, truly terrible.	0
The staff here is perfect and worth every penny. The salad was superb too.	1
The waitress here is underwhelming and not worth the money. The ambience was burnt too.	0
Worst sushi I've had in a long time, truly disappointing.	0
Such a dirty experience with the burger. The staff was stale too.	0
Highly recommend, the ambience was quick.	1
Would not recommend, the waitress was dirty. The burger was soggy too.	0
Would not recommend, the menu was greasy.	0
Highly recommend, the pizza was superb.	1
We really regretted the mediocre waiter tonight. The ambience was greasy too.	0
Such a tasteless experience with the coffee. The chef was underwhelming too.	0
We really enjoyed the cozy dessert tonight. The coffee was delightful too.	1
Absolutely overpriced pasta, never coming back.	0
Would not recommend, the waitress was unfriendly. The burger was greasy too.	0
What a mediocre place, the pizza fell far short.	0
Worst bread I've had in a long time, truly awful. The pasta was tasteless too.	0
The service was dirty.	0
perfect bread and a great atmosphere overall.	1
We really enjoyed the delicious food tonight. The waiter was delightful too.	1
The menu was impressive.	1
We really enjoyed the fresh chef tonight.	1
The soup here is tasteless and not worth the money.	0
Such a terrible experience with the dessert.	0
bland food and a poor atmosphere overall. The bread was dirty too.	0
The place was dirty.	0
Worst food I've had in a long time, truly greasy. The waiter was burnt too.	0
Such a lovely experience with the place. The staff was wonderful too.	1
The chef here is delightful and worth every penny.	1
We really regretted the overpriced pizza tonight.	0
I hated the disappointing steak here.	0
Absolutely cold place, never coming back. The dessert was noisy too.	0
Absolutely perfect food, will come back again.	1
The waiter here is bad and not worth the money. The waitress was horrible too.	0
I hated the dirty waiter here.	0
We really regretted the dirty coffee tonight. The menu was burnt too.	0
The dessert here is superb and worth every penny. The staff was perfect too.	1
What a awful place, the waitress fell far short.	0
Such a impressive experience with the staff. The staff was flavorful too.	1
Best pasta I've had in a long time, truly superb. The pizza was generous too.	1
Absolutely quick service, will come back again.	1
fantastic bread and a great atmosphere overall.	1
The pizza here is generous and worth every penny. The restaurant was great too.	1
Best steak I've had in a long time, truly flavorful.	1
The waiter here is mediocre and not worth the money.	0
The waiter was mediocre.	0
Would not recommend, the coffee was cold.	0
Absolutely friendly chef, will come back again. The salad was delicious too.	1
Such a noisy experience with the waitress. The waitress was overpriced too.	0
What a fresh place, the food exceeded expectations.	1
We really enjoyed the quick staff tonight.	1
The pasta was outstanding.	1
Would not recommend, the salad was noisy. The restaurant was mediocre too.	0
I loved the fresh chef here.	1
Such a perfect experience with the menu.	1
Would not recommend, the coffee was burnt.	0
Worst pasta I've had in a long time, truly soggy.	0
Absolutely lovely staff, will come back again. The dessert was delightful too.	1
The pizza here is friendly and worth every penny. The restaurant was charming too.	1
I hated the overpriced waiter here. The restaurant was underwhelming too.	0
We really regretted the dirty dessert tonight. The waiter was unfriendly too.	0
I hated the bland salad here.	0
The pasta was impressive.	1
I hated the disappointing burger here.	0
Such a greasy experience with the menu.	0
Such a dirty experience with the salad.	0
Absolutely delicious staff, will come back again.	1
We really regretted the underwhelming soup tonight. The place was tasteless too.	0
Absolutely mediocre food, never coming back.	0
What a bad place, the place fell far short. The steak was bland too.	0
Absolutely disappointing chef, never coming back.	0
What a slow place, the waitress fell far short. The service was soggy too.	0
What a fresh place, the sushi exceeded expectations. The place was impressive too.	1
fresh bread and a great atmosphere overall.	1
We really enjoyed the outstanding staff tonight. The chef was quick too.	1
The sushi was cold. The soup was soggy too.	0
The chef was flavorful.	1
What a superb place, the pasta exceeded expectations.	1
Such a superb experience with the staff. The burger was outstanding too.	1
Absolutely terrible service, never coming back. The ambience was soggy too.	0
We really regretted the burnt pizza tonight.	0
The service here is tasty and worth every penny.	1
What a excellent place, the service exceeded expectations. The ambience was generous too.	1
Such a awful experience with the ambience.	0
The service was stale.	0
perfect menu and a great atmosphere overall.	1
The chef here is dirty and not worth the money.	0
Such a wonderful experience with the bread.	1
I hated the soggy bread here. The pizza was burnt too.	0
Absolutely generous restaurant, will come back again. The steak was fantastic too.	1
The pizza here is fresh and worth every penny. The place was charming too.	1
Absolutely rude pasta, never coming back. The pizza was burnt too.	0
Best bread I've had in a long time, truly excellent.	1
Highly recommend, the waiter was delicious.	1
Highly recommend, the staff was friendly. The waitress was fresh too.	1
Such a terrible experience with the waitress.	0
Such a underwhelming experience with the staff.	0
We really regretted the terrible salad tonight.	0
We really enjoyed the lovely soup tonight.	1
The waiter was awful. The restaurant was bland too.	0
The burger was fantastic.	1
I loved the generous food here.	1
Worst burger I've had in a long time, truly burnt.	0
What a burnt place, the food fell far short. The waiter was disappointing too.	0
Highly recommend, the chef was amazing. The place was impressive too.	1
The staff here is delightful and worth every penny.	1
The pasta here is dirty and not worth the money.	0
We really regretted the unfriendly waitress tonight. The ambience was dirty too.	0
I hated the horrible steak here.	0
We really enjoyed the quick chef tonight. The chef was generous too.	1
Highly recommend, the place was cozy.	1
Such a quick experience with the restaurant.	1
Absolutely fantastic ambience, will come back again.	1
Highly recommend, the ambience was generous. The food was superb too.	1
Such a underwhelming experience with the dessert.	0
Would not recommend, the menu was burnt.	0
Absolutely delicious pasta, will come back again.	1
lovely menu and a great atmosphere overall.	1
greasy pasta and a poor atmosphere overall.	0
underwhelming waiter and a poor atmosphere overall. The menu was terrible too.	0
I hated the cold pasta here.	0
The waitress here is cold and not worth the money. The place was dirty too.	0
Highly recommend, the waiter was lovely. The salad was friendly too.	1
Such a mediocre experience with the bread.	0
We really enjoyed the perfect waitress tonight. The burger was friendly too.	1
Would not recommend, the steak was horrible.	0
Would not recommend, the ambience was noisy.	0
disappointing food and a poor atmosphere overall.	0
The pizza was amazing. The pizza was flavorful too.	1
fresh salad and a great atmosphere overall.	1
What a dirty place, the staff fell far short.	0
I loved the delightful restaurant here.	1
The waiter was flavorful. The salad was fresh too.	1
The burger was bland.	0
Absolutely horrible service, never coming back.	0
We really enjoyed the charming staff tonight. The coffee was excellent too.	1
I loved the flavorful burger here.	1
Highly recommend, the food was great. The soup was friendly too.	1
Worst service I've had in a long time, truly underwhelming.	0
Would not recommend, the coffee was unfriendly.	0
The soup here is flavorful and worth every penny.	1
What a unfriendly place, the chef fell far short. The waiter was slow too.	0
I hated the underwhelming place here. The bread was mediocre too.	0
Best steak I've had in a long time, truly quick.	1
What a charming place, the place exceeded expectations.	1
terrible place and a poor atmosphere overall. The menu was tasteless too.	0
I hated the overpriced waitress here.	0
Absolutely fantastic menu, will come back again.	1
We really regretted the dirty dessert tonight.	0
cold waitress and a poor atmosphere overall.	0
Such a quick experience with the salad.	1
I loved the cozy bread here. The menu was cozy too.	1
What a noisy place, the soup fell far short. The coffee was rude too.	0
Such a cold experience with the service.	0
I hated the underwhelming food here.	0
Such a superb experience with the sushi.	1
cold waiter and a poor atmosphere overall. The menu was mediocre too.	0
I hated the overpriced place here.	0
The coffee here is outstanding and worth every penny.	1
What a lovely place, the service exceeded expectations.	1
Absolutely underwhelming pizza, never coming back.	0
Highly recommend, the pasta was superb.	1
Best coffee I've had in a long time, truly fresh.	1
What a unfriendly place, the pizza fell far short.	0
We really enjoyed the wonderful place tonight.	1
Absolutely delightful menu, will come back again. The steak was outstanding too.	1
The place here is bad and not worth the money. The salad was rude too.	0
I loved the charming steak here.	1
underwhelming burger and a poor atmosphere overall.	0
Such a rude experience with the place.	0
Highly recommend, the service was fantastic. The soup was delightful too.	1
The burger here is superb and worth every penny. The menu was charming too.	1
Such a outstanding experience with the burger. The ambience was tasty too.	1
Such a unfriendly experience with the service. The sushi was unfriendly too.	0
Best ambience I've had in a long time, truly cozy.	1
What a awful place, the salad fell far short.	0
What a superb place, the pasta exceeded expectations.	1
The restaurant was perfect.	1
Absolutely delightful salad, will come back again.	1
Such a underwhelming experience with the chef. The staff was mediocre too.	0
I loved the cozy ambience here. The menu was tasty too.	1
Such a flavorful experience with the salad.	1
We really regretted the terrible chef tonight.	0
Such a underwhelming experience with the place.	0
The food here is excellent and worth every penny. The waiter was excellent too.	1
What a fantastic place, the burger exceeded expectations.	1
delicious pizza and a great atmosphere overall.	1
Such a rude experience with the pizza.	0
I hated the terrible pasta here.	0
The place here is greasy and not worth the money. The pasta was burnt too.	0
The burger was slow. The burger was overpriced too.	0
What a amazing place, the dessert exceeded expectations. The waitress was superb too.	1
Would not recommend, the staff was cold.	0
tasteless staff and a poor atmosphere overall.	0
What a unfriendly place, the food fell far short. The pasta was underwhelming too.	0
What a tasty place, the dessert exceeded expectations.	1
We really enjoyed the tasty staff tonight. The pasta was wonderful too.	1
I hated the tasteless pasta here.	0
Would not recommend, the salad was awful.	0
I loved the friendly waiter here.	1
Such a amazing experience with the staff. The steak was delightful too.	1
What a excellent place, the burger exceeded expectations.	1
Absolutely delicious waiter, will come back again. The ambience was friendly too.	1
impressive waitress and a great atmosphere overall.	1
Best waiter I've had in a long time, truly impressive. The bread was friendly too.	1
The staff here is impressive and worth every penny. The staff was charming too.	1
The menu was delightful.	1
Absolutely greasy pizza, never coming back. The restaurant was greasy too.	0
horrible food and a poor atmosphere overall.	0
The coffee here is disappointing and not worth the money.	0
Would not recommend, the menu was greasy.	0
The pizza here is overpriced and not worth the money. The dessert was cold too.	0
horrible coffee and a poor atmosphere overall.	0
Highly recommend, the burger was delicious.	1
Absolutely lovely dessert, will come back again. The bread was excellent too.	1
Absolutely unfriendly ambience, never coming back.	0
We really regretted the terrible steak tonight. The steak was terrible too.	0
Absolutely superb soup, will come back again.	1
What a cozy place, the bread exceeded expectations.	1
We really enjoyed the perfect salad tonight.	1
What a overpriced place, the food fell far short.	0
The salad here is quick and worth every penny. The steak was delightful too.	1
underwhelming place and a poor atmosphere overall. The burger was bad too.	0
Would not recommend, the place was burnt. The service was noisy too.	0
The soup here is outstanding and worth every penny. The coffee was generous too.	1
The menu here is perfect and worth every penny.	1
horrible salad and a poor atmosphere overall.	0
We really enjoyed the quick waitress tonight.	1
The salad here is impressive and worth every penny.	1
We really regretted the cold waitress tonight.	0
What a quick place, the food exceeded expectations. The burger was delightful too.	1
I hated the bland chef here. The menu was soggy too.	0
I hated the bad burger here. The sushi was dirty too.	0
Best waitress I've had in a long time, truly quick. The steak was great too.	1
soggy bread and a poor atmosphere overall.	0
We really regretted the horrible place tonight.	0
Absolutely impressive burger, will come back again. The menu was superb too.	1
What a quick place, the salad exceeded expectations.	1
Best food I've had in a long time, truly perfect.	1
tasteless food and a poor atmosphere overall.	0
We really regretted the overpriced soup tonight. The service was slow too.	0
Highly recommend, the burger was excellent.	1
What a burnt place, the sushi fell far short. The steak was bad too.	0
The place was lovely.	1
Such a delicious experience with the steak.	1
Absolutely mediocre sushi, never coming back.	0
I loved the cozy pasta here.	1
The pizza here is soggy and not worth the money.	0
The waitress was burnt.	0
Highly recommend, the menu was outstanding. The food was great too.	1
Absolutely bland food, never coming back.	0
What a friendly place, the soup exceeded expectations. The salad was tasty too.	1
Would not recommend, the food was greasy.	0
We really regretted the underwhelming restaurant tonight. The ambience was underwhelming too.	0
disappointing service and a poor atmosphere overall. The restaurant was awful too.	0
Such a quick experience with the menu. The pasta was tasty too.	1
stale salad and a poor atmosphere overall.	0
Such a friendly experience with the salad. The bread was great too.	1
Such a disappointing experience with the restaurant. The waitress was bland too.	0
We really regretted the awful sushi tonight.	0
The place here is generous and worth every penny. The dessert was generous too.	1
Absolutely quick chef, will come back again.	1
Such a friendly experience with the restaurant.	1
Best chef I've had in a long time, truly charming.	1
Highly recommend, the coffee was delightful.	1
We really regretted the underwhelming salad tonight. The sushi was dirty too.	0
The salad here is stale and not worth the money.	0
Best pasta I've had in a long time, truly cozy. The dessert was tasty too.	1
The chef here is bad and not worth the money.	0
We really regretted the overpriced food tonight. The waitress was burnt too.	0
The sushi was greasy. The restaurant was terrible too.	0
We really enjoyed the quick sushi tonight. The pasta was delightful too.	1
Such a dirty experience with the chef. The staff was tasteless too.	0
Such a disappointing experience with the sushi. The soup was awful too.	0
What a awful place, the service fell far short.	0
Best service I've had in a long time, truly quick. The coffee was wonderful too.	1
The pizza here is greasy and not worth the money. The coffee was tasteless too.	0
Such a dirty experience with the waitress. The waiter was disappointing too.	0
quick restaurant and a great atmosphere overall.	1
The food here is delicious and worth every penny.	1
I hated the bland soup here. The pizza was greasy too.	0
dirty soup and a poor atmosphere overall. The salad was unfriendly too.	0
What a impressive place, the coffee exceeded expectations.	1
I loved the great steak here.	1
Such a cozy experience with the steak.	1
perfect chef and a great atmosphere overall.	1
We really enjoyed the lovely pasta tonight.	1
cozy staff and a great atmosphere overall.	1
We really enjoyed the perfect food tonight.	1
horrible waitress and a poor atmosphere overall.	0
The restaurant was delightful.	1
superb restaurant and a great atmosphere overall. The salad was impressive too.	1
Would not recommend, the dessert was terrible.	0
Absolutely perfect staff, will come back again.	1
Absolutely amazing pizza, will come back again.	1
underwhelming waiter and a poor atmosphere overall.	0
The food here is outstanding and worth every penny.	1
Would not recommend, the pizza was unfriendly.	0
The restaurant here is bland and not worth the money. The staff was disappointing too.	0
burnt staff and a poor atmosphere overall. The pasta was underwhelming too.	0
Such a bad experience with the pasta. The soup was bland too.	0
Highly recommend, the burger was generous. The burger was generous too.	1
Absolutely greasy pasta, never coming back. The steak was unfriendly too.	0
I hated the greasy burger here. The waiter was overpriced too.	0
Such a flavorful experience with the coffee.	1
burnt staff and a poor atmosphere overall.	0
The sushi here is underwhelming and not worth the money. The staff was disappointing too.	0
Would not recommend, the dessert was bland.	0
Worst food I've had in a long time, truly slow.	0
perfect menu and a great atmosphere overall.	1
Worst bread I've had in a long time, truly bland. The salad was soggy too.	0
Absolutely superb bread, will come back again.	1
What a charming place, the sushi exceeded expectations. The salad was delightful too.	1
Would not recommend, the service was noisy. The staff was rude too.	0
Worst bread I've had in a long time, truly horrible. The coffee was cold too.	0
Worst ambience I've had in a long time, truly bad.	0
Would not recommend, the waiter was disappointing. The place was noisy too.	0
Highly recommend, the pizza was lovely.	1
Highly recommend, the soup was great.	1
Such a delicious experience with the service.	1
stale staff and a poor atmosphere overall. The restaurant was unfriendly too.	0
Absolutely lovely waiter, will come back again. The salad was superb too.	1
Such a bad experience with the soup.	0
I hated the noisy service here. The coffee was tasteless too.	0
Such a underwhelming experience with the restaurant. The staff was greasy too.	0
Such a bland experience with the ambience. The steak was dirty too.	0
The dessert was disappointing.	0
The steak was fresh. The pasta was lovely too.	1
We really enjoyed the generous food tonight.	1
What a awful place, the place fell far short.	0
What a superb place, the waitress exceeded expectations.	1
We really regretted the tasteless steak tonight.	0
The waitress here is overpriced and not worth the money. The pasta was cold too.	0
What a rude place, the bread fell far short.	0
What a quick place, the restaurant exceeded expectations.	1
Worst salad I've had in a long time, truly stale. The waitress was greasy too.	0
I hated the unfriendly staff here. The place was horrible too.	0
I loved the delightful ambience here. The coffee was wonderful too.	1
Absolutely perfect waiter, will come back again.	1
Highly recommend, the place was friendly. The coffee was wonderful too.	1
We really regretted the bland restaurant tonight. The ambience was rude too.	0
What a unfriendly place, the ambience fell far short.	0
Highly recommend, the restaurant was amazing. The burger was flavorful too.	1
The soup was bland. The soup was overpriced too.	0
We really enjoyed the superb restaurant tonight. The restaurant was charming too.	1
Such a delicious experience with the chef. The food was delicious too.	1
Would not recommend, the chef was stale. The sushi was slow too.	0
Would not recommend, the burger was disappointing.	0
What a wonderful place, the place exceeded expectations. The pasta was outstanding too.	1
Best waiter I've had in a long time, truly delicious.	1
Absolutely amazing coffee, will come back again.	1
The coffee was friendly.	1
Would not recommend, the service was greasy. The waiter was stale too.	0
Best food I've had in a long time, truly quick.	1
We really enjoyed the perfect sushi tonight.	1
Best ambience I've had in a long time, truly delightful. The soup was amazing too.	1
Would not recommend, the burger was bland.	0
Worst soup I've had in a long time, truly soggy.	0
The burger was tasty. The ambience was outstanding too.	1
Absolutely mediocre dessert, never coming back. The bread was underwhelming too.	0
Would not recommend, the coffee was soggy.	0
dirty ambience and a poor atmosphere overall.	0
Such a delightful experience with the salad. The ambience was delicious too.	1
Absolutely wonderful waitress, will come back again.	1
I hated the bland food here.	0
charming menu and a great atmosphere overall. The burger was flavorful too.	1
We really enjoyed the perfect soup tonight.	1
What a noisy place, the staff fell far short. The coffee was terrible too.	0
I hated the tasteless menu here.	0
What a cozy place, the burger exceeded expectations.	1
Would not recommend, the steak was overpriced. The soup was greasy too.	0
What a great place, the pasta exceeded expectations.	1
We really enjoyed the perfect place tonight.	1
Such a dirty experience with the service. The restaurant was burnt too.	0
Best pizza I've had in a long time, truly impressive.	1
Such a flavorful experience with the waitress.	1
Such a tasteless experience with the soup. The ambience was underwhelming too.	0
The food here is burnt and not worth the money.	0
Would not recommend, the coffee was horrible.	0
outstanding waitress and a great atmosphere overall.	1
Absolutely noisy restaurant, never coming back. The bread was rude too.	0
Absolutely soggy waiter, never coming back.	0
Would not recommend, the food was cold. The pizza was dirty too.	0
awful menu and a poor atmosphere overall.	0
outstanding coffee and a great atmosphere overall.	1
We really enjoyed the quick pasta tonight.	1
The sushi was soggy.	0
Best ambience I've had in a long time, truly perfect.	1
The pizza here is underwhelming and not worth the money.	0
What a tasteless place, the soup fell far short.	0
Such a great experience with the restaurant. The menu was great too.	1
Best sushi I've had in a long time, truly outstanding.	1
Absolutely unfriendly steak, never coming back.	0
The salad here is underwhelming and not worth the money.	0
I loved the perfect chef here.	1
Would not recommend, the staff was greasy. The waiter was mediocre too.	0
I loved the outstanding chef here.	1
What a unfriendly place, the place fell far short.	0
Such a tasteless experience with the burger. The waitress was dirty too.	0
Best steak I've had in a long time, truly great.	1
I loved the lovely waitress here.	1
What a cozy place, the chef exceeded expectations.	1
What a delicious place, the food exceeded expectations.	1
Absolutely cozy dessert, will come back again. The place was friendly too.	1
I loved the delicious menu here.	1
We really enjoyed the impressive steak tonight.	1
The restaurant here is rude and not worth the money. The coffee was stale too.	0
The bread here is disappointing and not worth the money.	0
We really regretted the rude salad tonight. The bread was awful too.	0
The soup here is cozy and worth every penny.	1
Highly recommend, the service was great.	1
Such a amazing experience with the burger. The pasta was charming too.	1
Worst food I've had in a long time, truly bland.	0
Best chef I've had in a long time, truly fresh.	1
friendly coffee and a great atmosphere overall.	1
Worst sushi I've had in a long time, truly cold. The burger was mediocre too.	0
Such a superb experience with the food.	1
What a awful place, the ambience fell far short.	0
stale sushi and a poor atmosphere overall.	0
Absolutely flavorful restaurant, will come back again. The steak was tasty too.	1
What a lovely place, the ambience exceeded expectations.	1
Absolutely delightful place, will come back again.	1
We really regretted the mediocre dessert tonight.	0
Worst restaurant I've had in a long time, truly soggy.	0
Worst waiter I've had in a long time, truly bland.	0
Such a charming experience with the menu.	1
Best sushi I've had in a long time, truly generous.	1
I loved the wonderful bread here.	1
excellent ambience and a great atmosphere overall. The salad was superb too.	1
Would not recommend, the ambience was underwhelming. The ambience was terrible too.	0
What a burnt place, the chef fell far short.	0
Worst food I've had in a long time, truly underwhelming. The soup was noisy too.	0
Would not recommend, the place was unfriendly. The sushi was dirty too.	0
Absolutely great dessert, will come back again.	1
I loved the lovely burger here.	1
Best salad I've had in a long time, truly excellent. The place was quick too.	1
Would not recommend, the burger was unfriendly. The pizza was soggy too.	0
We really regretted the noisy steak tonight. The chef was mediocre too.	0
Best dessert I've had in a long time, truly friendly.	1
The service was flavorful. The pasta was delightful too.	1
The burger here is disappointing and not worth the money. The waitress was burnt too.	0
I loved the flavorful sushi here. The waitress was impressive too.	1
The waiter was slow.	0
The burger was unfriendly.	0
I hated the greasy pizza here. The dessert was noisy too.	0
I loved the generous chef here.	1
I loved the fantastic service here.	1
We really regretted the bad burger tonight.	0
The pasta here is delightful and worth every penny. The staff was perfect too.	1
Absolutely underwhelming bread, never coming back. The dessert was bad too.	0
tasteless coffee and a poor atmosphere overall. The pizza was tasteless too.	0
The burger here is underwhelming and not worth the money. The bread was tasteless too.	0
Such a bad experience with the dessert.	0
Such a wonderful experience with the steak.	1
Worst bread I've had in a long time, truly dirty. The food was noisy too.	0
What a underwhelming place, the dessert fell far short. The sushi was dirty too.	0
fantastic coffee and a great atmosphere overall.	1
The restaurant here is soggy and not worth the money.	0
disappointing place and a poor atmosphere overall. The menu was greasy too.	0
The chef here is amazing and worth every penny. The place was perfect too.	1
We really enjoyed the impressive ambience tonight.	1
We really enjoyed the perfect place tonight.	1
The sushi here is overpriced and not worth the money. The dessert was tasteless too.	0
The soup was outstanding.	1
The menu here is flavorful and worth every penny. The ambience was delicious too.	1
The place was bad. The ambience was cold too.	0
We really regretted the bland food tonight. The food was awful too.	0
The place was bad.	0
The chef here is noisy and not worth the money.	0
burnt sushi and a poor atmosphere overall.	0
Best waiter I've had in a long time, truly cozy. The place was friendly too.	1
Best restaurant I've had in a long time, truly fantastic.	1
What a charming place, the pizza exceeded expectations.	1
Worst ambience I've had in a long time, truly overpriced.	0
Such a underwhelming experience with the waitress. The dessert was soggy too.	0
The salad was mediocre.	0
Absolutely wonderful chef, will come back again.	1
I loved the perfect menu here.	1
I hated the dirty pizza here.	0
I loved the amazing salad here. The service was delightful too.	1
Absolutely greasy chef, never coming back.	0
Such a delightful experience with the pasta.	1
We really enjoyed the outstanding pizza tonight.	1
We really enjoyed the quick soup tonight.	1
Would not recommend, the staff was stale.	0
The menu was amazing.	1
superb pizza and a great atmosphere overall.	1
slow bread and a poor atmosphere overall.	0
Best coffee I've had in a long time, truly excellent. The waitress was fresh too.	1
The sushi here is noisy and not worth the money.	0
Would not recommend, the staff was slow.	0
horrible coffee and a poor atmosphere overall.	0
Absolutely bland place, never coming back.	0
I hated the rude menu here. The waiter was tasteless too.	0
I loved the friendly waiter here.	1
Would not recommend, the soup was underwhelming.	0
What a tasteless place, the restaurant fell far short.	0
We really regretted the tasteless ambience tonight.	0
Worst burger I've had in a long time, truly horrible.	0
Best waiter I've had in a long time, truly superb. The staff was fantastic too.	1
Would not recommend, the coffee was cold.	0
Such a great experience with the steak. The chef was tasty too.	1
Worst coffee I've had in a long time, truly terrible. The menu was burnt too.	0
What a fantastic place, the bread exceeded expectations. The waitress was cozy too.	1
Would not recommend, the pasta was cold.	0
I hated the underwhelming burger here. The restaurant was rude too.	0
The food here is great and worth every penny.	1
Such a disappointing experience with the pizza. The service was cold too.	0
We really enjoyed the excellent place tonight. The menu was friendly too.	1
The food was disappointing.	0
We really enjoyed the lovely ambience tonight.	1
The service was noisy.	0
I hated the mediocre sushi here.	0
generous pizza and a great atmosphere overall. The salad was superb too.	1
underwhelming food and a poor atmosphere overall.	0
Absolutely mediocre staff, never coming back.	0
The sushi was slow. The coffee was soggy too.	0
The ambience was burnt.	0
soggy place and a poor atmosphere overall.	0
Such a awful experience with the pizza.	0
The waiter here is friendly and worth every penny.	1
What a perfect place, the ambience exceeded expectations.	1
What a fantastic place, the pasta exceeded expectations.	1
Worst ambience I've had in a long time, truly awful.	0
The pizza was delightful. The burger was impressive too.	1
We really regretted the noisy service tonight.	0
Absolutely greasy pizza, never coming back. The place was unfriendly too.	0
I hated the awful chef here.	0
What a burnt place, the dessert fell far short. The ambience was burnt too.	0
impressive restaurant and a great atmosphere overall.	1
The food here is bad and not worth the money. The steak was overpriced too.	0
Such a delightful experience with the staff.	1
Worst ambience I've had in a long time, truly slow.	0
Absolutely amazing ambience, will come back again. The waitress was impressive too.	1
Highly recommend, the food was charming.	1
The burger was cozy. The salad was fresh too.	1
Highly recommend, the menu was superb. The coffee was lovely too.	1
I loved the delightful menu here. The dessert was generous too.	1
I loved the outstanding pizza here.	1
stale steak and a poor atmosphere overall.	0
The dessert was fantastic.	1
The staff was greasy.	0
Highly recommend, the staff was wonderful. The staff was impressive too.	1
Would not recommend, the steak was dirty.	0
What a flavorful place, the soup exceeded expectations.	1
What a outstanding place, the pizza exceeded expectations.	1
I hated the underwhelming sushi here.	0
The food was tasty. The coffee was generous too.	1
The service here is impressive and worth every penny. The burger was friendly too.	1
I loved the outstanding food here.	1
Such a burnt experience with the burger.	0
Best bread I've had in a long time, truly impressive. The chef was friendly too.	1
I hated the stale bread here.	0
We really enjoyed the friendly chef tonight.	1
The waitress was delicious. The pizza was lovely too.	1
We really regretted the noisy steak tonight.	0
We really enjoyed the great pizza tonight.	1
Such a fresh experience with the service. The soup was quick too.	1
We really regretted the tasteless chef tonight.	0
I loved the outstanding burger here.	1
The pasta here is burnt and not worth the money.	0
The service here is noisy and not worth the money.	0
I hated the disappointing chef here.	0
The dessert was friendly.	1
We really regretted the rude pasta tonight. The salad was noisy too.	0
The dessert here is noisy and not worth the money.	0
I loved the fantastic waitress here. The sushi was impressive too.	1
The sushi here is horrible and not worth the money.	0
Best dessert I've had in a long time, truly lovely.	1
Highly recommend, the chef was wonderful.	1
Absolutely wonderful chef, will come back again. The soup was tasty too.	1
Best pasta I've had in a long time, truly cozy. The food was tasty too.	1
What a terrible place, the soup fell far short.	0
Worst ambience I've had in a long time, truly soggy.	0
mediocre food and a poor atmosphere overall.	0
rude salad and a poor atmosphere overall. The coffee was slow too.	0
We really regretted the burnt waitress tonight. The chef was bad too.	0
What a generous place, the chef exceeded expectations. The service was tasty too.	1
noisy soup and a poor atmosphere overall. The pizza was underwhelming too.	0
Absolutely noisy chef, never coming back.	0
I hated the bland chef here. The chef was overpriced too.	0
Absolutely fantastic dessert, will come back again.	1
Absolutely excellent waitress, will come back again.	1
Would not recommend, the service was mediocre.	0
Such a lovely experience with the waiter. The menu was fresh too.	1
Such a slow experience with the service.	0
The pizza here is stale and not worth the money. The ambience was terrible too.	0
The ambience here is impressive and worth every penny.	1
What a friendly place, the food exceeded expectations. The restaurant was tasty too.	1
Would not recommend, the steak was bad.	0
What a slow place, the steak fell far short. The restaurant was soggy too.	0
We really enjoyed the fresh steak tonight.	1
awful service and a poor atmosphere overall.	0
Highly recommend, the burger was perfect.	1
The bread here is tasteless and not worth the money.	0
I loved the fresh steak here. The soup was cozy too.	1
Absolutely stale food, never coming back. The pasta was slow too.	0
Worst coffee I've had in a long time, truly terrible. The chef was mediocre too.	0
Best pasta I've had in a long time, truly wonderful. The food was flavorful too.	1
Would not recommend, the bread was mediocre.	0
burnt chef and a poor atmosphere overall. The waiter was awful too.	0
Absolutely impressive pizza, will come back again. The pizza was great too.	1
I hated the awful sushi here.	0
burnt steak and a poor atmosphere overall.	0
What a noisy place, the menu fell far short.	0
What a flavorful place, the bread exceeded expectations.	1
Highly recommend, the sushi was excellent.	1
Absolutely perfect staff, will come back again.	1
dirty soup and a poor atmosphere overall. The place was underwhelming too.	0
The soup here is horrible and not worth the money. The waitress was terrible too.	0
Absolutely disappointing pizza, never coming back.	0
We really regretted the terrible coffee tonight. The steak was bland too.	0
Highly recommend, the service was excellent.	1
Absolutely bland steak, never coming back.	0
The restaurant was rude. The sushi was dirty too.	0
The pasta here is dirty and not worth the money. The burger was soggy too.	0
Absolutely delightful sushi, will come back again.	1
The staff here is awful and not worth the money.	0
Worst restaurant I've had in a long time, truly bad.	0
Worst food I've had in a long time, truly cold. The soup was bad too.	0
Absolutely stale burger, never coming back.	0
The pizza was horrible.	0
Highly recommend, the steak was lovely.	1
The menu was disappointing.	0
We really regretted the soggy dessert tonight. The pizza was burnt too.	0
Would not recommend, the menu was horrible.	0
The food was mediocre.	0
We really regretted the tasteless burger tonight.	0
Absolutely overpriced restaurant, never coming back.	0
Would not recommend, the staff was stale. The place was unfriendly too.	0
I hated the terrible chef here. The place was noisy too.	0
What a underwhelming place, the waitress fell far short.	0
The sushi was slow.	0
What a great place, the dessert exceeded expectations. The place was charming too.	1
Best restaurant I've had in a long time, truly charming. The pizza was wonderful too.	1
The soup was generous.	1
We really enjoyed the tasty soup tonight.	1
What a rude place, the coffee fell far short.	0
Best steak I've had in a long time, truly charming.	1
great place and a great atmosphere overall.	1
I hated the bad salad here. The waiter was terrible too.	0
We really enjoyed the outstanding chef tonight. The place was lovely too.	1
Highly recommend, the waiter was lovely.	1
noisy pizza and a poor atmosphere overall. The restaurant was dirty too.	0
Would not recommend, the salad was bland.	0
Absolutely bland pizza, never coming back. The soup was underwhelming too.	0
fresh chef and a great atmosphere overall.	1
Absolutely flavorful chef, will come back again.	1
Such a greasy experience with the burger.	0
The menu here is tasteless and not worth the money.	0
We really enjoyed the cozy chef tonight. The ambience was superb too.	1
Worst sushi I've had in a long time, truly cold.	0
Highly recommend, the pasta was fresh.	1
What a rude place, the service fell far short.	0
The service here is overpriced and not worth the money.	0
Absolutely lovely food, will come back again. The soup was quick too.	1
The service was terrible.	0
I hated the unfriendly food here.	0
Such a underwhelming experience with the dessert.	0
Absolutely lovely restaurant, will come back again.	1
Worst restaurant I've had in a long time, truly slow. The restaurant was awful too.	0
What a mediocre place, the pizza fell far short. The salad was bland too.	0
I hated the awful burger here.	0
Such a bad experience with the restaurant. The place was bad too.	0
rude waiter and a poor atmosphere overall. The staff was stale too.	0
tasteless sushi and a poor atmosphere overall.	0
I loved the amazing food here.	1
Such a delightful experience with the restaurant. The steak was delightful too.	1
We really regretted the stale coffee tonight.	0
What a excellent place, the waiter exceeded expectations.	1
What a outstanding place, the pizza exceeded expectations.	1
We really regretted the underwhelming waitress tonight.	0
Such a superb experience with the staff.	1
Absolutely excellent food, will come back again.	1
We really enjoyed the lovely waiter tonight.	1
Best pizza I've had in a long time, truly friendly. The menu was wonderful too.	1
The salad was impressive.	1
The service here is quick and worth every penny.	1
The waitress here is great and worth every penny. The chef was cozy too.	1
Best sushi I've had in a long time, truly fresh. The service was lovely too.	1
I hated the overpriced waiter here.	0
Absolutely unfriendly sushi, never coming back.	0
We really enjoyed the quick service tonight.	1
Such a impressive experience with the burger.	1
What a overpriced place, the pasta fell far short.	0
Best food I've had in a long time, truly perfect.	1
Best soup I've had in a long time, truly excellent. The sushi was charming too.	1
We really regretted the tasteless pizza tonight. The coffee was cold too.	0
The pizza was overpriced.	0
Worst pizza I've had in a long time, truly stale. The menu was awful too.	0
fresh waiter and a great atmosphere overall. The waiter was wonderful too.	1
The pasta here is flavorful and worth every penny. The soup was charming too.	1
We really regretted the disappointing dessert tonight. The pizza was overpriced too.	0
Worst dessert I've had in a long time, truly awful.	0
Absolutely delicious ambience, will come back again. The restaurant was outstanding too.	1
We really regretted the terrible place tonight.	0
Best dessert I've had in a long time, truly superb.	1
What a delicious place, the sushi exceeded expectations.	1
The burger here is awful and not worth the money. The pasta was tasteless too.	0
I hated the greasy ambience here. The salad was rude too.	0
I loved the superb dessert here. The pizza was cozy too.	1
Would not recommend, the service was underwhelming. The staff was overpriced too.	0
Worst dessert I've had in a long time, truly terrible.	0
What a greasy place, the pizza fell far short.	0
We really regretted the unfriendly staff tonight. The sushi was tasteless too.	0
I loved the flavorful dessert here.	1
Such a quick experience with the ambience. The coffee was wonderful too.	1
Such a quick experience with the burger. The waitress was fantastic too.	1
I loved the wonderful waitress here.	1
dirty bread and a poor atmosphere overall. The restaurant was terrible too.	0
bad food and a poor atmosphere overall.	0
The steak here is delicious and worth every penny. The steak was delightful too.	1
Highly recommend, the bread was friendly.	1
We really regretted the unfriendly waitress tonight.	0
Such a lovely experience with the staff.	1
Highly recommend, the waitress was amazing. The soup was delicious too.	1
I hated the awful place here.	0
The waitress was fantastic.	1
We really regretted the slow salad tonight.	0
Would not recommend, the coffee was soggy. The salad was disappointing too.	0
perfect service and a great atmosphere overall.	1
Would not recommend, the ambience was overpriced.	0
We really enjoyed the cozy waitress tonight.	1
Would not recommend, the dessert was bland.	0
What a quick place, the dessert exceeded expectations. The dessert was delicious too.	1
Best soup I've had in a long time, truly friendly.	1
Absolutely charming bread, will come back again. The waiter was cozy too.	1
We really regretted the terrible service tonight.	0
The sushi was rude.	0
The bread here is fantastic and worth every penny.	1
Such a bad experience with the menu. The pasta was terrible too.	0
Such a cozy experience with the chef.	1
Such a charming experience with the food. The ambience was delightful too.	1
What a soggy place, the chef fell far short.	0
I loved the superb soup here.	1
What a greasy place, the dessert fell far short.	0
I loved the generous waitress here. The sushi was perfect too.	1
awful soup and a poor atmosphere overall. The coffee was mediocre too.	0
I loved the superb chef here.	1
I loved the flavorful steak here. The pasta was superb too.	1
Worst waitress I've had in a long time, truly awful.	0
Such a friendly experience with the dessert.	1
Highly recommend, the pizza was great. The chef was tasty too.	1
The soup was slow.	0
Highly recommend, the restaurant was superb.	1
Worst dessert I've had in a long time, truly mediocre.	0
We really enjoyed the fresh menu tonight.	1
The sushi was overpriced.	0
We really enjoyed the friendly place tonight.	1
What a fantastic place, the sushi exceeded expectations.	1
Best waitress I've had in a long time, truly fantastic. The sushi was wonderful too.	1
Absolutely cold food, never coming back. The service was slow too.	0
Worst dessert I've had in a long time, truly greasy. The service was tasteless too.	0
The pasta was noisy.	0
What a noisy place, the service fell far short.	0
We really enjoyed the impressive menu tonight.	1
Highly recommend, the chef was fresh.	1
greasy restaurant and a poor atmosphere overall. The menu was terrible too.	0
Such a greasy experience with the menu.	0
The service was terrible.	0
Best pasta I've had in a long time, truly fresh. The pasta was delightful too.	1
We really regretted the terrible pizza tonight.	0
We really regretted the cold burger tonight.	0
Best soup I've had in a long time, truly quick.	1
Absolutely friendly waitress, will come back again.	1
Worst sushi I've had in a long time, truly disappointing. The salad was horrible too.	0
Best waiter I've had in a long time, truly wonderful. The steak was friendly too.	1
Absolutely terrible service, never coming back. The service was slow too.	0
The pizza was lovely. The chef was generous too.	1
Worst place I've had in a long time, truly rude. The dessert was soggy too.	0
The soup here is awful and not worth the money. The coffee was rude too.	0
Worst coffee I've had in a long time, truly terrible. The ambience was mediocre too.	0
I hated the burnt service here.	0
Absolutely impressive menu, will come back again.	1
The bread here is lovely and worth every penny.	1
What a delicious place, the salad exceeded expectations.	1
I loved the quick menu here. The sushi was friendly too.	1
Would not recommend, the salad was tasteless.	0
The pasta here is greasy and not worth the money. The restaurant was rude too.	0
Absolutely charming burger, will come back again. The bread was friendly too.	1
Such a great experience with the menu.	1
I loved the generous pizza here. The service was fresh too.	1
Highly recommend, the staff was fantastic. The restaurant was friendly too.	1
I loved the impressive ambience here.	1
Such a unfriendly experience with the place.	0
terrible waitress and a poor atmosphere overall. The burger was bad too.	0
What a soggy place, the staff fell far short.	0
What a fantastic place, the place exceeded expectations.	1
Best salad I've had in a long time, truly wonderful.	1
Absolutely delightful ambience, will come back again.	1
Highly recommend, the sushi was quick.	1
I hated the greasy menu here.	0
I hated the stale pizza here. The menu was bland too.	0
I loved the fantastic coffee here.	1
The bread here is cold and not worth the money. The steak was bland too.	0
Worst pizza I've had in a long time, truly rude.	0
The chef was impressive. The chef was delicious too.	1
superb coffee and a great atmosphere overall. The burger was delicious too.	1
I loved the generous ambience here. The coffee was generous too.	1
I loved the tasty coffee here. The place was perfect too.	1
The dessert here is friendly and worth every penny. The restaurant was wonderful too.	1
We really enjoyed the outstanding chef tonight.	1
The service here is bad and not worth the money. The menu was bad too.	0
What a stale place, the burger fell far short.	0
We really enjoyed the cozy salad tonight. The pizza was fresh too.	1
Such a cold experience with the salad. The salad was greasy too.	0
excellent staff and a great atmosphere overall.	1
amazing staff and a great atmosphere overall. The waiter was quick too.	1
Such a superb experience with the chef.	1
Best bread I've had in a long time, truly delicious.	1
I hated the overpriced ambience here.	0
The service was great.	1
Worst salad I've had in a long time, truly horrible. The place was rude too.	0
fresh steak and a great atmosphere overall. The pasta was amazing too.	1
We really enjoyed the perfect service tonight. The coffee was friendly too.	1
The chef here is delightful and worth every penny.	1
Would not recommend, the ambience was noisy.	0
Highly recommend, the coffee was perfect. The food was fresh too.	1
The ambience was fantastic.	1
The chef was generous.	1
Such a underwhelming experience with the chef.	0
The steak here is noisy and not worth the money.	0
We really regretted the awful menu tonight.	0
We really enjoyed the great place tonight. The waitress was delicious too.	1
What a stale place, the service fell far short. The staff was stale too.	0
I loved the lovely pasta here.	1
What a tasteless place, the dessert fell far short.	0
Such a overpriced experience with the burger. The coffee was greasy too.	0
Best soup I've had in a long time, truly quick. The waiter was fresh too.	1
We really regretted the cold soup tonight.	0
Such a tasty experience with the food. The food was delicious too.	1
What a delightful place, the pasta exceeded expectations.	1
Worst ambience I've had in a long time, truly horrible. The ambience was cold too.	0
We really enjoyed the flavorful salad tonight. The chef was tasty too.	1
lovely soup and a great atmosphere overall.	1
Would not recommend, the restaurant was stale.	0
Would not recommend, the restaurant was disappointing.	0
Best coffee I've had in a long time, truly friendly.	1
Absolutely unfriendly pizza, never coming back.	0
We really enjoyed the charming ambience tonight.	1
Such a great experience with the burger. The menu was fantastic too.	1
unfriendly sushi and a poor atmosphere overall.	0
The service was mediocre. The bread was cold too.	0
Worst sushi I've had in a long time, truly overpriced.	0
I hated the cold restaurant here. The steak was terrible too.	0
Highly recommend, the ambience was impressive.	1
perfect dessert and a great atmosphere overall. The menu was impressive too.	1
We really regretted the unfriendly bread tonight. The pasta was tasteless too.	0
The dessert was underwhelming.	0
Such a delightful experience with the pizza. The restaurant was flavorful too.	1
charming place and a great atmosphere overall. The soup was wonderful too.	1
Absolutely outstanding dessert, will come back again.	1
The service was outstanding.	1
The waiter was horrible. The staff was cold too.	0
Best service I've had in a long time, truly great.	1
What a great place, the waitress exceeded expectations.	1
The bread here is stale and not worth the money.	0
I loved the cozy salad here. The staff was fresh too.	1
Highly recommend, the food was delicious.	1
The menu here is soggy and not worth the money.	0
What a noisy place, the ambience fell far short. The bread was horrible too.	0
Such a slow experience with the sushi.	0
The menu was great. The burger was cozy too.	1
We really enjoyed the flavorful place tonight.	1
Worst pizza I've had in a long time, truly mediocre.	0
What a bland place, the waitress fell far short. The staff was soggy too.	0
Absolutely wonderful bread, will come back again. The menu was great too.	1
The coffee here is horrible and not worth the money. The ambience was bland too.	0
Absolutely terrible pizza, never coming back. The burger was cold too.	0
Such a unfriendly experience with the waitress.	0
What a outstanding place, the menu exceeded expectations.	1
generous waitress and a great atmosphere overall. The pizza was wonderful too.	1
I loved the impressive pizza here.	1
Best pizza I've had in a long time, truly excellent. The bread was wonderful too.	1
I loved the generous ambience here. The salad was fresh too.	1
The chef here is impressive and worth every penny.	1
Worst salad I've had in a long time, truly noisy.	0
Best waiter I've had in a long time, truly excellent. The salad was quick too.	1
The burger here is perfect and worth every penny.	1
overpriced burger and a poor atmosphere overall.	0
Highly recommend, the bread was quick. The place was great too.	1
Such a fresh experience with the pasta. The burger was amazing too.	1
The salad was soggy. The sushi was underwhelming too.	0
Worst staff I've had in a long time, truly tasteless.	0
awful salad and a poor atmosphere overall.	0
Highly recommend, the waiter was flavorful.	1
Absolutely awful salad, never coming back.	0
Absolutely fantastic soup, will come back again. The burger was friendly too.	1
Absolutely generous pizza, will come back again. The waiter was friendly too.	1
Such a amazing experience with the ambience. The steak was cozy too.	1
Highly recommend, the pasta was great.	1
Worst waiter I've had in a long time, truly unfriendly. The salad was noisy too.	0
We really regretted the underwhelming soup tonight.	0
Such a impressive experience with the chef.	1
What a underwhelming place, the dessert fell far short. The dessert was bland too.	0
The soup here is wonderful and worth every penny.	1
I loved the great burger here. The menu was friendly too.	1
Such a amazing experience with the chef.	1
Worst waitress I've had in a long time, truly slow. The chef was mediocre too.	0
Absolutely fantastic place, will come back again. The bread was lovely too.	1
Such a tasty experience with the waiter. The food was charming too.	1
dirty service and a poor atmosphere overall.	0
Absolutely soggy service, never coming back.	0
Would not recommend, the waiter was stale. The chef was overpriced too.	0
The waiter was cold.	0
Such a cozy experience with the coffee. The chef was fresh too.	1
The waitress here is dirty and not worth the money.	0
The restaurant was excellent.	1
What a bland place, the food fell far short.	0
The food here is burnt and not worth the money. The sushi was stale too.	0
Absolutely mediocre staff, never coming back.	0
disappointing waitress and a poor atmosphere overall. The waiter was unfriendly too.	0
Worst steak I've had in a long time, truly dirty. The food was terrible too.	0
The dessert was bland.	0
Highly recommend, the salad was lovely.	1
slow restaurant and a poor atmosphere overall.	0
The menu was awful. The food was bad too.	0
Such a slow experience with the restaurant. The restaurant was soggy too.	0
Such a terrible experience with the pizza.	0
Such a perfect experience with the restaurant.	1
What a disappointing place, the steak fell far short. The waitress was noisy too.	0
The restaurant was burnt.	0
mediocre place and a poor atmosphere overall. The waitress was mediocre too.	0
Would not recommend, the salad was horrible.	0
Such a amazing experience with the pasta. The food was perfect too.	1
The dessert here is stale and not worth the money. The food was horrible too.	0
quick place and a great atmosphere overall. The chef was amazing too.	1
The food here is burnt and not worth the money. The steak was burnt too.	0
Best food I've had in a long time, truly fantastic.	1
flavorful place and a great atmosphere overall. The soup was quick too.	1
The waiter was soggy.	0
I hated the cold pasta here. The steak was terrible too.	0
What a quick place, the salad exceeded expectations.	1
Such a fantastic experience with the waitress. The waiter was outstanding too.	1
Such a rude experience with the dessert.	0
The restaurant was charming. The bread was tasty too.	1
The chef here is generous and worth every penny. The burger was delicious too.	1
flavorful pasta and a great atmosphere overall. The steak was tasty too.	1
The salad was dirty.	0
Best staff I've had in a long time, truly fantastic.	1
Highly recommend, the steak was outstanding.	1
We really enjoyed the generous waiter tonight.	1
Absolutely burnt bread, never coming back.	0
We really regretted the bland pizza tonight. The soup was terrible too.	0
The pizza here is amazing and worth every penny.	1
Would not recommend, the dessert was burnt. The soup was underwhelming too.	0
charming place and a great atmosphere overall. The pasta was wonderful too.	1
Such a unfriendly experience with the waiter. The steak was greasy too.	0
Absolutely unfriendly dessert, never coming back. The dessert was noisy too.	0
Best waitress I've had in a long time, truly generous.	1
I hated the unfriendly salad here. The menu was bad too.	0
Such a burnt experience with the soup. The pasta was tasteless too.	0
Absolutely mediocre chef, never coming back.	0
I loved the outstanding burger here. The ambience was amazing too.	1
Worst bread I've had in a long time, truly noisy.	0
The soup was bad.	0
Absolutely superb place, will come back again. The menu was tasty too.	1
What a soggy place, the ambience fell far short.	0
Would not recommend, the service was terrible. The chef was mediocre too.	0
Would not recommend, the staff was slow.	0
What a noisy place, the coffee fell far short.	0
The food here is underwhelming and not worth the money. The place was cold too.	0
What a impressive place, the pizza exceeded expectations.	1
What a impressive place, the sushi exceeded expectations. The place was outstanding too.	1
Such a awful experience with the ambience. The sushi was burnt too.	0
Absolutely dirty coffee, never coming back.	0
Would not recommend, the bread was unfriendly. The place was burnt too.	0
What a fresh place, the burger exceeded expectations.	1
What a delicious place, the pizza exceeded expectations. The food was flavorful too.	1
What a underwhelming place, the pizza fell far short. The soup was unfriendly too.	0
Worst pasta I've had in a long time, truly stale.	0
The burger here is lovely and worth every penny. The service was generous too.	1
Absolutely noisy ambience, never coming back.	0
Best restaurant I've had in a long time, truly friendly. The pizza was lovely too.	1
What a superb place, the chef exceeded expectations. The ambience was amazing too.	1
Worst burger I've had in a long time, truly overpriced.	0
What a tasty place, the coffee exceeded expectations.	1
We really regretted the awful soup tonight.	0
Worst soup I've had in a long time, truly mediocre.	0
Would not recommend, the steak was bad.	0
tasteless sushi and a poor atmosphere overall.	0
bland bread and a poor atmosphere overall.	0
The pasta here is disappointing and not worth the money.	0
The sushi was tasty.	1
We really enjoyed the generous place tonight.	1
Best place I've had in a long time, truly tasty.	1
Highly recommend, the food was flavorful.	1
Absolutely noisy ambience, never coming back. The menu was soggy too.	0
The steak was lovely. The menu was quick too.	1
What a impressive place, the soup exceeded expectations. The bread was outstanding too.	1
Such a excellent experience with the service. The restaurant was friendly too.	1
Absolutely disappointing steak, never coming back.	0
I loved the outstanding steak here. The chef was wonderful too.	1
The burger was unfriendly. The restaurant was overpriced too.	0
We really enjoyed the flavorful burger tonight. The waitress was delightful too.	1
What a awful place, the steak fell far short. The dessert was tasteless too.	0
We really regretted the dirty dessert tonight.	0
The service was wonderful. The place was flavorful too.	1
Such a bland experience with the burger.	0
Worst pasta I've had in a long time, truly stale.	0
I loved the friendly sushi here.	1
What a charming place, the place exceeded expectations. The salad was great too.	1
The restaurant was flavorful.	1
We really regretted the terrible steak tonight.	0
Absolutely slow place, never coming back.	0
The bread was overpriced. The pasta was greasy too.	0
Best waitress I've had in a long time, truly charming. The food was perfect too.	1
Worst dessert I've had in a long time, truly dirty.	0
Worst steak I've had in a long time, truly noisy. The waitress was disappointing too.	0
The steak was mediocre.	0
What a burnt place, the sushi fell far short.	0
Such a disappointing experience with the pasta.	0
Such a mediocre experience with the sushi.	0
The salad here is awful and not worth the money.	0
The waitress was delicious.	1
What a friendly place, the pizza exceeded expectations. The restaurant was quick too.	1
Absolutely amazing soup, will come back again.	1
The waiter was slow.	0
The dessert was tasteless.	0
The chef was delightful.	1
I hated the terrible chef here.	0
The place was excellent. The soup was tasty too.	1
What a greasy place, the burger fell far short. The waitress was unfriendly too.	0
I hated the rude sushi here. The staff was burnt too.	0
Such a fresh experience with the menu.	1
Absolutely delightful staff, will come back again.	1
Absolutely delightful ambience, will come back again. The steak was fresh too.	1
I loved the flavorful food here. The waitress was delicious too.	1
Absolutely charming service, will come back again.	1
We really regretted the overpriced coffee tonight.	0
We really regretted the rude burger tonight.	0
What a greasy place, the steak fell far short.	0
Highly recommend, the sushi was charming.	1
Absolutely charming waiter, will come back again. The menu was wonderful too.	1
The waiter was cozy.	1
What a quick place, the waiter exceeded expectations.	1
perfect pasta and a great atmosphere overall.	1
What a cozy place, the dessert exceeded expectations. The burger was flavorful too.	1
What a terrible place, the waitress fell far short.	0
The food here is mediocre and not worth the money.	0
Absolutely tasteless burger, never coming back. The menu was bad too.	0
The bread here is bad and not worth the money.	0
The bread here is burnt and not worth the money. The food was unfriendly too.	0
Best burger I've had in a long time, truly quick.	1
delicious chef and a great atmosphere overall. The salad was cozy too.	1
We really enjoyed the delightful coffee tonight.	1
The restaurant here is charming and worth every penny. The coffee was delicious too.	1
Highly recommend, the salad was wonderful.	1
I loved the friendly restaurant here.	1
I hated the stale ambience here.	0
Such a outstanding experience with the food.	1
cozy staff and a great atmosphere overall. The ambience was friendly too.	1
The bread was cozy.	1
friendly staff and a great atmosphere overall. The sushi was impressive too.	1
Absolutely bland dessert, never coming back.	0
I hated the disappointing coffee here.	0
Highly recommend, the burger was wonderful.	1
The pizza here is dirty and not worth the money. The ambience was terrible too.	0
What a noisy place, the staff fell far short. The salad was burnt too.	0
The burger was charming.	1
We really enjoyed the fantastic food tonight. The coffee was friendly too.	1
Best sushi I've had in a long time, truly fantastic. The sushi was generous too.	1
We really enjoyed the delicious place tonight.	1
Such a lovely experience with the service. The bread was impressive too.	1
What a bad place, the dessert fell far short. The restaurant was greasy too.	0
The waitress was great. The staff was great too.	1
The service was impressive. The sushi was delicious too.	1
Highly recommend, the place was flavorful.	1
The food was rude. The restaurant was dirty too.	0
We really enjoyed the impressive pasta tonight. The pizza was delightful too.	1
I loved the delicious waiter here. The waiter was delightful too.	1
What a superb place, the sushi exceeded expectations.	1
We really regretted the stale sushi tonight.	0
What a fresh place, the steak exceeded expectations.	1
The salad here is generous and worth every penny. The waiter was superb too.	1
What a friendly place, the restaurant exceeded expectations.	1
The burger was rude. The ambience was greasy too.	0
Such a superb experience with the place.	1
I loved the superb service here.	1
We really enjoyed the fresh menu tonight.	1
We really regretted the overpriced salad tonight.	0
What a impressive place, the ambience exceeded expectations.	1
fantastic bread and a great atmosphere overall.	1
Best food I've had in a long time, truly cozy. The staff was generous too.	1
The pasta was unfriendly.	0
What a greasy place, the coffee fell far short.	0
I loved the cozy coffee here. The soup was delightful too.	1
The service was soggy. The steak was soggy too.	0
The ambience here is rude and not worth the money.	0
The dessert here is bad and not worth the money. The food was noisy too.	0
Highly recommend, the salad was impressive.	1
Best waiter I've had in a long time, truly perfect.	1
We really regretted the slow steak tonight.	0
I hated the cold place here. The service was soggy too.	0
Would not recommend, the dessert was bland. The waitress was soggy too.	0
Best salad I've had in a long time, truly charming.	1
Such a great experience with the waiter. The soup was quick too.	1
Such a soggy experience with the place. The chef was disappointing too.	0
The burger was burnt.	0
Absolutely slow service, never coming back.	0
Absolutely stale waitress, never coming back. The sushi was slow too.	0
Best food I've had in a long time, truly outstanding. The waiter was impressive too.	1
Would not recommend, the coffee was underwhelming.	0
I loved the wonderful salad here.	1
The pasta here is underwhelming and not worth the money.	0
We really regretted the stale bread tonight. The food was greasy too.	0
Such a noisy experience with the waiter.	0
Would not recommend, the place was underwhelming.	0
I hated the rude sushi here. The staff was bad too.	0
Best waiter I've had in a long time, truly flavorful.	1
Absolutely dirty burger, never coming back.	0
We really regretted the mediocre waiter tonight.	0
Would not recommend, the waitress was unfriendly.	0
What a generous place, the salad exceeded expectations.	1
We really enjoyed the generous coffee tonight. The burger was outstanding too.	1
We really enjoyed the perfect coffee tonight.	1
The staff here is fresh and worth every penny. The salad was wonderful too.	1
disappointing soup and a poor atmosphere overall.	0
What a tasteless place, the food fell far short.	0
I hated the tasteless chef here.	0
The soup here is tasty and worth every penny. The pizza was cozy too.	1
I hated the terrible salad here. The burger was soggy too.	0
We really regretted the greasy pasta tonight.	0
superb waitress and a great atmosphere overall. The staff was superb too.	1
charming waitress and a great atmosphere overall. The restaurant was fresh too.	1
The service was generous.	1
The steak here is unfriendly and not worth the money.	0
I hated the overpriced steak here. The restaurant was slow too.	0
Such a lovely experience with the chef. The menu was generous too.	1
I hated the underwhelming waiter here.	0
The waiter here is lovely and worth every penny.	1
Such a quick experience with the dessert.	1
I hated the slow place here. The food was underwhelming too.	0
Highly recommend, the bread was excellent.	1
delicious bread and a great atmosphere overall.	1
Best steak I've had in a long time, truly lovely.	1
Would not recommend, the coffee was tasteless.	0
superb pizza and a great atmosphere overall. The pasta was great too.	1
Absolutely amazing coffee, will come back again.	1
Absolutely cozy bread, will come back again. The staff was excellent too.	1
charming coffee and a great atmosphere overall.	1
What a outstanding place, the service exceeded expectations. The soup was delightful too.	1
Absolutely lovely coffee, will come back again.	1
The waiter here is charming and worth every penny.	1
Absolutely tasteless service, never coming back. The staff was overpriced too.	0
Would not recommend, the waiter was unfriendly.	0
Absolutely great chef, will come back again. The waiter was amazing too.	1
mediocre menu and a poor atmosphere overall.	0
We really regretted the slow pasta tonight.	0
charming sushi and a great atmosphere overall. The bread was outstanding too.	1
Absolutely underwhelming waiter, never coming back.	0
Such a amazing experience with the ambience. The coffee was flavorful too.	1
Such a charming experience with the chef.	1
The chef was great.	1
Such a fresh experience with the bread. The dessert was superb too.	1
Best sushi I've had in a long time, truly fresh.	1
Absolutely disappointing waiter, never coming back.	0
The chef was flavorful. The steak was tasty too.	1
Worst steak I've had in a long time, truly soggy.	0
The sushi was tasty.	1
Absolutely fresh chef, will come back again. The dessert was generous too.	1
Absolutely lovely food, will come back again.	1
Worst service I've had in a long time, truly slow. The pasta was mediocre too.	0
Such a delightful experience with the coffee.	1
The chef was generous. The place was quick too.	1
Highly recommend, the sushi was charming.	1
What a superb place, the staff exceeded expectations.	1
We really regretted the horrible pasta tonight. The ambience was tasteless too.	0
The ambience was delightful. The burger was cozy too.	1
We really regretted the mediocre burger tonight.	0
Absolutely excellent menu, will come back again.	1
The staff here is rude and not worth the money.	0
Would not recommend, the steak was dirty.	0
The chef was amazing.	1
Such a excellent experience with the waitress.	1
What a tasteless place, the burger fell far short.	0
excellent burger and a great atmosphere overall. The sushi was quick too.	1
What a charming place, the food exceeded expectations. The service was great too.	1
Such a delicious experience with the restaurant.	1
Would not recommend, the pizza was noisy. The place was overpriced too.	0
I loved the flavorful coffee here.	1
Highly recommend, the ambience was wonderful. The dessert was quick too.	1
The bread was delightful. The bread was great too.	1
The service was burnt.	0
Such a tasty experience with the dessert.	1
tasteless menu and a poor atmosphere overall.	0
We really enjoyed the generous restaurant tonight. The chef was great too.	1
Worst steak I've had in a long time, truly horrible.	0
We really enjoyed the superb salad tonight.	1
Best soup I've had in a long time, truly lovely.	1
Worst steak I've had in a long time, truly noisy.	0
The dessert was dirty.	0
overpriced steak and a poor atmosphere overall. The staff was bad too.	0
Highly recommend, the place was lovely. The pasta was great too.	1
What a fresh place, the bread exceeded expectations. The waiter was outstanding too.	1
Absolutely superb restaurant, will come back again.	1
Highly recommend, the service was generous.	1
I hated the rude coffee here. The steak was cold too.	0
Absolutely delightful staff, will come back again. The dessert was flavorful too.	1
Best pasta I've had in a long time, truly lovely. The menu was delicious too.	1
flavorful restaurant and a great atmosphere overall.	1
Such a generous experience with the burger. The bread was wonderful too.	1
Such a delicious experience with the pasta.	1
Absolutely fresh dessert, will come back again.	1
The staff here is excellent and worth every penny.	1
Absolutely terrible pasta, never coming back.	0
The waitress here is fresh and worth every penny.	1
The food here is impressive and worth every penny. The staff was charming too.	1
Absolutely superb service, will come back again. The soup was outstanding too.	1
The soup was impressive.	1
What a underwhelming place, the pasta fell far short.	0
Such a slow experience with the staff.	0
greasy steak and a poor atmosphere overall. The bread was unfriendly too.	0
Such a cold experience with the staff.	0
Would not recommend, the pizza was stale.	0
Such a bland experience with the sushi. The salad was mediocre too.	0
generous waiter and a great atmosphere overall.	1
We really regretted the rude staff tonight. The restaurant was cold too.	0
The place was slow.	0
Such a great experience with the salad.	1
I hated the awful pizza here. The pasta was burnt too.	0
What a excellent place, the service exceeded expectations.	1
Highly recommend, the salad was delicious.	1
What a bland place, the coffee fell far short. The waitress was greasy too.	0
Such a excellent experience with the dessert. The soup was fantastic too.	1
The soup was noisy.	0
Such a disappointing experience with the staff. The bread was disappointing too.	0
Absolutely generous place, will come back again. The waitress was friendly too.	1
The sushi here is delicious and worth every penny.	1
I hated the underwhelming staff here. The menu was burnt too.	0
What a great place, the soup exceeded expectations. The coffee was flavorful too.	1
Best pasta I've had in a long time, truly delicious.	1
Such a cold experience with the food.	0
Such a terrible experience with the waiter. The burger was noisy too.	0
The dessert was quick.	1
Would not recommend, the staff was stale.	0
The ambience was dirty.	0
Worst sushi I've had in a long time, truly bad.	0
We really regretted the dirty restaurant tonight. The staff was horrible too.	0
cold menu and a poor atmosphere overall. The menu was underwhelming too.	0
I hated the bland coffee here.	0
We really regretted the tasteless service tonight.	0
What a tasty place, the food exceeded expectations.	1
awful menu and a poor atmosphere overall. The chef was terrible too.	0
What a superb place, the food exceeded expectations.	1
delightful ambience and a great atmosphere overall. The salad was fresh too.	1
Such a fresh experience with the restaurant.	1
We really regretted the terrible service tonight. The steak was soggy too.	0
What a terrible place, the food fell far short.	0
The staff was perfect.	1
Absolutely overpriced menu, never coming back. The menu was terrible too.	0
Highly recommend, the ambience was outstanding.	1
Would not recommend, the pasta was greasy.	0
What a disappointing place, the bread fell far short.	0
We really enjoyed the fresh waiter tonight. The food was impressive too.	1
Absolutely excellent sushi, will come back again.	1
Absolutely charming steak, will come back again.	1
The bread here is tasteless and not worth the money. The place was disappointing too.	0
What a fantastic place, the salad exceeded expectations.	1
The food here is disappointing and not worth the money.	0
overpriced waiter and a poor atmosphere overall.	0
Would not recommend, the bread was disappointing.	0
What a friendly place, the menu exceeded expectations.	1
Such a wonderful experience with the menu.	1
Such a perfect experience with the service.	1
Would not recommend, the chef was dirty. The waitress was stale too.	0
We really regretted the mediocre coffee tonight.	0
fantastic burger and a great atmosphere overall. The staff was wonderful too.	1
Such a horrible experience with the service. The steak was dirty too.	0
We really regretted the noisy waiter tonight.	0
The service here is fantastic and worth every penny. The pasta was amazing too.	1
I loved the fantastic coffee here.	1
I loved the perfect burger here. The waiter was charming too.	1
Such a greasy experience with the place.	0
bland staff and a poor atmosphere overall.	0
The place here is cold and not worth the money. The food was disappointing too.	0
I hated the bland ambience here.	0
The waiter was horrible.	0
The steak here is outstanding and worth every penny. The dessert was perfect too.	1
Would not recommend, the waiter was horrible.	0
The ambience here is soggy and not worth the money.	0
We really regretted the underwhelming pizza tonight. The burger was terrible too.	0
The menu here is lovely and worth every penny.	1
Best steak I've had in a long time, truly perfect.	1
quick dessert and a great atmosphere overall. The pizza was amazing too.	1
What a bland place, the staff fell far short.	0
We really enjoyed the wonderful restaurant tonight.	1
cozy pizza and a great atmosphere overall.	1
Absolutely perfect sushi, will come back again.	1
disappointing chef and a poor atmosphere overall.	0
Best pizza I've had in a long time, truly charming.	1
Worst service I've had in a long time, truly noisy.	0
What a terrible place, the chef fell far short. The food was unfriendly too.	0
great soup and a great atmosphere overall.	1
Would not recommend, the dessert was awful. The menu was mediocre too.	0
Such a amazing experience with the burger. The coffee was perfect too.	1
Such a stale experience with the bread.	0
The sushi was generous. The waitress was excellent too.	1
Best sushi I've had in a long time, truly impressive.	1
I loved the outstanding soup here. The waiter was delightful too.	1
The dessert here is stale and not worth the money.	0
What a quick place, the ambience exceeded expectations. The restaurant was great too.	1
dirty sushi and a poor atmosphere overall. The steak was rude too.	0
The coffee was amazing. The staff was generous too.	1
The menu here is stale and not worth the money.	0
What a tasteless place, the pasta fell far short. The steak was cold too.	0
Highly recommend, the waitress was tasty. The waiter was quick too.	1
What a cozy place, the burger exceeded expectations.	1
The staff was delicious. The food was generous too.	1
Absolutely fantastic bread, will come back again.	1
Best salad I've had in a long time, truly lovely.	1
The staff was overpriced.	0
Highly recommend, the soup was lovely. The pasta was excellent too.	1
Best pizza I've had in a long time, truly outstanding.	1
Such a disappointing experience with the bread.	0
Best bread I've had in a long time, truly flavorful.	1
Highly recommend, the sushi was impressive. The menu was delicious too.	1
Worst restaurant I've had in a long time, truly mediocre. The chef was underwhelming too.	0
Best place I've had in a long time, truly great.	1
Highly recommend, the restaurant was great.	1
Highly recommend, the chef was delicious.	1
The burger was bland.	0
I loved the fantastic soup here.	1
The place here is bland and not worth the money.	0
perfect burger and a great atmosphere overall.	1
What a cold place, the staff fell far short.	0
What a delicious place, the pizza exceeded expectations.	1
The pasta here is rude and not worth the money.	0
Would not recommend, the sushi was disappointing.	0
Such a rude experience with the steak.	0
Would not recommend, the sushi was greasy.	0
The sushi was bad. The bread was burnt too.	0
Worst place I've had in a long time, truly slow. The steak was cold too.	0
Highly recommend, the waiter was great.	1
Absolutely excellent bread, will come back again.	1
The soup was noisy.	0
The ambience was mediocre. The waitress was dirty too.	0
Such a burnt experience with the menu.	0
I hated the bad dessert here.	0
Absolutely cozy ambience, will come back again.	1
Such a terrible experience with the food.	0
What a amazing place, the sushi exceeded expectations.	1
The food was generous.	1
The sushi was soggy.	0
mediocre coffee and a poor atmosphere overall.	0
Absolutely fresh soup, will come back again. The service was impressive too.	1
The coffee here is fresh and worth every penny.	1
slow salad and a poor atmosphere overall.	0
We really regretted the burnt pasta tonight.	0
unfriendly waiter and a poor atmosphere overall. The sushi was greasy too.	0
outstanding burger and a great atmosphere overall. The restaurant was quick too.	1
Best sushi I've had in a long time, truly friendly.	1
Would not recommend, the staff was unfriendly. The place was bad too.	0
We really enjoyed the perfect soup tonight.	1
The dessert was amazing. The steak was wonderful too.	1
Absolutely awful restaurant, never coming back.	0
What a horrible place, the waiter fell far short.	0
Such a delicious experience with the pizza. The ambience was perfect too.	1
Best dessert I've had in a long time, truly excellent.	1
The pizza was overpriced.	0
The service here is bad and not worth the money.	0
Such a horrible experience with the service. The waitress was soggy too.	0
Absolutely slow steak, never coming back. The ambience was underwhelming too.	0
Absolutely cold dessert, never coming back. The bread was disappointing too.	0
What a impressive place, the sushi exceeded expectations.	1
Such a superb experience with the service. The waitress was delightful too.	1
Absolutely tasty menu, will come back again.	1
The pizza here is tasty and worth every penny. The bread was superb too.	1
Would not recommend, the ambience was rude. The restaurant was overpriced too.	0
Absolutely rude sushi, never coming back. The soup was disappointing too.	0
Such a awful experience with the place.	0
The sushi was delicious.	1
Absolutely lovely soup, will come back again.	1
Such a delicious experience with the burger.	1
Such a stale experience with the food. The menu was cold too.	0
Such a cozy experience with the bread.	1
I hated the horrible dessert here. The sushi was burnt too.	0
We really regretted the stale food tonight. The place was noisy too.	0
I hated the dirty coffee here.	0
noisy waitress and a poor atmosphere overall.	0
Worst ambience I've had in a long time, truly greasy.	0
The dessert here is greasy and not worth the money.	0
Best restaurant I've had in a long time, truly fantastic.	1
We really regretted the overpriced bread tonight.	0
The waiter here is mediocre and not worth the money. The menu was slow too.	0
What a tasty place, the chef exceeded expectations.	1
What a dirty place, the coffee fell far short. The restaurant was soggy too.	0
What a tasty place, the bread exceeded expectations. The salad was generous too.	1
We really enjoyed the delightful salad tonight.	1
Such a tasty experience with the coffee. The dessert was amazing too.	1
I hated the rude pizza here.	0
noisy dessert and a poor atmosphere overall.	0
The dessert was great. The food was friendly too.	1
Would not recommend, the waitress was mediocre.	0
We really regretted the horrible service tonight. The pasta was underwhelming too.	0
I loved the flavorful waitress here.	1
Highly recommend, the soup was impressive.	1
What a burnt place, the restaurant fell far short. The salad was bland too.	0
Highly recommend, the food was fresh. The pasta was wonderful too.	1
Absolutely friendly sushi, will come back again. The steak was superb too.	1
Such a friendly experience with the soup.	1
Such a greasy experience with the chef.	0
What a overpriced place, the waitress fell far short.	0
What a tasteless place, the salad fell far short. The menu was burnt too.	0
Best soup I've had in a long time, truly superb.	1
Worst pasta I've had in a long time, truly mediocre.	0
I loved the tasty dessert here.	1
Such a underwhelming experience with the coffee. The restaurant was bland too.	0
We really regretted the slow food tonight.	0
Such a friendly experience with the ambience.	1
dirty waiter and a poor atmosphere overall.	0
Absolutely tasty chef, will come back again. The menu was lovely too.	1
The coffee here is bad and not worth the money.	0
bland salad and a poor atmosphere overall.	0
What a fantastic place, the food exceeded expectations. The salad was amazing too.	1
Highly recommend, the pasta was charming.	1
Such a generous experience with the food.	1
The restaurant here is mediocre and not worth the money. The chef was burnt too.	0
We really regretted the disappointing soup tonight.	0
The salad here is dirty and not worth the money. The waitress was awful too.	0
What a amazing place, the salad exceeded expectations. The place was quick too.	1
Highly recommend, the pasta was superb. The pasta was superb too.	1
The sushi here is fresh and worth every penny.	1
The soup here is greasy and not worth the money.	0
Would not recommend, the menu was overpriced.	0
Best bread I've had in a long time, truly delicious. The soup was amazing too.	1
horrible steak and a poor atmosphere overall. The staff was burnt too.	0
Highly recommend, the menu was generous.	1
We really regretted the bad pasta tonight. The coffee was burnt too.	0
We really regretted the overpriced coffee tonight. The burger was dirty too.	0
delightful service and a great atmosphere overall.	1
Would not recommend, the salad was disappointing. The waiter was tasteless too.	0
Such a slow experience with the service. The soup was noisy too.	0
perfect ambience and a great atmosphere overall.	1
Such a perfect experience with the waiter. The pizza was superb too.	1
soggy burger and a poor atmosphere overall.	0
Absolutely fantastic waiter, will come back again.	1
The dessert was horrible.	0
I loved the generous coffee here. The bread was delicious too.	1
The menu here is tasteless and not worth the money.	0
horrible pasta and a poor atmosphere overall. The pasta was noisy too.	0
We really enjoyed the tasty service tonight.	1
We really regretted the stale chef tonight.	0
I hated the cold soup here.	0
I loved the excellent waiter here.	1
What a fresh place, the service exceeded expectations.	1
Worst ambience I've had in a long time, truly tasteless.	0
I loved the cozy waitress here.	1
The service here is delicious and worth every penny. The coffee was delightful too.	1
Such a disappointing experience with the pizza. The bread was mediocre too.	0
I hated the terrible ambience here.	0
Best coffee I've had in a long time, truly outstanding.	1
What a excellent place, the food exceeded expectations. The sushi was tasty too.	1
I loved the amazing coffee here.	1
Absolutely bland food, never coming back.	0
I hated the bad dessert here.	0
Would not recommend, the staff was dirty. The staff was unfriendly too.	0
What a unfriendly place, the pasta fell far short.	0
disappointing place and a poor atmosphere overall.	0
Worst dessert I've had in a long time, truly awful. The soup was cold too.	0
What a overpriced place, the soup fell far short.	0
Highly recommend, the chef was great.	1
We really enjoyed the great sushi tonight. The food was lovely too.	1
What a slow place, the salad fell far short.	0
Worst waiter I've had in a long time, truly burnt. The place was unfriendly too.	0
Absolutely bland waitress, never coming back.	0
Absolutely tasty pizza, will come back again. The menu was perfect too.	1
Absolutely dirty soup, never coming back.	0
The service here is impressive and worth every penny. The service was tasty too.	1
We really enjoyed the great sushi tonight.	1
Best coffee I've had in a long time, truly charming. The chef was perfect too.	1
amazing bread and a great atmosphere overall. The staff was excellent too.	1
The waitress was wonderful.	1
What a horrible place, the service fell far short.	0
bland dessert and a poor atmosphere overall. The staff was rude too.	0
Highly recommend, the place was fantastic.	1
I hated the burnt staff here.	0
What a fresh place, the restaurant exceeded expectations.	1
The pizza was tasty. The dessert was impressive too.	1
What a underwhelming place, the coffee fell far short.	0
awful restaurant and a poor atmosphere overall.	0
The pizza here is cold and not worth the money.	0
unfriendly steak and a poor atmosphere overall.	0
I hated the unfriendly coffee here.	0
I loved the friendly soup here.	1
The ambience was burnt.	0
Worst dessert I've had in a long time, truly terrible. The staff was slow too.	0
disappointing service and a poor atmosphere overall. The place was horrible too.	0
Highly recommend, the burger was fantastic.	1
stale burger and a poor atmosphere overall.	0
What a great place, the bread exceeded expectations.	1
The place was stale.	0
The bread here is overpriced and not worth the money.	0
The steak here is perfect and worth every penny.	1
terrible dessert and a poor atmosphere overall. The steak was soggy too.	0
Absolutely mediocre service, never coming back.	0
Best chef I've had in a long time, truly perfect. The salad was charming too.	1
Would not recommend, the pizza was unfriendly.	0
The dessert was impressive.	1
The restaurant here is delightful and worth every penny. The restaurant was delightful too.	1
What a lovely place, the food exceeded expectations. The chef was quick too.	1
Such a outstanding experience with the waiter.	1
We really enjoyed the lovely bread tonight.	1
I hated the unfriendly ambience here.	0
The dessert was disappointing. The pasta was underwhelming too.	0
soggy restaurant and a poor atmosphere overall. The pasta was horrible too.	0
What a outstanding place, the coffee exceeded expectations.	1
Absolutely friendly restaurant, will come back again.	1
I loved the friendly chef here. The ambience was friendly too.	1
charming restaurant and a great atmosphere overall.	1
What a greasy place, the menu fell far short.	0
Would not recommend, the burger was horrible.	0
The waitress was flavorful. The dessert was friendly too.	1
We really enjoyed the flavorful waiter tonight.	1
Absolutely awful pasta, never coming back. The dessert was underwhelming too.	0
I loved the tasty restaurant here.	1
Absolutely outstanding restaurant, will come back again. The menu was outstanding too.	1
outstanding restaurant and a great atmosphere overall.	1
Worst food I've had in a long time, truly soggy.	0
The coffee here is unfriendly and not worth the money.	0
Absolutely generous staff, will come back again. The service was outstanding too.	1
Worst restaurant I've had in a long time, truly terrible.	0
Such a outstanding experience with the pizza.	1
Highly recommend, the menu was fantastic. The waitress was amazing too.	1
What a unfriendly place, the steak fell far short. The restaurant was overpriced too.	0
I loved the wonderful restaurant here. The staff was wonderful too.	1
The soup here is perfect and worth every penny.	1
The pizza here is cold and not worth the money.	0
The staff was perfect.	1
Highly recommend, the bread was flavorful. The menu was generous too.	1
Highly recommend, the sushi was impressive. The pasta was delicious too.	1
I hated the cold restaurant here.	0
Such a wonderful experience with the coffee. The sushi was delightful too.	1
I hated the soggy soup here.	0
What a delicious place, the food exceeded expectations. The pasta was excellent too.	1
We really enjoyed the superb waitress tonight.	1
Such a quick experience with the salad.	1
We really enjoyed the cozy dessert tonight.	1
Absolutely dirty pasta, never coming back.	0
Would not recommend, the pasta was soggy.	0
We really enjoyed the tasty restaurant tonight.	1
The restaurant here is outstanding and worth every penny. The waiter was wonderful too.	1
Best steak I've had in a long time, truly tasty. The chef was cozy too.	1
Highly recommend, the bread was excellent. The service was fresh too.	1
Best burger I've had in a long time, truly outstanding. The coffee was excellent too.	1
Absolutely flavorful coffee, will come back again. The burger was generous too.	1
flavorful ambience and a great atmosphere overall. The ambience was delicious too.	1
Highly recommend, the bread was wonderful.	1
Worst sushi I've had in a long time, truly greasy.	0
I hated the bad coffee here.	0
We really regretted the awful restaurant tonight. The staff was disappointing too.	0
Best ambience I've had in a long time, truly charming.	1
Absolutely superb place, will come back again. The place was delicious too.	1
I loved the lovely sushi here. The burger was fresh too.	1
The food was cold.	0
The staff here is perfect and worth every penny. The soup was delightful too.	1
Worst ambience I've had in a long time, truly greasy.	0
Such a perfect experience with the pasta. The salad was delightful too.	1
I hated the cold sushi here.	0
Such a overpriced experience with the dessert.	0
We really regretted the noisy burger tonight. The waitress was unfriendly too.	0
I loved the amazing chef here. The service was tasty too.	1
The pasta here is overpriced and not worth the money. The salad was underwhelming too.	0
Best dessert I've had in a long time, truly charming.	1
Highly recommend, the waitress was great.	1
Highly recommend, the staff was flavorful.	1
Best restaurant I've had in a long time, truly fantastic.	1
What a flavorful place, the restaurant exceeded expectations. The chef was quick too.	1
Absolutely soggy pizza, never coming back.	0
The pasta was impressive.	1
I loved the tasty menu here. The waiter was fresh too.	1
The salad here is outstanding and worth every penny.	1
The chef here is amazing and worth every penny.	1
Highly recommend, the place was lovely. The ambience was charming too.	1
We really regretted the greasy chef tonight.	0
The sushi was stale.	0
friendly pizza and a great atmosphere overall.	1
The dessert was horrible. The chef was horrible too.	0
Would not recommend, the restaurant was rude.	0
Highly recommend, the place was excellent. The soup was tasty too.	1
Would not recommend, the coffee was mediocre. The bread was stale too.	0
wonderful chef and a great atmosphere overall. The menu was delightful too.	1
The menu was disappointing.	0
noisy dessert and a poor atmosphere overall.	0
horrible service and a poor atmosphere overall.	0
The ambience here is delicious and worth every penny.	1
Absolutely cold pizza, never coming back. The burger was disappointing too.	0
The steak here is soggy and not worth the money.	0
I loved the great bread here.	1
Best pasta I've had in a long time, truly quick. The burger was excellent too.	1
terrible place and a poor atmosphere overall.	0
I loved the charming chef here.	1
Would not recommend, the food was greasy.	0
The pizza here is horrible and not worth the money.	0
I loved the fantastic coffee here.	1
Best steak I've had in a long time, truly impressive.	1
What a superb place, the bread exceeded expectations.	1
What a bland place, the waiter fell far short. The soup was disappointing too.	0
tasty place and a great atmosphere overall. The ambience was outstanding too.	1
Absolutely underwhelming soup, never coming back.	0
Highly recommend, the chef was quick.	1
What a dirty place, the sushi fell far short. The bread was mediocre too.	0
The staff here is tasty and worth every penny. The burger was delightful too.	1
Worst staff I've had in a long time, truly noisy. The bread was terrible too.	0
The bread here is charming and worth every penny. The sushi was wonderful too.	1
What a disappointing place, the menu fell far short.	0
I loved the friendly sushi here. The food was delicious too.	1
I loved the great place here. The place was outstanding too.	1
The pasta was soggy. The waiter was disappointing too.	0
We really enjoyed the perfect waitress tonight.	1
What a stale place, the staff fell far short.	0
Would not recommend, the staff was terrible.	0
The place here is friendly and worth every penny.	1
The salad here is terrible and not worth the money.	0
I loved the impressive salad here. The sushi was fresh too.	1
amazing coffee and a great atmosphere overall.	1
We really regretted the horrible soup tonight.	0
Absolutely generous ambience, will come back again.	1
I hated the horrible soup here. The waiter was disappointing too.	0
rude chef and a poor atmosphere overall. The waiter was awful too.	0
cozy dessert and a great atmosphere overall.	1
The chef here is excellent and worth every penny.	1
I hated the underwhelming salad here.	0
We really regretted the dirty dessert tonight.	0
We really enjoyed the flavorful waiter tonight. The place was outstanding too.	1
I loved the delightful pasta here.	1
Such a flavorful experience with the chef.	1
The waiter was quick.	1
Would not recommend, the soup was mediocre. The coffee was burnt too.	0
charming bread and a great atmosphere overall.	1
Worst service I've had in a long time, truly soggy.	0
Worst sushi I've had in a long time, truly disappointing.	0
The sushi here is impressive and worth every penny.	1
The menu here is mediocre and not worth the money. The sushi was awful too.	0
Such a friendly experience with the waiter. The ambience was flavorful too.	1
What a dirty place, the waitress fell far short. The burger was tasteless too.	0
generous coffee and a great atmosphere overall. The burger was impressive too.	1
I hated the bad burger here. The pizza was stale too.	0
Worst chef I've had in a long time, truly stale.	0
The restaurant was perfect.	1
We really enjoyed the generous pizza tonight. The food was charming too.	1
What a soggy place, the burger fell far short. The pizza was unfriendly too.	0
The burger was tasteless. The dessert was stale too.	0
We really enjoyed the delicious bread tonight.	1
Would not recommend, the dessert was overpriced. The bread was dirty too.	0
Such a impressive experience with the ambience. The salad was fantastic too.	1
What a mediocre place, the pizza fell far short. The coffee was awful too.	0
We really enjoyed the amazing burger tonight. The menu was delicious too.	1
Worst burger I've had in a long time, truly bland. The ambience was disappointing too.	0
The waiter was perfect. The service was wonderful too.	1
Highly recommend, the waitress was superb. The bread was generous too.	1
Such a mediocre experience with the soup. The pasta was horrible too.	0
perfect chef and a great atmosphere overall. The ambience was quick too.	1
Such a overpriced experience with the service.	0
Such a flavorful experience with the restaurant.	1
We really enjoyed the delightful soup tonight. The steak was delightful too.	1
What a delicious place, the restaurant exceeded expectations. The staff was delicious too.	1
Absolutely terrible staff, never coming back.	0
We really enjoyed the delicious waitress tonight.	1
Worst place I've had in a long time, truly unfriendly. The pasta was soggy too.	0
We really enjoyed the impressive burger tonight.	1
Would not recommend, the sushi was disappointing. The pizza was terrible too.	0
The waitress here is bland and not worth the money. The steak was bad too.	0
We really regretted the stale dessert tonight.	0
The menu was outstanding.	1
rude dessert and a poor atmosphere overall. The chef was terrible too.	0
We really enjoyed the cozy ambience tonight. The sushi was delicious too.	1
Would not recommend, the sushi was bland.	0
What a rude place, the place fell far short. The ambience was cold too.	0
I hated the noisy menu here. The sushi was bad too.	0
What a dirty place, the burger fell far short.	0
I loved the lovely coffee here.	1
We really regretted the overpriced menu tonight.	0
The coffee was bad. The coffee was terrible too.	0
I loved the impressive sushi here.	1
I hated the dirty ambience here.	0
The waitress was stale.	0
Such a soggy experience with the chef.	0
Would not recommend, the pasta was bad.	0
The coffee was tasty. The coffee was superb too.	1
tasty chef and a great atmosphere overall.	1
The steak was greasy.	0
Absolutely delightful burger, will come back again.	1
What a delicious place, the coffee exceeded expectations. The place was generous too.	1
Such a soggy experience with the bread.	0
Such a perfect experience with the ambience.	1
We really regretted the mediocre staff tonight.	0
Highly recommend, the steak was delightful.	1
The burger was perfect.	1
What a outstanding place, the soup exceeded expectations. The menu was excellent too.	1
Worst service I've had in a long time, truly bad.	0
wonderful steak and a great atmosphere overall.	1
Worst service I've had in a long time, truly cold. The service was slow too.	0
What a unfriendly place, the salad fell far short.	0
The menu was fresh.	1
Worst waiter I've had in a long time, truly overpriced.	0
The ambience here is superb and worth every penny.	1
We really regretted the terrible pizza tonight.	0
Worst soup I've had in a long time, truly cold. The service was rude too.	0
Absolutely tasty chef, will come back again. The restaurant was delightful too.	1
I loved the tasty dessert here.	1
The steak was amazing. The menu was great too.	1
The bread was wonderful.	1
Absolutely soggy ambience, never coming back.	0
Would not recommend, the service was greasy.	0
Such a noisy experience with the service.	0
The service here is superb and worth every penny.	1
Would not recommend, the chef was disappointing. The sushi was unfriendly too.	0
What a tasty place, the chef exceeded expectations.	1
Worst restaurant I've had in a long time, truly stale.	0
Highly recommend, the steak was fresh.	1
Would not recommend, the dessert was bland. The restaurant was disappointing too.	0
slow coffee and a poor atmosphere overall.	0
Best restaurant I've had in a long time, truly impressive.	1
Worst place I've had in a long time, truly soggy. The dessert was dirty too.	0
Highly recommend, the chef was quick.	1
Worst staff I've had in a long time, truly tasteless.	0
Would not recommend, the pizza was awful. The waitress was unfriendly too.	0
The steak here is lovely and worth every penny.	1
I loved the friendly chef here.	1
The steak here is terrible and not worth the money.	0
I hated the noisy pasta here.	0
Would not recommend, the steak was terrible.	0
greasy burger and a poor atmosphere overall.	0
Worst service I've had in a long time, truly overpriced. The waitress was unfriendly too.	0
Worst dessert I've had in a long time, truly dirty.	0
Best menu I've had in a long time, truly superb.	1
Highly recommend, the staff was delicious.	1
We really enjoyed the wonderful restaurant tonight.	1
We really regretted the greasy steak tonight.	0
We really regretted the underwhelming chef tonight. The soup was rude too.	0
I hated the greasy dessert here. The coffee was bad too.	0
What a lovely place, the restaurant exceeded expectations.	1
What a flavorful place, the pizza exceeded expectations.	1
We really regretted the terrible service tonight. The pasta was tasteless too.	0
The dessert here is unfriendly and not worth the money.	0
impressive pasta and a great atmosphere overall.	1
fantastic burger and a great atmosphere overall.	1
Best menu I've had in a long time, truly impressive.	1
Absolutely cold sushi, never coming back. The soup was overpriced too.	0
Absolutely terrible steak, never coming back.	0
The waitress here is bad and not worth the money.	0
The food here is friendly and worth every penny. The restaurant was wonderful too.	1
We really enjoyed the wonderful sushi tonight. The menu was great too.	1
I hated the dirty pasta here.	0
I hated the stale menu here.	0
Best service I've had in a long time, truly delicious. The dessert was outstanding too.	1
The bread here is overpriced and not worth the money. The salad was tasteless too.	0
Absolutely quick dessert, will come back again.	1
Such a charming experience with the waitress. The sushi was quick too.	1
The waitress was soggy.	0
The salad was superb. The soup was great too.	1
soggy food and a poor atmosphere overall.	0
Such a lovely experience with the service. The staff was superb too.	1
Highly recommend, the steak was flavorful. The waiter was great too.	1
What a bad place, the soup fell far short. The ambience was burnt too.	0
What a delicious place, the ambience exceeded expectations.	1
bland pizza and a poor atmosphere overall. The soup was soggy too.	0
Worst coffee I've had in a long time, truly burnt.	0
The food was great. The bread was tasty too.	1
I hated the bland salad here. The menu was rude too.	0
rude service and a poor atmosphere overall. The service was unfriendly too.	0
Such a overpriced experience with the menu.	0
We really regretted the overpriced waitress tonight.	0
Such a terrible experience with the waiter.	0
Absolutely soggy chef, never coming back.	0
Highly recommend, the staff was charming.	1
The coffee here is greasy and not worth the money.	0
I loved the cozy chef here.	1
generous waitress and a great atmosphere overall.	1
The burger was slow.	0
I loved the cozy pasta here. The waiter was friendly too.	1
We really enjoyed the lovely waitress tonight. The waitress was lovely too.	1
The burger here is terrible and not worth the money.	0
Absolutely disappointing bread, never coming back.	0
mediocre salad and a poor atmosphere overall. The salad was tasteless too.	0
Highly recommend, the coffee was great.	1
What a perfect place, the pasta exceeded expectations.	1
Would not recommend, the pasta was horrible.	0
The staff here is greasy and not worth the money. The salad was disappointing too.	0
Best soup I've had in a long time, truly delightful. The steak was outstanding too.	1
The waitress here is friendly and worth every penny.	1
The menu here is delightful and worth every penny. The restaurant was friendly too.	1
Highly recommend, the soup was amazing.	1
What a stale place, the ambience fell far short. The waitress was soggy too.	0
Highly recommend, the staff was fantastic. The restaurant was impressive too.	1
Absolutely fresh restaurant, will come back again. The bread was flavorful too.	1
The restaurant was excellent. The menu was fresh too.	1
The sushi here is charming and worth every penny. The ambience was great too.	1
soggy menu and a poor atmosphere overall.	0
Worst pasta I've had in a long time, truly soggy.	0
The pizza here is delicious and worth every penny.	1
impressive steak and a great atmosphere overall.	1
bad steak and a poor atmosphere overall.	0
Would not recommend, the dessert was bad. The food was awful too.	0
I loved the outstanding dessert here.	1
We really enjoyed the friendly restaurant tonight.	1
What a stale place, the burger fell far short. The waitress was overpriced too.	0
The waiter was bad. The place was stale too.	0
Such a dirty experience with the waitress.	0
The burger was rude. The restaurant was bland too.	0
We really regretted the mediocre coffee tonight. The place was dirty too.	0
Such a awful experience with the restaurant. The soup was bland too.	0
Best soup I've had in a long time, truly cozy.	1
tasteless food and a poor atmosphere overall. The place was overpriced too.	0
Would not recommend, the pizza was tasteless. The bread was bland too.	0
Absolutely disappointing burger, never coming back.	0
We really regretted the soggy soup tonight.	0
Absolutely tasty waitress, will come back again.	1
The soup here is delicious and worth every penny. The menu was charming too.	1
terrible place and a poor atmosphere overall. The coffee was unfriendly too.	0
The staff was flavorful. The restaurant was wonderful too.	1
Highly recommend, the salad was great. The chef was lovely too.	1
Best soup I've had in a long time, truly quick.	1
Absolutely outstanding food, will come back again.	1
What a superb place, the waiter exceeded expectations.	1
The place here is fantastic and worth every penny. The coffee was tasty too.	1
The service was greasy.	0
I hated the dirty sushi here. The waitress was bland too.	0
Absolutely unfriendly food, never coming back.	0
cold restaurant and a poor atmosphere overall.	0
Worst chef I've had in a long time, truly greasy.	0
I loved the generous menu here. The chef was fresh too.	1
The restaurant here is awful and not worth the money. The salad was slow too.	0
Such a greasy experience with the chef.	0
quick waiter and a great atmosphere overall.	1
Absolutely delicious ambience, will come back again. The ambience was great too.	1
Worst waitress I've had in a long time, truly dirty.	0
The waitress here is wonderful and worth every penny.	1
Absolutely outstanding steak, will come back again.	1
Such a delicious experience with the restaurant.	1
Absolutely delicious sushi, will come back again.	1
The steak was cold. The dessert was mediocre too.	0
The bread was flavorful.	1
We really regretted the tasteless food tonight.	0
I hated the rude staff here.	0
We really enjoyed the friendly staff tonight.	1
Absolutely tasty salad, will come back again.	1
What a tasty place, the dessert exceeded expectations.	1
Worst pizza I've had in a long time, truly terrible. The pasta was noisy too.	0
great steak and a great atmosphere overall. The service was generous too.	1
Such a lovely experience with the soup. The place was cozy too.	1
Absolutely delicious pizza, will come back again. The ambience was perfect too.	1
Best waitress I've had in a long time, truly cozy.	1
What a fantastic place, the steak exceeded expectations. The service was lovely too.	1
Worst staff I've had in a long time, truly bland.	0
The bread was cozy.	1
What a delicious place, the place exceeded expectations. The pasta was friendly too.	1
Such a fresh experience with the dessert.	1
The menu was overpriced. The dessert was greasy too.	0
The menu was generous. The bread was lovely too.	1
The place here is horrible and not worth the money. The chef was awful too.	0
We really regretted the cold restaurant tonight. The burger was bad too.	0
Absolutely fantastic service, will come back again. The salad was excellent too.	1
Such a fresh experience with the bread.	1
I loved the flavorful soup here.	1
dirty bread and a poor atmosphere overall.	0
What a horrible place, the chef fell far short.	0
What a dirty place, the service fell far short. The pizza was noisy too.	0
I hated the terrible pizza here.	0
What a dirty place, the dessert fell far short. The ambience was unfriendly too.	0
Such a disappointing experience with the bread.	0
What a flavorful place, the staff exceeded expectations. The ambience was lovely too.	1
Highly recommend, the sushi was amazing.	1
The burger was greasy. The pasta was dirty too.	0
What a outstanding place, the restaurant exceeded expectations. The dessert was generous too.	1
flavorful food and a great atmosphere overall.	1
The food here is noisy and not worth the money. The food was underwhelming too.	0
tasteless bread and a poor atmosphere overall. The waiter was bad too.	0
Absolutely impressive place, will come back again.	1
I hated the horrible restaurant here. The waitress was soggy too.	0
The food was cold.	0
The pizza was quick.	1
The staff here is noisy and not worth the money.	0
I loved the charming food here.	1
Such a delicious experience with the service.	1
Absolutely friendly sushi, will come back again.	1
We really enjoyed the cozy dessert tonight.	1
The sushi was flavorful. The soup was generous too.	1
Would not recommend, the restaurant was horrible. The place was cold too.	0
tasteless soup and a poor atmosphere overall.	0
The salad here is horrible and not worth the money.	0
Such a bad experience with the sushi.	0
superb salad and a great atmosphere overall.	1
What a fantastic place, the soup exceeded expectations.	1
Worst restaurant I've had in a long time, truly awful.	0
Best place I've had in a long time, truly tasty.	1
The soup here is bad and not worth the money.	0
Worst salad I've had in a long time, truly rude. The sushi was dirty too.	0
We really regretted the mediocre place tonight.	0
We really enjoyed the quick coffee tonight. The bread was fantastic too.	1
I loved the wonderful bread here.	1
Highly recommend, the sushi was perfect.	1
We really enjoyed the flavorful pasta tonight.	1
What a unfriendly place, the dessert fell far short.	0
The steak here is charming and worth every penny. The pizza was superb too.	1
What a delightful place, the ambience exceeded expectations.	1
Best place I've had in a long time, truly excellent. The service was great too.	1
The salad was disappointing.	0
What a mediocre place, the burger fell far short. The ambience was underwhelming too.	0
I loved the impressive place here.	1
Such a impressive experience with the soup. The pizza was delicious too.	1
Such a great experience with the menu.	1
Such a charming experience with the sushi. The ambience was cozy too.	1
We really regretted the soggy restaurant tonight. The pizza was tasteless too.	0
excellent steak and a great atmosphere overall.	1
What a wonderful place, the service exceeded expectations.	1
The bread here is flavorful and worth every penny.	1
Absolutely cold place, never coming back.	0
What a noisy place, the ambience fell far short. The dessert was cold too.	0
What a fresh place, the chef exceeded expectations.	1
What a wonderful place, the restaurant exceeded expectations. The chef was generous too.	1
Best coffee I've had in a long time, truly quick.	1
What a fresh place, the food exceeded expectations.	1
The chef was superb. The sushi was flavorful too.	1
I hated the noisy sushi here.	0
Absolutely bland menu, never coming back.	0
Worst menu I've had in a long time, truly greasy. The pizza was soggy too.	0
Best staff I've had in a long time, truly great.	1
Absolutely noisy service, never coming back.	0
The chef was rude.	0
Such a awful experience with the coffee. The dessert was bad too.	0
Absolutely quick dessert, will come back again.	1
Such a tasty experience with the burger.	1
burnt waitress and a poor atmosphere overall.	0
Highly recommend, the chef was amazing.	1
terrible steak and a poor atmosphere overall.	0
What a overpriced place, the burger fell far short.	0
I hated the stale burger here. The staff was terrible too.	0
We really regretted the slow pasta tonight.	0
The soup here is flavorful and worth every penny.	1
What a perfect place, the dessert exceeded expectations. The food was fantastic too.	1
Highly recommend, the coffee was great.	1
What a quick place, the salad exceeded expectations.	1
Such a cold experience with the salad.	0
Best soup I've had in a long time, truly fresh.	1
Would not recommend, the steak was disappointing. The coffee was bland too.	0
Best place I've had in a long time, truly great.	1
The service here is tasty and worth every penny.	1
I loved the delicious ambience here.	1
Absolutely greasy waitress, never coming back. The pasta was tasteless too.	0
greasy steak and a poor atmosphere overall.	0
I hated the rude food here.	0
stale steak and a poor atmosphere overall.	0
Such a wonderful experience with the waiter.	1
I hated the underwhelming food here.	0
Such a greasy experience with the pizza. The ambience was awful too.	0
The salad here is outstanding and worth every penny.	1
delicious service and a great atmosphere overall. The pizza was impressive too.	1
The coffee was bland.	0
fantastic dessert and a great atmosphere overall. The restaurant was great too.	1
Absolutely bland burger, never coming back. The waiter was rude too.	0
We really enjoyed the fantastic pasta tonight. The staff was friendly too.	1
What a awful place, the coffee fell far short. The burger was bland too.	0
The coffee here is tasteless and not worth the money. The menu was disappointing too.	0
Worst waitress I've had in a long time, truly horrible.	0
Would not recommend, the food was slow. The salad was bland too.	0
Worst steak I've had in a long time, truly mediocre.	0
I loved the delightful chef here.	1
Absolutely burnt sushi, never coming back.	0
The steak here is rude and not worth the money.	0
What a bland place, the waiter fell far short.	0
Absolutely greasy place, never coming back.	0
Would not recommend, the salad was stale. The place was greasy too.	0
Such a great experience with the food.	1
What a friendly place, the dessert exceeded expectations.	1
The soup here is cold and not worth the money.	0
Absolutely outstanding waitress, will come back again. The place was excellent too.	1
We really regretted the cold food tonight. The service was slow too.	0
Highly recommend, the service was delightful.	1
What a quick place, the pasta exceeded expectations.	1
soggy coffee and a poor atmosphere overall.	0
Highly recommend, the salad was lovely. The bread was wonderful too.	1
What a excellent place, the chef exceeded expectations. The ambience was generous too.	1
I hated the unfriendly steak here.	0
What a stale place, the pasta fell far short. The steak was disappointing too.	0
Highly recommend, the restaurant was fantastic.	1
Such a fantastic experience with the place. The steak was wonderful too.	1
Best menu I've had in a long time, truly fantastic.	1
Such a rude experience with the bread. The bread was stale too.	0
Absolutely wonderful food, will come back again.	1
Absolutely friendly burger, will come back again.	1
Such a great experience with the sushi.	1
Absolutely terrible waiter, never coming back. The burger was rude too.	0
burnt pizza and a poor atmosphere overall.	0
We really regretted the bad service tonight. The pasta was slow too.	0
What a disappointing place, the salad fell far short.	0
quick sushi and a great atmosphere overall.	1
Would not recommend, the pasta was awful.	0
Absolutely flavorful sushi, will come back again. The chef was outstanding too.	1
The waiter was lovely. The menu was delicious too.	1
The dessert was great.	1
Absolutely flavorful salad, will come back again. The chef was wonderful too.	1
Absolutely stale dessert, never coming back.	0
bland pasta and a poor atmosphere overall.	0
Such a noisy experience with the bread.	0
Such a mediocre experience with the sushi.	0
Such a rude experience with the steak.	0
Absolutely charming place, will come back again.	1
Such a noisy experience with the coffee.	0
We really regretted the rude menu tonight.	0
The waitress was soggy.	0
Absolutely stale service, never coming back.	0
We really enjoyed the superb pizza tonight.	1
Highly recommend, the pizza was great.	1
Such a impressive experience with the dessert. The staff was quick too.	1
Absolutely impressive soup, will come back again.	1
Such a outstanding experience with the menu. The chef was delicious too.	1
We really regretted the terrible dessert tonight.	0
We really enjoyed the flavorful food tonight. The bread was charming too.	1
The pasta here is impressive and worth every penny.	1
delightful salad and a great atmosphere overall. The dessert was generous too.	1
soggy ambience and a poor atmosphere overall.	0
I hated the slow waitress here. The food was tasteless too.	0
I loved the superb soup here.	1
The burger here is burnt and not worth the money.	0
Absolutely rude burger, never coming back.	0
Best soup I've had in a long time, truly outstanding. The menu was delicious too.	1
I hated the unfriendly steak here. The place was noisy too.	0
Worst waitress I've had in a long time, truly disappointing. The place was terrible too.	0
We really regretted the mediocre salad tonight. The place was overpriced too.	0
fresh waitress and a great atmosphere overall.	1
Best salad I've had in a long time, truly amazing.	1
We really enjoyed the great burger tonight. The restaurant was wonderful too.	1
Absolutely stale pizza, never coming back.	0
We really enjoyed the cozy sushi tonight.	1
Absolutely disappointing service, never coming back. The bread was cold too.	0
I hated the soggy restaurant here.	0
What a unfriendly place, the coffee fell far short.	0
We really enjoyed the lovely dessert tonight.	1
I loved the wonderful steak here. The waiter was generous too.	1
impressive steak and a great atmosphere overall. The sushi was tasty too.	1
The staff here is great and worth every penny.	1
I hated the overpriced menu here.	0
cozy bread and a great atmosphere overall. The pizza was delicious too.	1
What a tasteless place, the waitress fell far short.	0
Such a amazing experience with the food.	1
Highly recommend, the bread was fantastic.	1
The pizza here is quick and worth every penny.	1
The dessert was bland.	0
Would not recommend, the restaurant was bland. The staff was stale too.	0
I hated the burnt food here.	0
The restaurant here is soggy and not worth the money.	0
Would not recommend, the staff was mediocre.	0
Absolutely tasty chef, will come back again.	1
What a noisy place, the pasta fell far short.	0
Absolutely disappointing food, never coming back.	0
The burger here is disappointing and not worth the money.	0
Such a disappointing experience with the burger. The restaurant was cold too.	0
Best service I've had in a long time, truly quick. The service was amazing too.	1
The pasta was horrible. The pasta was cold too.	0
Such a fantastic experience with the menu. The steak was generous too.	1
Absolutely lovely soup, will come back again. The sushi was wonderful too.	1
What a fresh place, the restaurant exceeded expectations.	1
Absolutely bad waitress, never coming back.	0
I loved the friendly sushi here.	1
What a burnt place, the salad fell far short.	0
We really regretted the bad bread tonight.	0
I hated the dirty chef here. The sushi was bad too.	0
Such a slow experience with the staff.	0
What a burnt place, the staff fell far short. The chef was rude too.	0
Highly recommend, the service was perfect.	1
Best service I've had in a long time, truly perfect. The burger was outstanding too.	1
soggy steak and a poor atmosphere overall.	0
Such a generous experience with the staff. The bread was charming too.	1
What a underwhelming place, the food fell far short.	0
Such a delicious experience with the pasta.	1
We really enjoyed the superb place tonight.	1
What a outstanding place, the coffee exceeded expectations. The soup was fantastic too.	1
Such a outstanding experience with the bread.	1
Best restaurant I've had in a long time, truly delicious.	1
Such a unfriendly experience with the pasta.	0
We really regretted the rude soup tonight. The soup was tasteless too.	0
amazing burger and a great atmosphere overall. The steak was quick too.	1
Absolutely terrible chef, never coming back.	0
Best chef I've had in a long time, truly great. The bread was perfect too.	1
Worst waiter I've had in a long time, truly awful. The dessert was tasteless too.	0
The pizza here is outstanding and worth every penny. The service was generous too.	1
impressive coffee and a great atmosphere overall.	1
Highly recommend, the coffee was cozy.	1
Absolutely rude soup, never coming back.	0
The place was awful.	0
The restaurant here is amazing and worth every penny. The salad was lovely too.	1
I loved the great sushi here.	1
I hated the horrible pasta here.	0
Would not recommend, the dessert was underwhelming.	0
The burger was cold.	0
burnt pasta and a poor atmosphere overall.	0
soggy staff and a poor atmosphere overall. The burger was slow too.	0
The waitress here is wonderful and worth every penny. The sushi was delicious too.	1
Would not recommend, the burger was noisy.	0
The staff was fantastic.	1
We really enjoyed the generous coffee tonight.	1
Absolutely overpriced pizza, never coming back. The service was greasy too.	0
The pasta was overpriced.	0
lovely restaurant and a great atmosphere overall.	1
What a noisy place, the coffee fell far short.	0
The burger was delightful.	1
Such a stale experience with the service.	0
We really regretted the bad place tonight.	0
What a noisy place, the coffee fell far short. The ambience was noisy too.	0
We really enjoyed the lovely waiter tonight. The coffee was fantastic too.	1
The place was disappointing. The waitress was greasy too.	0
Such a wonderful experience with the pizza. The burger was superb too.	1
I hated the dirty ambience here.	0
We really enjoyed the excellent place tonight. The staff was flavorful too.	1
Such a terrible experience with the service. The chef was stale too.	0
Best menu I've had in a long time, truly wonderful.	1
The sushi was lovely.	1
tasty steak and a great atmosphere overall. The staff was wonderful too.	1
I loved the fantastic menu here.	1
I loved the fantastic burger here. The food was wonderful too.	1
The food was friendly.	1
What a horrible place, the pizza fell far short. The service was dirty too.	0
I loved the excellent restaurant here.	1
Absolutely perfect pasta, will come back again.	1
Such a generous experience with the waitress.	1
Would not recommend, the dessert was disappointing. The restaurant was tasteless too.	0
I hated the cold waitress here.	0
What a tasteless place, the place fell far short.	0
The salad here is lovely and worth every penny.	1
Would not recommend, the waitress was bland. The steak was tasteless too.	0
Worst menu I've had in a long time, truly bad.	0
Highly recommend, the restaurant was friendly. The salad was superb too.	1
I loved the charming service here. The salad was impressive too.	1
Absolutely awful pasta, never coming back.	0
Best restaurant I've had in a long time, truly tasty.	1
Best soup I've had in a long time, truly fresh.	1
Absolutely outstanding menu, will come back again.	1
The food was outstanding.	1
The sushi was tasteless.	0
What a great place, the coffee exceeded expectations.	1
Worst chef I've had in a long time, truly disappointing. The pasta was slow too.	0
The dessert here is rude and not worth the money.	0
We really regretted the underwhelming sushi tonight.	0
What a stale place, the pasta fell far short. The soup was overpriced too.	0
lovely service and a great atmosphere overall. The service was delicious too.	1
amazing waitress and a great atmosphere overall.	1
wonderful coffee and a great atmosphere overall. The waitress was wonderful too.	1
Worst chef I've had in a long time, truly dirty.	0
What a bad place, the sushi fell far short. The bread was dirty too.	0
The pasta was horrible.	0
The restaurant was fantastic.	1
We really regretted the terrible burger tonight. The dessert was stale too.	0
What a tasty place, the dessert exceeded expectations.	1
The staff was quick.	1
Absolutely fresh salad, will come back again.	1
The burger was generous.	1
Absolutely horrible restaurant, never coming back. The place was underwhelming too.	0
I loved the tasty pasta here.	1
Absolutely disappointing service, never coming back. The pizza was noisy too.	0
What a fresh place, the pasta exceeded expectations.	1
The coffee here is stale and not worth the money.	0
What a burnt place, the chef fell far short. The pizza was mediocre too.	0
What a flavorful place, the staff exceeded expectations.	1
The soup here is quick and worth every penny. The pasta was delightful too.	1
Best dessert I've had in a long time, truly delightful.	1
Absolutely cold coffee, never coming back.	0
We really enjoyed the fantastic menu tonight.	1
We really enjoyed the wonderful pasta tonight.	1
Absolutely overpriced coffee, never coming back.	0
Absolutely amazing burger, will come back again. The menu was friendly too.	1
underwhelming restaurant and a poor atmosphere overall. The waitress was stale too.	0
The food was perfect. The ambience was outstanding too.	1
I hated the cold dessert here. The ambience was overpriced too.	0
I hated the bland coffee here.	0
Absolutely amazing dessert, will come back again.	1
What a burnt place, the restaurant fell far short. The sushi was greasy too.	0
Best steak I've had in a long time, truly impressive. The coffee was wonderful too.	1
We really enjoyed the quick chef tonight.	1
Such a rude experience with the burger.	0
Such a perfect experience with the steak.	1
Such a bad experience with the pizza.	0
Would not recommend, the restaurant was bad.	0
What a mediocre place, the salad fell far short. The dessert was cold too.	0
Absolutely terrible service, never coming back. The sushi was bad too.	0
The waiter here is bland and not worth the money. The burger was soggy too.	0
noisy ambience and a poor atmosphere overall.	0
We really regretted the disappointing steak tonight. The dessert was underwhelming too.	0
The pizza was cold. The food was burnt too.	0
Such a charming experience with the soup. The chef was fresh too.	1
Best food I've had in a long time, truly impressive. The salad was tasty too.	1
We really regretted the bad pizza tonight.	0
Absolutely fantastic pizza, will come back again.	1
I loved the perfect menu here.	1
The coffee was outstanding.	1
Best waiter I've had in a long time, truly generous.	1
Absolutely cozy food, will come back again.	1
What a amazing place, the food exceeded expectations. The restaurant was excellent too.	1
We really regretted the burnt food tonight. The waiter was cold too.	0
The coffee here is impressive and worth every penny. The pizza was delightful too.	1
impressive steak and a great atmosphere overall.	1
Such a fresh experience with the restaurant. The steak was delightful too.	1
We really enjoyed the cozy salad tonight.	1
Worst place I've had in a long time, truly bad.	0
Such a terrible experience with the salad. The food was burnt too.	0
The coffee was burnt.	0
The food here is unfriendly and not worth the money.	0
The chef was outstanding. The burger was fantastic too.	1
The pizza was terrible.	0
We really regretted the mediocre bread tonight.	0
Worst coffee I've had in a long time, truly underwhelming. The bread was tasteless too.	0
Worst food I've had in a long time, truly noisy.	0
Best place I've had in a long time, truly lovely. The salad was generous too.	1
overpriced waiter and a poor atmosphere overall.	0
Absolutely friendly pasta, will come back again.	1
Worst coffee I've had in a long time, truly mediocre. The place was greasy too.	0
The restaurant here is delicious and worth every penny.	1
The pizza here is charming and worth every penny.	1
The steak here is awful and not worth the money.	0
We really regretted the cold restaurant tonight.	0
The burger here is disappointing and not worth the money.	0
The menu here is noisy and not worth the money. The ambience was bad too.	0
We really enjoyed the delicious burger tonight.	1
What a quick place, the bread exceeded expectations.	1
Worst dessert I've had in a long time, truly burnt.	0
I hated the bland salad here. The waitress was bad too.	0
The restaurant here is quick and worth every penny.	1
What a bad place, the coffee fell far short. The soup was bad too.	0
Best bread I've had in a long time, truly delightful. The sushi was delicious too.	1
The staff here is rude and not worth the money.	0
The place here is quick and worth every penny. The salad was cozy too.	1
Such a perfect experience with the restaurant.	1
The chef was charming. The food was lovely too.	1
What a flavorful place, the service exceeded expectations. The dessert was great too.	1
Best coffee I've had in a long time, truly generous. The soup was excellent too.	1
Absolutely noisy waitress, never coming back.	0
We really enjoyed the excellent pizza tonight.	1
I hated the underwhelming steak here. The ambience was underwhelming too.	0
Absolutely great waiter, will come back again.	1
Highly recommend, the food was amazing.	1
What a soggy place, the chef fell far short. The soup was cold too.	0
Absolutely overpriced dessert, never coming back.	0
tasteless waiter and a poor atmosphere overall. The food was noisy too.	0
Worst bread I've had in a long time, truly terrible.	0
tasty bread and a great atmosphere overall.	1
The service was disappointing. The burger was bland too.	0
Best pizza I've had in a long time, truly friendly.	1
Would not recommend, the restaurant was noisy. The bread was stale too.	0
We really regretted the unfriendly salad tonight.	0
We really enjoyed the amazing chef tonight.	1
The waitress was delicious.	1
The ambience here is cold and not worth the money.	0
The pizza was generous.	1
I loved the impressive burger here.	1
The sushi here is lovely and worth every penny. The bread was generous too.	1
Such a friendly experience with the staff.	1
Absolutely quick chef, will come back again.	1
We really enjoyed the flavorful dessert tonight.	1
The food here is outstanding and worth every penny.	1
quick coffee and a great atmosphere overall. The restaurant was lovely too.	1
The bread here is underwhelming and not worth the money. The waiter was underwhelming too.	0
Such a superb experience with the coffee.	1
What a cold place, the burger fell far short.	0
excellent sushi and a great atmosphere overall. The burger was impressive too.	1
Absolutely great waiter, will come back again. The pizza was impressive too.	1
Absolutely cozy soup, will come back again. The soup was amazing too.	1
I loved the generous food here. The restaurant was amazing too.	1
Would not recommend, the pasta was stale. The dessert was mediocre too.	0
I hated the underwhelming chef here. The burger was cold too.	0
friendly chef and a great atmosphere overall. The steak was quick too.	1
Such a noisy experience with the bread.	0
The place here is friendly and worth every penny. The ambience was flavorful too.	1
Best chef I've had in a long time, truly friendly.	1
horrible waitress and a poor atmosphere overall.	0
The sushi was horrible.	0
Highly recommend, the restaurant was amazing.	1
What a wonderful place, the steak exceeded expectations.	1
Absolutely tasteless steak, never coming back. The dessert was awful too.	0
What a impressive place, the pasta exceeded expectations.	1
Absolutely soggy sushi, never coming back.	0
Absolutely flavorful coffee, will come back again.	1
Absolutely perfect pasta, will come back again. The waitress was great too.	1
The bread was dirty.	0
What a rude place, the salad fell far short.	0
Would not recommend, the chef was overpriced.	0
The burger was delicious. The sushi was wonderful too.	1
quick pasta and a great atmosphere overall. The service was fresh too.	1
The waiter here is great and worth every penny. The menu was great too.	1
What a tasty place, the bread exceeded expectations.	1
The pizza was overpriced.	0
Highly recommend, the place was fantastic. The food was friendly too.	1
Highly recommend, the dessert was perfect.	1
We really enjoyed the cozy steak tonight. The restaurant was lovely too.	1
What a slow place, the dessert fell far short. The steak was bland too.	0
tasty burger and a great atmosphere overall.	1
We really enjoyed the superb burger tonight.	1
Worst coffee I've had in a long time, truly disappointing. The chef was noisy too.	0
Highly recommend, the bread was tasty.	1
Best staff I've had in a long time, truly fresh. The ambience was quick too.	1
Such a mediocre experience with the salad.	0
What a charming place, the menu exceeded expectations. The bread was quick too.	1
We really enjoyed the great burger tonight.	1
outstanding restaurant and a great atmosphere overall.	1
What a unfriendly place, the place fell far short.	0
Absolutely quick place, will come back again. The waitress was delightful too.	1
flavorful pasta and a great atmosphere overall.	1
Such a noisy experience with the waiter. The bread was greasy too.	0
Would not recommend, the restaurant was mediocre.	0
What a flavorful place, the place exceeded expectations.	1
What a flavorful place, the waitress exceeded expectations.	1
I loved the delicious salad here.	1
We really enjoyed the wonderful food tonight.	1
What a awful place, the salad fell far short. The restaurant was terrible too.	0
We really enjoyed the charming menu tonight. The restaurant was fantastic too.	1
What a bland place, the dessert fell far short. The burger was dirty too.	0
The ambience here is rude and not worth the money.	0
Absolutely quick burger, will come back again. The place was friendly too.	1
quick steak and a great atmosphere overall. The pizza was delightful too.	1
The menu was dirty.	0
Absolutely disappointing pasta, never coming back. The steak was overpriced too.	0
The bread here is great and worth every penny. The service was flavorful too.	1
What a tasteless place, the steak fell far short.	0
The pasta here is great and worth every penny.	1
The service here is wonderful and worth every penny.	1
The menu was dirty.	0
What a terrible place, the dessert fell far short. The pizza was rude too.	0
What a delicious place, the coffee exceeded expectations.	1
We really regretted the unfriendly soup tonight. The burger was stale too.	0
Such a lovely experience with the food. The salad was amazing too.	1
I loved the flavorful chef here.	1
Best waiter I've had in a long time, truly fresh.	1
We really regretted the slow pizza tonight.	0
flavorful pizza and a great atmosphere overall. The burger was generous too.	1
We really enjoyed the great ambience tonight. The dessert was flavorful too.	1
Best pizza I've had in a long time, truly outstanding. The place was lovely too.	1
Absolutely fantastic chef, will come back again.	1
I loved the quick waitress here. The pizza was impressive too.	1
Absolutely impressive menu, will come back again.	1
The waiter was generous.	1
The staff was superb.	1
The place here is tasty and worth every penny.	1
What a fresh place, the pizza exceeded expectations. The waiter was flavorful too.	1
What a charming place, the salad exceeded expectations.	1
Absolutely soggy steak, never coming back.	0
Such a flavorful experience with the chef. The soup was great too.	1
What a delightful place, the restaurant exceeded expectations.	1
I loved the generous pizza here.	1
We really regretted the slow place tonight. The pizza was noisy too.	0
We really enjoyed the outstanding dessert tonight.	1
Absolutely greasy staff, never coming back. The staff was mediocre too.	0
The waiter was excellent.	1
What a outstanding place, the ambience exceeded expectations. The food was perfect too.	1
disappointing burger and a poor atmosphere overall. The menu was horrible too.	0
The burger here is lovely and worth every penny. The waiter was impressive too.	1
I hated the noisy waitress here. The waiter was terrible too.	0
Absolutely bad service, never coming back. The chef was horrible too.	0
Best coffee I've had in a long time, truly fresh. The coffee was delicious too.	1
Highly recommend, the coffee was generous. The sushi was fantastic too.	1
Such a delightful experience with the service. The dessert was tasty too.	1
The service was amazing.	1
Such a mediocre experience with the service.	0
Would not recommend, the restaurant was tasteless.	0
We really enjoyed the flavorful waitress tonight.	1
Worst pasta I've had in a long time, truly horrible.	0
Absolutely underwhelming place, never coming back.	0
The pasta was generous. The burger was quick too.	1
Absolutely overpriced menu, never coming back.	0
dirty ambience and a poor atmosphere overall.	0
I loved the lovely coffee here. The waitress was tasty too.	1
We really regretted the cold steak tonight. The menu was tasteless too.	0
Best staff I've had in a long time, truly cozy. The sushi was friendly too.	1
Worst soup I've had in a long time, truly horrible.	0
What a superb place, the soup exceeded expectations.	1
The waitress was terrible.	0
We really regretted the overpriced pizza tonight.	0
What a excellent place, the restaurant exceeded expectations.	1
The burger here is cozy and worth every penny.	1
What a amazing place, the staff exceeded expectations. The restaurant was outstanding too.	1
Best staff I've had in a long time, truly perfect. The soup was superb too.	1
Absolutely bad menu, never coming back. The ambience was mediocre too.	0
I hated the stale service here. The waitress was greasy too.	0
Absolutely awful menu, never coming back.	0
Highly recommend, the sushi was delicious. The sushi was wonderful too.	1
Would not recommend, the waiter was noisy. The food was unfriendly too.	0
Absolutely dirty menu, never coming back. The menu was unfriendly too.	0
What a excellent place, the restaurant exceeded expectations.	1
The service here is great and worth every penny.	1
The restaurant here is burnt and not worth the money. The waitress was noisy too.	0
What a tasty place, the steak exceeded expectations. The bread was generous too.	1
The bread here is disappointing and not worth the money.	0
What a bad place, the ambience fell far short. The chef was soggy too.	0
The restaurant here is lovely and worth every penny. The ambience was friendly too.	1
Would not recommend, the salad was greasy. The food was noisy too.	0
Highly recommend, the pasta was tasty.	1
The waiter was superb.	1
Absolutely noisy steak, never coming back. The waitress was rude too.	0
Absolutely underwhelming soup, never coming back. The soup was slow too.	0
Worst menu I've had in a long time, truly slow.	0
Such a flavorful experience with the waiter.	1
Would not recommend, the pasta was mediocre.	0
We really enjoyed the excellent salad tonight.	1
Absolutely generous burger, will come back again. The pizza was perfect too.	1
mediocre burger and a poor atmosphere overall. The service was dirty too.	0
What a lovely place, the place exceeded expectations.	1
Would not recommend, the ambience was bland. The ambience was soggy too.	0
Would not recommend, the ambience was rude.	0
Would not recommend, the ambience was soggy.	0
The salad here is rude and not worth the money.	0
The salad was stale.	0
I hated the dirty salad here.	0
Worst waitress I've had in a long time, truly unfriendly.	0
The staff here is fresh and worth every penny. The bread was charming too.	1
I hated the overpriced pizza here.	0
I loved the amazing bread here. The menu was perfect too.	1
What a quick place, the sushi exceeded expectations. The restaurant was tasty too.	1
What a flavorful place, the sushi exceeded expectations.	1
Would not recommend, the pizza was unfriendly.	0
Absolutely excellent staff, will come back again.	1
great food and a great atmosphere overall. The coffee was superb too.	1
The waiter was terrible.	0
I hated the noisy pizza here. The menu was bland too.	0
fresh menu and a great atmosphere overall.	1
The menu here is bland and not worth the money.	0
Absolutely burnt soup, never coming back. The sushi was awful too.	0
I hated the overpriced waiter here.	0
Absolutely underwhelming waitress, never coming back. The place was rude too.	0
What a superb place, the salad exceeded expectations. The pizza was fantastic too.	1
Worst chef I've had in a long time, truly underwhelming. The soup was terrible too.	0
I hated the terrible food here.	0
bad staff and a poor atmosphere overall.	0
The menu here is excellent and worth every penny.	1
The coffee here is fresh and worth every penny.	1
I hated the underwhelming coffee here. The staff was tasteless too.	0
The pasta here is underwhelming and not worth the money.	0
We really enjoyed the fantastic place tonight.	1
We really regretted the burnt service tonight. The sushi was slow too.	0
The bread was rude.	0
What a delicious place, the service exceeded expectations. The coffee was amazing too.	1
The bread here is disappointing and not worth the money.	0
Absolutely cold soup, never coming back.	0
fantastic waiter and a great atmosphere overall.	1
Best food I've had in a long time, truly amazing.	1
The menu here is rude and not worth the money.	0
Absolutely fresh bread, will come back again.	1
We really regretted the rude dessert tonight. The dessert was slow too.	0
I hated the rude service here. The place was mediocre too.	0
Worst chef I've had in a long time, truly noisy.	0
Such a cozy experience with the waiter. The ambience was flavorful too.	1
I loved the fantastic food here.	1
I hated the cold coffee here.	0
burnt chef and a poor atmosphere overall.	0
Absolutely amazing salad, will come back again. The steak was tasty too.	1
The coffee here is friendly and worth every penny.	1
Such a generous experience with the waitress.	1
The waiter was rude.	0
We really enjoyed the great pasta tonight.	1
The steak was tasty. The food was superb too.	1
What a bland place, the menu fell far short.	0
Worst staff I've had in a long time, truly awful. The steak was tasteless too.	0
The food here is soggy and not worth the money.	0
The waiter here is charming and worth every penny.	1
The sushi was bad. The sushi was soggy too.	0
We really regretted the mediocre burger tonight.	0
Would not recommend, the service was terrible.	0
We really regretted the terrible pizza tonight. The pasta was awful too.	0
Such a cozy experience with the steak. The food was great too.	1
We really regretted the rude sushi tonight. The salad was bad too.	0
Highly recommend, the pizza was wonderful. The food was fantastic too.	1
Absolutely fresh bread, will come back again. The place was great too.	1
Such a great experience with the waiter. The waitress was tasty too.	1
The ambience was burnt. The salad was unfriendly too.	0
The service was superb. The service was friendly too.	1
I hated the bland steak here.	0
I hated the underwhelming burger here.	0
awful chef and a poor atmosphere overall. The dessert was bad too.	0
Highly recommend, the soup was quick.	1
Absolutely bland menu, never coming back.	0
We really regretted the awful burger tonight.	0
The salad here is terrible and not worth the money.	0
Such a great experience with the bread.	1
What a fantastic place, the coffee exceeded expectations. The place was fantastic too.	1
outstanding burger and a great atmosphere overall.	1
We really regretted the bad ambience tonight.	0
Best staff I've had in a long time, truly impressive. The soup was friendly too.	1
We really regretted the cold food tonight. The restaurant was cold too.	0
The chef here is mediocre and not worth the money. The sushi was bad too.	0
Absolutely wonderful service, will come back again.	1
The bread here is terrible and not worth the money.	0
The dessert here is fresh and worth every penny.	1
We really regretted the bad waiter tonight.	0
Absolutely tasty steak, will come back again. The dessert was impressive too.	1
The waiter here is burnt and not worth the money.	0
Such a underwhelming experience with the bread. The coffee was underwhelming too.	0
Absolutely bad waiter, never coming back.	0
Worst menu I've had in a long time, truly disappointing.	0
The food here is rude and not worth the money. The salad was overpriced too.	0
cozy soup and a great atmosphere overall.	1
Would not recommend, the menu was unfriendly. The ambience was greasy too.	0
The bread here is lovely and worth every penny. The chef was fresh too.	1
Such a charming experience with the soup. The ambience was superb too.	1
What a fresh place, the restaurant exceeded expectations. The bread was quick too.	1
Absolutely horrible chef, never coming back.	0
Such a underwhelming experience with the restaurant. The pizza was overpriced too.	0
terrible pasta and a poor atmosphere overall.	0
fantastic service and a great atmosphere overall.	1
The pizza was stale. The restaurant was bland too.	0
Such a horrible experience with the dessert. The steak was rude too.	0
tasty waitress and a great atmosphere overall. The coffee was charming too.	1
Such a excellent experience with the waitress. The chef was delicious too.	1
The pasta here is perfect and worth every penny. The place was lovely too.	1
The menu here is perfect and worth every penny.	1
I loved the great staff here.	1
The burger here is impressive and worth every penny. The soup was outstanding too.	1
Absolutely greasy sushi, never coming back.	0
Highly recommend, the staff was charming.	1
greasy waiter and a poor atmosphere overall. The place was dirty too.	0
What a rude place, the staff fell far short. The waitress was stale too.	0
Absolutely unfriendly sushi, never coming back.	0
Absolutely lovely ambience, will come back again.	1
Absolutely bad coffee, never coming back. The menu was tasteless too.	0
What a delightful place, the menu exceeded expectations.	1
What a superb place, the sushi exceeded expectations.	1
The dessert was overpriced. The steak was cold too.	0
I loved the superb burger here.	1
We really regretted the stale pizza tonight.	0
The waiter was overpriced. The chef was burnt too.	0
Best waiter I've had in a long time, truly perfect.	1
Would not recommend, the staff was terrible. The burger was horrible too.	0
We really regretted the overpriced pasta tonight.	0
The ambience here is rude and not worth the money. The service was bland too.	0
The burger was quick.	1
I hated the horrible soup here.	0
delightful ambience and a great atmosphere overall. The chef was lovely too.	1
Absolutely fantastic salad, will come back again.	1
We really regretted the soggy staff tonight.	0
Worst service I've had in a long time, truly horrible. The staff was stale too.	0
Best chef I've had in a long time, truly great.	1
Absolutely fantastic place, will come back again. The restaurant was tasty too.	1
The staff was mediocre. The burger was awful too.	0
Absolutely underwhelming waiter, never coming back.	0
charming salad and a great atmosphere overall.	1
Absolutely fresh coffee, will come back again. The waiter was delicious too.	1
I loved the friendly bread here. The salad was charming too.	1
Best pasta I've had in a long time, truly wonderful. The chef was delightful too.	1
What a friendly place, the ambience exceeded expectations.	1
The chef here is soggy and not worth the money. The service was bland too.	0
The pasta here is great and worth every penny.	1
perfect restaurant and a great atmosphere overall. The sushi was fresh too.	1
Such a rude experience with the sushi.	0
I hated the mediocre bread here.	0
Best dessert I've had in a long time, truly impressive. The steak was delightful too.	1
We really enjoyed the perfect salad tonight.	1
Such a mediocre experience with the sushi.	0
Highly recommend, the sushi was delightful. The pizza was amazing too.	1
We really enjoyed the outstanding steak tonight.	1
Would not recommend, the sushi was unfriendly.	0
We really enjoyed the friendly menu tonight.	1
I hated the greasy sushi here. The soup was disappointing too.	0
Would not recommend, the salad was stale. The food was stale too.	0
The pizza was noisy.	0
The steak was mediocre.	0
Highly recommend, the coffee was superb.	1
horrible salad and a poor atmosphere overall.	0
Such a quick experience with the salad. The chef was friendly too.	1
Best food I've had in a long time, truly flavorful.	1
The waiter was great. The pasta was wonderful too.	1
Absolutely excellent ambience, will come back again. The pasta was fantastic too.	1
Absolutely amazing coffee, will come back again.	1
The dessert here is noisy and not worth the money. The dessert was unfriendly too.	0
tasteless pizza and a poor atmosphere overall. The steak was rude too.	0
We really regretted the overpriced burger tonight.	0
The soup was tasteless.	0
Best waitress I've had in a long time, truly superb.	1
The pizza here is underwhelming and not worth the money.	0
Best dessert I've had in a long time, truly wonderful. The waiter was outstanding too.	1
lovely bread and a great atmosphere overall.	1
I hated the awful soup here.	0
Absolutely rude steak, never coming back.	0
What a rude place, the soup fell far short. The waitress was tasteless too.	0
What a disappointing place, the waiter fell far short. The burger was noisy too.	0
The soup was delightful. The pizza was cozy too.	1
The steak was perfect.	1
The service here is burnt and not worth the money.	0
I loved the impressive steak here.	1
wonderful pasta and a great atmosphere overall.	1
Best steak I've had in a long time, truly flavorful. The bread was outstanding too.	1
What a disappointing place, the staff fell far short.	0
Best ambience I've had in a long time, truly fresh. The pasta was quick too.	1
Absolutely greasy staff, never coming back.	0
The waiter here is terrible and not worth the money. The dessert was slow too.	0
Such a friendly experience with the food. The waitress was great too.	1
What a cozy place, the staff exceeded expectations.	1
We really regretted the disappointing sushi tonight. The waiter was horrible too.	0
Such a delightful experience with the dessert.	1
The coffee here is delicious and worth every penny. The salad was great too.	1
bland sushi and a poor atmosphere overall. The pizza was disappointing too.	0
Would not recommend, the pizza was awful.	0
I hated the greasy pasta here.	0
overpriced pasta and a poor atmosphere overall.	0
Absolutely delicious waitress, will come back again.	1
I loved the tasty salad here. The bread was charming too.	1
I hated the rude service here. The pizza was mediocre too.	0
We really regretted the mediocre sushi tonight.	0
Such a bad experience with the chef.	0
generous steak and a great atmosphere overall. The dessert was lovely too.	1
The steak was unfriendly. The coffee was cold too.	0
The salad here is outstanding and worth every penny. The place was fantastic too.	1
slow service and a poor atmosphere overall.	0
Worst soup I've had in a long time, truly tasteless. The service was burnt too.	0
Such a slow experience with the salad.	0
Such a great experience with the menu. The staff was lovely too.	1
Best coffee I've had in a long time, truly outstanding.	1
The food was generous. The burger was amazing too.	1
slow waitress and a poor atmosphere overall. The chef was greasy too.	0
I loved the outstanding place here.	1
Highly recommend, the pasta was lovely.	1
cold waiter and a poor atmosphere overall.	0
The bread here is overpriced and not worth the money.	0
We really enjoyed the impressive chef tonight. The waiter was impressive too.	1
delicious pasta and a great atmosphere overall.	1
Best sushi I've had in a long time, truly excellent. The service was excellent too.	1
Highly recommend, the pizza was superb.	1
I hated the bad chef here. The bread was rude too.	0
Would not recommend, the bread was stale.	0
I hated the unfriendly bread here.	0
What a lovely place, the soup exceeded expectations. The staff was friendly too.	1
What a delightful place, the steak exceeded expectations. The soup was perfect too.	1
The steak here is horrible and not worth the money.	0
Worst waitress I've had in a long time, truly stale. The soup was terrible too.	0
I loved the perfect food here.	1
Absolutely lovely waiter, will come back again.	1
We really regretted the horrible coffee tonight.	0
We really regretted the stale steak tonight.	0
What a soggy place, the staff fell far short.	0
Best sushi I've had in a long time, truly delightful.	1
lovely place and a great atmosphere overall.	1
Such a delightful experience with the service.	1
The restaurant was outstanding.	1
The coffee was amazing.	1
We really enjoyed the great pasta tonight.	1
Such a underwhelming experience with the service. The waitress was awful too.	0
cold pizza and a poor atmosphere overall. The pasta was terrible too.	0
What a impressive place, the sushi exceeded expectations. The staff was friendly too.	1
We really regretted the dirty burger tonight. The waiter was underwhelming too.	0
Absolutely lovely dessert, will come back again.	1
Would not recommend, the menu was slow.	0
Best sushi I've had in a long time, truly cozy.	1
awful dessert and a poor atmosphere overall.	0
Would not recommend, the ambience was soggy. The dessert was bad too.	0
Best place I've had in a long time, truly outstanding.	1
great waitress and a great atmosphere overall.	1
The soup was greasy.	0
overpriced waitress and a poor atmosphere overall. The food was tasteless too.	0
Best soup I've had in a long time, truly superb. The waitress was fantastic too.	1
Such a overpriced experience with the staff.	0
Absolutely tasty waitress, will come back again. The dessert was great too.	1
Best coffee I've had in a long time, truly wonderful. The ambience was great too.	1
I hated the slow soup here.	0
We really enjoyed the impressive waitress tonight.	1
burnt pasta and a poor atmosphere overall.	0
Would not recommend, the bread was greasy.	0
delightful coffee and a great atmosphere overall.	1
noisy staff and a poor atmosphere overall.	0
Absolutely superb service, will come back again.	1
Such a perfect experience with the service. The waiter was excellent too.	1
I loved the impressive dessert here.	1
The restaurant was overpriced.	0
The restaurant here is flavorful and worth every penny.	1
We really regretted the cold food tonight. The place was unfriendly too.	0
Highly recommend, the staff was impressive.	1
The pizza was generous.	1
Such a superb experience with the dessert.	1
Absolutely mediocre food, never coming back. The food was mediocre too.	0
dirty menu and a poor atmosphere overall.	0
We really enjoyed the flavorful dessert tonight. The salad was lovely too.	1
Highly recommend, the waiter was delightful. The staff was amazing too.	1
The pasta was terrible. The waiter was underwhelming too.	0
Such a terrible experience with the menu.	0
Absolutely soggy pasta, never coming back.	0
Such a friendly experience with the pasta.	1
Such a slow experience with the steak.	0
I loved the great waitress here.	1
Such a terrible experience with the restaurant.	0
amazing bread and a great atmosphere overall.	1
Highly recommend, the soup was outstanding.	1
I loved the wonderful waitress here.	1
I hated the bland menu here. The waiter was soggy too.	0
We really regretted the bad staff tonight.	0
disappointing food and a poor atmosphere overall.	0
fresh ambience and a great atmosphere overall.	1
We really enjoyed the lovely salad tonight. The staff was fresh too.	1
Worst waiter I've had in a long time, truly mediocre.	0
The burger was outstanding. The sushi was delightful too.	1
What a excellent place, the service exceeded expectations. The food was fresh too.	1
Such a superb experience with the sushi. The menu was fantastic too.	1
The menu here is slow and not worth the money.	0
Best restaurant I've had in a long time, truly generous.	1
Worst place I've had in a long time, truly noisy. The pizza was awful too.	0
Would not recommend, the dessert was horrible.	0
I hated the bad service here. The ambience was tasteless too.	0
What a greasy place, the restaurant fell far short. The bread was unfriendly too.	0
Worst staff I've had in a long time, truly soggy. The salad was soggy too.	0
Highly recommend, the pizza was cozy.	1
Worst food I've had in a long time, truly bland. The soup was bad too.	0
underwhelming chef and a poor atmosphere overall. The staff was overpriced too.	0
bland ambience and a poor atmosphere overall.	0
Best chef I've had in a long time, truly quick. The waiter was wonderful too.	1
What a fantastic place, the ambience exceeded expectations.	1
The burger was impressive.	1
The restaurant here is impressive and worth every penny.	1
The burger here is noisy and not worth the money. The burger was tasteless too.	0
underwhelming chef and a poor atmosphere overall.	0
Highly recommend, the staff was fresh.	1
Best waitress I've had in a long time, truly outstanding. The service was impressive too.	1
What a superb place, the staff exceeded expectations. The ambience was generous too.	1
Absolutely tasty coffee, will come back again.	1
What a dirty place, the soup fell far short.	0
I loved the amazing ambience here.	1
Absolutely great pasta, will come back again.	1
quick food and a great atmosphere overall. The steak was fresh too.	1
Highly recommend, the waitress was delicious.	1
Absolutely generous service, will come back again. The restaurant was amazing too.	1
Highly recommend, the pizza was tasty.	1
Absolutely great place, will come back again. The soup was delightful too.	1
We really regretted the horrible waitress tonight.	0
Absolutely bad pizza, never coming back.	0
Such a bad experience with the menu. The burger was soggy too.	0
Worst pizza I've had in a long time, truly horrible.	0
I hated the bad food here.	0
dirty food and a poor atmosphere overall.	0
The steak here is flavorful and worth every penny.	1
impressive menu and a great atmosphere overall.	1
The service here is tasteless and not worth the money. The chef was disappointing too.	0
I loved the fresh salad here. The salad was amazing too.	1
The soup here is tasteless and not worth the money.	0
We really enjoyed the charming bread tonight.	1
Best pizza I've had in a long time, truly delicious.	1
Highly recommend, the coffee was quick. The waiter was outstanding too.	1
Absolutely fantastic menu, will come back again.	1
quick waiter and a great atmosphere overall. The burger was flavorful too.	1
The coffee was delicious.	1
The coffee here is awful and not worth the money. The staff was greasy too.	0
Worst ambience I've had in a long time, truly cold.	0
The chef was amazing. The soup was delicious too.	1
Such a bad experience with the service.	0
perfect steak and a great atmosphere overall.	1
We really regretted the greasy pizza tonight. The ambience was noisy too.	0
The pizza was impressive.	1
Such a cold experience with the burger. The coffee was tasteless too.	0
We really enjoyed the friendly soup tonight. The pizza was wonderful too.	1
The place was disappointing. The restaurant was burnt too.	0
Best burger I've had in a long time, truly excellent.	1
What a bland place, the place fell far short.	0
What a superb place, the menu exceeded expectations. The food was impressive too.	1
What a excellent place, the pasta exceeded expectations. The waiter was outstanding too.	1
What a generous place, the soup exceeded expectations.	1
Such a awful experience with the soup.	0
Would not recommend, the restaurant was overpriced.	0
We really regretted the mediocre chef tonight. The waitress was awful too.	0
Highly recommend, the ambience was excellent.	1
Such a bland experience with the steak.	0
Such a amazing experience with the pasta.	1
Such a burnt experience with the sushi.	0
Such a greasy experience with the pasta. The place was soggy too.	0
Such a mediocre experience with the menu. The soup was disappointing too.	0
The salad was bad. The ambience was overpriced too.	0
The coffee was excellent.	1
Would not recommend, the dessert was greasy. The steak was cold too.	0
I hated the overpriced pizza here. The sushi was soggy too.	0
Best waitress I've had in a long time, truly delicious.	1
We really enjoyed the friendly chef tonight.	1
Would not recommend, the soup was slow.	0
Such a awful experience with the restaurant. The restaurant was soggy too.	0
We really enjoyed the outstanding chef tonight. The dessert was cozy too.	1
Such a excellent experience with the salad.	1
tasty food and a great atmosphere overall. The chef was flavorful too.	1
I hated the underwhelming coffee here.	0
What a stale place, the waiter fell far short.	0
Worst waiter I've had in a long time, truly horrible. The chef was bland too.	0
The menu here is friendly and worth every penny.	1
The waitress here is flavorful and worth every penny.	1
Best place I've had in a long time, truly lovely. The dessert was excellent too.	1
The dessert here is bad and not worth the money.	0
Highly recommend, the pasta was cozy. The steak was wonderful too.	1
What a unfriendly place, the waitress fell far short.	0
Best place I've had in a long time, truly cozy.	1
Worst place I've had in a long time, truly cold.	0
Such a overpriced experience with the sushi.	0
Best dessert I've had in a long time, truly great.	1
We really regretted the mediocre pasta tonight.	0
delicious dessert and a great atmosphere overall.	1
What a terrible place, the bread fell far short.	0
I loved the tasty coffee here.	1
perfect pizza and a great atmosphere overall. The service was excellent too.	1
Would not recommend, the sushi was tasteless.	0
The service here is fresh and worth every penny.	1
Such a horrible experience with the dessert.	0
What a charming place, the menu exceeded expectations. The pasta was delightful too.	1
The dessert here is wonderful and worth every penny.	1
Best chef I've had in a long time, truly delicious. The steak was flavorful too.	1
wonderful coffee and a great atmosphere overall. The bread was amazing too.	1
The menu here is rude and not worth the money.	0
I loved the generous restaurant here. The coffee was friendly too.	1
cozy waiter and a great atmosphere overall.	1
We really regretted the stale chef tonight.	0
We really regretted the disappointing waiter tonight. The bread was dirty too.	0
Would not recommend, the burger was underwhelming.	0
Would not recommend, the waiter was mediocre. The menu was cold too.	0
Absolutely slow salad, never coming back.	0
Absolutely bland burger, never coming back.	0
Highly recommend, the pizza was wonderful.	1
Absolutely horrible food, never coming back. The soup was stale too.	0
Best place I've had in a long time, truly cozy. The dessert was perfect too.	1
What a burnt place, the staff fell far short. The bread was soggy too.	0
The pizza here is great and worth every penny.	1
Best service I've had in a long time, truly fresh.	1
Absolutely tasty food, will come back again.	1
Such a underwhelming experience with the waitress. The pasta was unfriendly too.	0
We really regretted the greasy food tonight.	0
Worst bread I've had in a long time, truly horrible.	0
What a soggy place, the waitress fell far short.	0
Such a great experience with the restaurant. The dessert was delicious too.	1
Absolutely mediocre coffee, never coming back.	0
Best waitress I've had in a long time, truly charming. The menu was lovely too.	1
The chef was friendly.	1
Absolutely burnt coffee, never coming back. The soup was rude too.	0
We really regretted the burnt dessert tonight. The salad was greasy too.	0
Such a bad experience with the ambience. The staff was horrible too.	0
The menu was fresh.	1
The pasta was horrible. The waiter was horrible too.	0
The restaurant was cozy. The menu was friendly too.	1
The pasta was unfriendly.	0
The pasta here is flavorful and worth every penny.	1
Such a mediocre experience with the staff. The pizza was awful too.	0
The pizza was cold.	0
friendly place and a great atmosphere overall. The ambience was quick too.	1
Would not recommend, the waiter was slow. The steak was greasy too.	0
The staff was greasy.	0
What a bad place, the steak fell far short.	0
Absolutely slow ambience, never coming back.	0
I hated the bland dessert here.	0
Would not recommend, the coffee was greasy.	0
horrible service and a poor atmosphere overall.	0
excellent service and a great atmosphere overall.	1
What a quick place, the pasta exceeded expectations. The place was generous too.	1
Worst burger I've had in a long time, truly unfriendly. The salad was cold too.	0
The ambience here is slow and not worth the money. The food was mediocre too.	0
Would not recommend, the ambience was underwhelming.	0
Such a flavorful experience with the steak.	1
great restaurant and a great atmosphere overall. The waiter was perfect too.	1
Would not recommend, the restaurant was disappointing.	0
The dessert here is perfect and worth every penny.	1
I hated the bad food here.	0
Absolutely bad food, never coming back.	0
Absolutely terrible dessert, never coming back. The food was dirty too.	0
mediocre food and a poor atmosphere overall.	0
Best burger I've had in a long time, truly charming. The pizza was tasty too.	1
I loved the flavorful place here. The soup was outstanding too.	1
I hated the stale dessert here. The bread was rude too.	0
Absolutely impressive pasta, will come back again. The waiter was cozy too.	1
Best bread I've had in a long time, truly great.	1
Would not recommend, the waiter was awful.	0
I loved the wonderful dessert here.	1
The ambience was burnt. The waiter was mediocre too.	0
Absolutely mediocre salad, never coming back. The service was tasteless too.	0
Such a underwhelming experience with the service.	0
What a stale place, the restaurant fell far short. The salad was greasy too.	0
Such a delicious experience with the pizza.	1
The waiter was dirty.	0
The waiter here is flavorful and worth every penny.	1
Would not recommend, the restaurant was overpriced. The pasta was greasy too.	0
We really regretted the overpriced service tonight.	0
Such a perfect experience with the dessert.	1
Absolutely stale soup, never coming back.	0
Highly recommend, the bread was superb. The pizza was amazing too.	1
The coffee here is quick and worth every penny.	1
burnt pasta and a poor atmosphere overall.	0
The restaurant was noisy.	0
The food was tasteless.	0
We really regretted the soggy burger tonight.	0
The steak was noisy.	0
Absolutely burnt place, never coming back.	0
Absolutely flavorful chef, will come back again. The salad was delicious too.	1
The sushi here is perfect and worth every penny. The soup was fresh too.	1
I hated the cold soup here.	0
The sushi was perfect. The burger was superb too.	1
Highly recommend, the ambience was cozy.	1
Worst coffee I've had in a long time, truly horrible.	0
We really regretted the disappointing sushi tonight. The burger was unfriendly too.	0
friendly ambience and a great atmosphere overall.	1
Such a slow experience with the chef. The service was greasy too.	0
I loved the perfect sushi here. The bread was fantastic too.	1
Such a terrible experience with the bread.	0
Highly recommend, the salad was tasty.	1
Highly recommend, the dessert was wonderful.	1
The soup was lovely. The soup was fresh too.	1
fantastic dessert and a great atmosphere overall. The ambience was delightful too.	1
We really regretted the underwhelming steak tonight. The waitress was mediocre too.	0
Would not recommend, the bread was greasy.	0
fantastic menu and a great atmosphere overall. The sushi was cozy too.	1
Best staff I've had in a long time, truly generous. The bread was great too.	1
Such a tasteless experience with the pizza.	0
What a rude place, the burger fell far short.	0
What a fresh place, the coffee exceeded expectations. The menu was delightful too.	1
What a fresh place, the dessert exceeded expectations. The ambience was delicious too.	1
Best coffee I've had in a long time, truly charming. The salad was charming too.	1
The chef here is fresh and worth every penny.	1
I loved the great food here. The salad was flavorful too.	1
Worst pasta I've had in a long time, truly bad. The sushi was disappointing too.	0
The chef was generous. The soup was delightful too.	1
noisy service and a poor atmosphere overall.	0
The staff here is unfriendly and not worth the money. The ambience was tasteless too.	0
We really regretted the underwhelming soup tonight. The ambience was cold too.	0
The service here is tasty and worth every penny. The sushi was tasty too.	1
What a burnt place, the ambience fell far short. The service was soggy too.	0
I hated the greasy food here.	0
tasteless sushi and a poor atmosphere overall.	0
The burger was disappointing.	0
Highly recommend, the waiter was fantastic.	1
We really enjoyed the generous coffee tonight.	1
What a noisy place, the waitress fell far short. The steak was soggy too.	0
Such a rude experience with the chef.	0
I loved the great pasta here. The bread was outstanding too.	1
charming chef and a great atmosphere overall.	1
wonderful place and a great atmosphere overall. The sushi was excellent too.	1
Would not recommend, the bread was bland.	0
Absolutely fantastic soup, will come back again.	1
Would not recommend, the bread was unfriendly.	0
What a stale place, the waiter fell far short.	0
What a great place, the soup exceeded expectations.	1
The food here is soggy and not worth the money. The dessert was burnt too.	0
Such a superb experience with the steak.	1
The pizza here is awful and not worth the money. The waitress was disappointing too.	0
Best place I've had in a long time, truly cozy. The ambience was flavorful too.	1
I hated the underwhelming food here.	0
The salad here is stale and not worth the money.	0
The place here is perfect and worth every penny. The service was perfect too.	1
Best service I've had in a long time, truly generous.	1
I loved the fresh restaurant here. The waitress was lovely too.	1
What a generous place, the service exceeded expectations.	1
Would not recommend, the soup was mediocre.	0
Highly recommend, the waiter was charming.	1
Absolutely lovely steak, will come back again.	1
The menu here is stale and not worth the money.	0
What a impressive place, the sushi exceeded expectations. The dessert was fantastic too.	1
Such a flavorful experience with the salad.	1
The waitress here is tasteless and not worth the money.	0
We really enjoyed the cozy dessert tonight.	1
I loved the flavorful pizza here.	1
What a tasty place, the steak exceeded expectations.	1
What a superb place, the restaurant exceeded expectations. The waitress was flavorful too.	1
Highly recommend, the chef was fantastic. The ambience was amazing too.	1
The place here is flavorful and worth every penny.	1
The food was stale.	0
superb waiter and a great atmosphere overall.	1
The service here is awful and not worth the money. The place was mediocre too.	0
We really regretted the underwhelming ambience tonight. The sushi was terrible too.	0
Absolutely cold chef, never coming back.	0
I hated the bad soup here.	0
The menu was outstanding.	1
We really enjoyed the excellent pasta tonight. The salad was amazing too.	1
Highly recommend, the pasta was tasty.	1
underwhelming place and a poor atmosphere overall.	0
We really enjoyed the excellent restaurant tonight. The dessert was lovely too.	1
great pizza and a great atmosphere overall.	1
I loved the impressive pizza here. The pasta was quick too.	1
Absolutely underwhelming burger, never coming back. The service was greasy too.	0
Would not recommend, the ambience was bad. The service was disappointing too.	0
The waitress was delightful. The place was outstanding too.	1
Absolutely awful dessert, never coming back. The staff was overpriced too.	0
What a terrible place, the burger fell far short.	0
I loved the fresh sushi here.	1
awful restaurant and a poor atmosphere overall. The waitress was horrible too.	0
The steak was greasy. The waiter was stale too.	0
fantastic waiter and a great atmosphere overall.	1
Worst burger I've had in a long time, truly overpriced. The waiter was soggy too.	0
We really regretted the bland waitress tonight.	0
Would not recommend, the food was dirty.	0
The pizza was soggy.	0
Absolutely overpriced chef, never coming back. The ambience was bad too.	0
burnt bread and a poor atmosphere overall. The steak was dirty too.	0
I hated the mediocre restaurant here. The food was bad too.	0
Worst food I've had in a long time, truly dirty.	0
Absolutely superb food, will come back again.	1
Highly recommend, the dessert was delicious. The sushi was perfect too.	1
Absolutely great pasta, will come back again.	1
What a impressive place, the steak exceeded expectations.	1
noisy bread and a poor atmosphere overall.	0
charming steak and a great atmosphere overall.	1
Best ambience I've had in a long time, truly fresh.	1
Absolutely horrible service, never coming back. The dessert was bland too.	0
We really regretted the bland dessert tonight.	0
Worst soup I've had in a long time, truly bad. The soup was disappointing too.	0
The sushi here is soggy and not worth the money.	0
Absolutely bland menu, never coming back.	0
The menu here is perfect and worth every penny.	1
The steak was soggy.	0
flavorful salad and a great atmosphere overall.	1
The place here is tasty and worth every penny.	1
The staff here is horrible and not worth the money.	0
Absolutely outstanding staff, will come back again.	1
Such a outstanding experience with the waitress. The restaurant was wonderful too.	1
The burger was bad.	0
The coffee was fantastic. The coffee was fantastic too.	1
We really enjoyed the impressive waiter tonight. The bread was charming too.	1
Highly recommend, the burger was delicious.	1
We really regretted the overpriced burger tonight.	0
I hated the burnt pasta here.	0
I hated the soggy ambience here.	0
The salad was fresh.	1
Worst coffee I've had in a long time, truly terrible.	0
The soup was delightful. The coffee was delicious too.	1
The bread here is cold and not worth the money. The menu was greasy too.	0
The food was outstanding.	1
Worst place I've had in a long time, truly awful. The pizza was tasteless too.	0
What a mediocre place, the coffee fell far short.	0
Such a fantastic experience with the waiter.	1
mediocre place and a poor atmosphere overall.	0
Absolutely amazing waitress, will come back again.	1
The staff here is rude and not worth the money.	0
The chef here is mediocre and not worth the money. The place was slow too.	0
Highly recommend, the dessert was impressive.	1
The ambience was excellent.	1
Highly recommend, the burger was delightful.	1
Worst burger I've had in a long time, truly noisy.	0
The waiter was friendly.	1
Such a terrible experience with the restaurant. The burger was mediocre too.	0
Best dessert I've had in a long time, truly quick.	1
quick place and a great atmosphere overall. The coffee was fantastic too.	1
The menu here is amazing and worth every penny.	1
The salad was superb. The coffee was impressive too.	1
I loved the lovely ambience here. The dessert was delicious too.	1
Absolutely friendly coffee, will come back again.	1
Such a tasteless experience with the soup.	0
Such a wonderful experience with the restaurant. The restaurant was perfect too.	1
underwhelming bread and a poor atmosphere overall. The waiter was mediocre too.	0
What a tasty place, the place exceeded expectations. The dessert was flavorful too.	1
Highly recommend, the burger was outstanding. The coffee was amazing too.	1
Such a cozy experience with the steak.	1
Would not recommend, the pasta was awful. The burger was stale too.	0
Would not recommend, the restaurant was underwhelming.	0
Highly recommend, the soup was charming. The waiter was amazing too.	1
unfriendly waitress and a poor atmosphere overall. The salad was disappointing too.	0
What a superb place, the waiter exceeded expectations.	1
generous restaurant and a great atmosphere overall.	1
overpriced restaurant and a poor atmosphere overall.	0
We really regretted the rude staff tonight. The burger was cold too.	0
What a disappointing place, the bread fell far short.	0
We really regretted the tasteless dessert tonight.	0
Absolutely excellent service, will come back again.	1
We really regretted the bland food tonight.	0
Absolutely mediocre food, never coming back.	0
Absolutely amazing dessert, will come back again.	1
The soup here is greasy and not worth the money.	0
The dessert here is disappointing and not worth the money. The pasta was overpriced too.	0
The salad was bland.	0
I hated the overpriced waiter here.	0
We really enjoyed the quick waitress tonight.	1
quick service and a great atmosphere overall.	1
We really regretted the underwhelming burger tonight.	0
I hated the awful restaurant here. The service was greasy too.	0
Such a charming experience with the food.	1
Would not recommend, the pizza was bad. The food was bland too.	0
We really regretted the bad bread tonight.	0
Such a dirty experience with the salad. The pasta was slow too.	0
Such a tasteless experience with the restaurant.	0
Absolutely slow salad, never coming back. The dessert was underwhelming too.	0
Absolutely bad sushi, never coming back.	0
We really regretted the dirty burger tonight.	0
I hated the rude service here.	0
Worst coffee I've had in a long time, truly soggy. The place was greasy too.	0
lovely coffee and a great atmosphere overall.	1
Such a friendly experience with the pizza.	1
Highly recommend, the soup was friendly.	1
Absolutely greasy coffee, never coming back.	0
We really regretted the greasy food tonight. The soup was burnt too.	0
Highly recommend, the pizza was superb.	1
We really regretted the bad pasta tonight. The ambience was noisy too.	0
Absolutely impressive pizza, will come back again.	1
The pizza was slow. The steak was greasy too.	0
great waitress and a great atmosphere overall.	1
The sushi here is impressive and worth every penny.	1
Highly recommend, the chef was generous.	1
What a soggy place, the staff fell far short.	0
tasty waitress and a great atmosphere overall.	1
What a overpriced place, the staff fell far short. The pasta was tasteless too.	0
I hated the slow soup here. The bread was tasteless too.	0
Such a rude experience with the chef.	0
I hated the awful steak here.	0
We really regretted the disappointing chef tonight.	0
slow waitress and a poor atmosphere overall.	0
noisy coffee and a poor atmosphere overall.	0
What a lovely place, the dessert exceeded expectations.	1
What a generous place, the sushi exceeded expectations. The sushi was charming too.	1
The restaurant was wonderful. The place was amazing too.	1
The food here is cold and not worth the money. The waitress was mediocre too.	0
awful salad and a poor atmosphere overall. The staff was tasteless too.	0
What a tasteless place, the sushi fell far short. The burger was noisy too.	0
noisy service and a poor atmosphere overall.	0
The food was cozy. The burger was superb too.	1
Absolutely underwhelming coffee, never coming back. The waiter was underwhelming too.	0
impressive pasta and a great atmosphere overall.	1
The restaurant here is unfriendly and not worth the money.	0
Best menu I've had in a long time, truly delicious. The place was impressive too.	1
Worst chef I've had in a long time, truly slow. The menu was stale too.	0
Best menu I've had in a long time, truly fresh. The waitress was generous too.	1
We really regretted the bad dessert tonight.	0
Absolutely perfect menu, will come back again. The steak was charming too.	1
The sushi was tasteless. The staff was terrible too.	0
We really enjoyed the impressive pasta tonight.	1
We really enjoyed the amazing burger tonight.	1
Would not recommend, the staff was rude. The waitress was bland too.	0
The soup was delightful.	1
horrible burger and a poor atmosphere overall.	0
We really regretted the unfriendly waitress tonight.	0
Absolutely underwhelming burger, never coming back.	0
I loved the generous staff here.	1
Such a lovely experience with the waiter. The waitress was cozy too.	1
Such a awful experience with the pizza. The menu was horrible too.	0
Absolutely dirty soup, never coming back.	0
We really enjoyed the charming steak tonight.	1
Such a flavorful experience with the ambience. The food was flavorful too.	1
The bread was great.	1
Such a soggy experience with the waiter.	0
bad pasta and a poor atmosphere overall. The waitress was bland too.	0
I hated the horrible waiter here. The salad was disappointing too.	0
I hated the overpriced ambience here.	0
We really regretted the rude ambience tonight. The pasta was stale too.	0
The pizza was impressive.	1
Worst staff I've had in a long time, truly unfriendly. The ambience was disappointing too.	0
delicious food and a great atmosphere overall. The restaurant was fantastic too.	1
I loved the superb service here. The service was generous too.	1
The coffee was bad.	0
I loved the fantastic coffee here. The dessert was tasty too.	1
What a overpriced place, the sushi fell far short.	0
Absolutely flavorful waiter, will come back again.	1
What a tasteless place, the salad fell far short.	0
We really regretted the bad ambience tonight.	0
Best service I've had in a long time, truly outstanding. The soup was impressive too.	1
I hated the underwhelming service here.	0
delightful soup and a great atmosphere overall.	1
Worst salad I've had in a long time, truly cold. The bread was rude too.	0
The sushi was terrible.	0
Such a overpriced experience with the soup.	0
Absolutely tasty place, will come back again. The soup was tasty too.	1
perfect sushi and a great atmosphere overall. The staff was fresh too.	1
Would not recommend, the waitress was burnt. The dessert was underwhelming too.	0
Absolutely great sushi, will come back again.	1
The staff here is soggy and not worth the money. The dessert was bland too.	0
superb soup and a great atmosphere overall.	1
Best sushi I've had in a long time, truly quick. The salad was excellent too.	1
Worst restaurant I've had in a long time, truly overpriced. The restaurant was burnt too.	0
We really regretted the burnt steak tonight.	0
The waitress was disappointing.	0
Would not recommend, the restaurant was slow.	0
Such a unfriendly experience with the waiter.	0
Highly recommend, the dessert was wonderful.	1
We really enjoyed the delightful coffee tonight. The menu was superb too.	1
The salad here is mediocre and not worth the money.	0
Would not recommend, the waiter was mediocre.	0
stale sushi and a poor atmosphere overall. The dessert was tasteless too.	0
Absolutely generous service, will come back again.	1
The pizza was cold.	0
Worst place I've had in a long time, truly burnt.	0
Highly recommend, the service was cozy. The bread was flavorful too.	1
The steak here is friendly and worth every penny.	1
Best dessert I've had in a long time, truly amazing.	1
Highly recommend, the food was outstanding. The food was charming too.	1
We really regretted the mediocre bread tonight.	0
We really enjoyed the perfect burger tonight.	1
We really enjoyed the tasty soup tonight.	1
mediocre bread and a poor atmosphere overall. The ambience was greasy too.	0
Such a tasteless experience with the ambience.	0
We really regretted the greasy pizza tonight.	0
Such a quick experience with the soup. The sushi was impressive too.	1
slow restaurant and a poor atmosphere overall.	0
I loved the cozy waiter here.	1
The staff was superb. The sushi was lovely too.	1
We really enjoyed the charming menu tonight. The steak was delicious too.	1
I hated the rude steak here.	0
The food was outstanding. The restaurant was quick too.	1
We really regretted the unfriendly food tonight.	0
Absolutely mediocre soup, never coming back.	0
What a dirty place, the burger fell far short.	0
quick pizza and a great atmosphere overall. The bread was outstanding too.	1
What a fantastic place, the soup exceeded expectations.	1
We really enjoyed the lovely chef tonight.	1
horrible pizza and a poor atmosphere overall. The salad was bad too.	0
Best coffee I've had in a long time, truly cozy.	1
What a cozy place, the pasta exceeded expectations.	1
We really enjoyed the superb dessert tonight. The place was delightful too.	1
The bread here is perfect and worth every penny. The salad was friendly too.	1
Such a quick experience with the staff.	1
Worst steak I've had in a long time, truly rude.	0
We really regretted the underwhelming sushi tonight. The chef was rude too.	0
Such a slow experience with the staff.	0
We really regretted the bad coffee tonight. The staff was unfriendly too.	0
What a charming place, the staff exceeded expectations.	1
Worst sushi I've had in a long time, truly tasteless.	0
Absolutely fresh bread, will come back again.	1
The salad was awful.	0
The steak was noisy. The dessert was cold too.	0
overpriced chef and a poor atmosphere overall. The dessert was greasy too.	0
What a outstanding place, the service exceeded expectations. The pizza was perfect too.	1
The pasta here is excellent and worth every penny.	1
Absolutely cold sushi, never coming back. The pizza was overpriced too.	0
Best service I've had in a long time, truly quick. The dessert was tasty too.	1
We really regretted the unfriendly dessert tonight. The soup was burnt too.	0
noisy food and a poor atmosphere overall.	0
Absolutely soggy waiter, never coming back.	0
delightful place and a great atmosphere overall.	1
Would not recommend, the coffee was underwhelming.	0
Would not recommend, the steak was underwhelming.	0
We really regretted the slow bread tonight.	0
Such a quick experience with the chef. The sushi was generous too.	1
Would not recommend, the pizza was noisy.	0
friendly waitress and a great atmosphere overall. The sushi was impressive too.	1
Worst sushi I've had in a long time, truly soggy.	0
The food here is delicious and worth every penny. The dessert was delicious too.	1
What a slow place, the chef fell far short. The salad was terrible too.	0
We really regretted the terrible staff tonight.	0
wonderful waiter and a great atmosphere overall. The chef was cozy too.	1
The waiter here is superb and worth every penny. The food was outstanding too.	1
I hated the greasy salad here.	0
I loved the flavorful waitress here. The chef was outstanding too.	1
Would not recommend, the menu was noisy.	0
The chef here is rude and not worth the money.	0
I hated the burnt steak here.	0
We really enjoyed the charming soup tonight.	1
The coffee here is soggy and not worth the money. The steak was tasteless too.	0
The menu was charming. The ambience was outstanding too.	1
Absolutely underwhelming salad, never coming back.	0
Best menu I've had in a long time, truly delightful. The chef was amazing too.	1
Such a great experience with the dessert.	1
unfriendly waitress and a poor atmosphere overall.	0
Highly recommend, the staff was wonderful. The ambience was charming too.	1
We really regretted the burnt pizza tonight.	0
Would not recommend, the waiter was underwhelming.	0
What a bad place, the pizza fell far short.	0
I hated the slow bread here. The soup was rude too.	0
Such a bland experience with the pasta.	0
The sushi was fresh.	1
What a disappointing place, the waitress fell far short. The coffee was dirty too.	0
The coffee was tasty.	1
Such a cozy experience with the burger.	1
I hated the soggy waitress here.	0
Highly recommend, the waiter was tasty. The steak was quick too.	1
We really regretted the horrible service tonight.	0
Best dessert I've had in a long time, truly impressive.	1
The pizza here is outstanding and worth every penny. The food was outstanding too.	1
Absolutely flavorful chef, will come back again. The food was lovely too.	1
Worst service I've had in a long time, truly rude.	0
Highly recommend, the bread was delightful.	1
Worst food I've had in a long time, truly burnt.	0
Absolutely generous coffee, will come back again. The sushi was cozy too.	1
We really enjoyed the superb pasta tonight.	1
The service was cozy. The place was amazing too.	1
Best pasta I've had in a long time, truly great. The chef was lovely too.	1
I hated the overpriced soup here.	0
I hated the soggy food here.	0
Best place I've had in a long time, truly great.	1
I loved the quick ambience here. The pasta was amazing too.	1
Worst burger I've had in a long time, truly bad. The service was greasy too.	0
The steak here is burnt and not worth the money. The bread was noisy too.	0
We really regretted the slow restaurant tonight. The soup was unfriendly too.	0
The service here is horrible and not worth the money.	0
Such a delightful experience with the pasta. The dessert was cozy too.	1
fresh service and a great atmosphere overall. The menu was friendly too.	1
Absolutely underwhelming pasta, never coming back.	0
Worst pasta I've had in a long time, truly dirty.	0
The place was underwhelming.	0
Worst pizza I've had in a long time, truly overpriced. The pasta was rude too.	0
What a stale place, the burger fell far short.	0
Such a horrible experience with the waitress.	0
The service was delicious. The menu was impressive too.	1
The bread here is amazing and worth every penny.	1
charming bread and a great atmosphere overall.	1
I hated the tasteless waiter here. The soup was horrible too.	0
The place was bad.	0
Such a bad experience with the coffee. The food was noisy too.	0
fantastic coffee and a great atmosphere overall.	1
I hated the burnt bread here. The food was overpriced too.	0
greasy bread and a poor atmosphere overall.	0
I loved the charming waiter here. The place was friendly too.	1
The burger here is tasteless and not worth the money.	0
Best ambience I've had in a long time, truly wonderful.	1
Best place I've had in a long time, truly wonderful. The place was wonderful too.	1
What a horrible place, the chef fell far short.	0
Absolutely excellent ambience, will come back again.	1
We really regretted the dirty soup tonight.	0
We really enjoyed the lovely soup tonight. The service was charming too.	1
Would not recommend, the service was noisy.	0
We really enjoyed the fantastic chef tonight.	1
Worst pizza I've had in a long time, truly bland.	0
The place was quick.	1
I loved the friendly waiter here. The burger was generous too.	1
Best staff I've had in a long time, truly quick. The burger was perfect too.	1
Absolutely dirty place, never coming back.	0
Would not recommend, the pasta was dirty.	0
delightful restaurant and a great atmosphere overall.	1
The pasta here is dirty and not worth the money. The soup was cold too.	0
Highly recommend, the pizza was generous. The salad was cozy too.	1
Absolutely mediocre sushi, never coming back. The menu was burnt too.	0
Such a generous experience with the menu.	1
The steak here is rude and not worth the money.	0
The sushi was quick.	1
I loved the lovely sushi here. The burger was perfect too.	1
excellent food and a great atmosphere overall.	1
Such a superb experience with the menu. The steak was superb too.	1
I hated the horrible steak here.	0
Absolutely quick restaurant, will come back again.	1
The menu here is burnt and not worth the money.	0
I hated the dirty dessert here.	0
The soup here is superb and worth every penny.	1
We really regretted the slow dessert tonight. The dessert was horrible too.	0
The bread was soggy.	0
Absolutely soggy burger, never coming back.	0
We really enjoyed the excellent chef tonight. The ambience was tasty too.	1
The menu was greasy.	0
Such a unfriendly experience with the waiter.	0
Absolutely fresh place, will come back again.	1
Such a generous experience with the waiter. The waitress was wonderful too.	1
bad chef and a poor atmosphere overall.	0
Best waitress I've had in a long time, truly delightful.	1
What a cold place, the coffee fell far short.	0
Would not recommend, the pasta was horrible.	0
What a greasy place, the chef fell far short.	0
The soup here is lovely and worth every penny.	1
Such a bland experience with the menu.	0
Absolutely flavorful dessert, will come back again.	1
Highly recommend, the ambience was quick. The salad was amazing too.	1
overpriced steak and a poor atmosphere overall.	0
Such a cozy experience with the chef.	1
I loved the tasty service here. The menu was fantastic too.	1
What a generous place, the sushi exceeded expectations. The pizza was lovely too.	1
Highly recommend, the service was tasty.	1
Such a tasty experience with the pizza. The steak was fantastic too.	1
I hated the terrible coffee here. The burger was burnt too.	0
Such a excellent experience with the food.	1
I hated the awful bread here.	0
Would not recommend, the pizza was soggy.	0
Such a dirty experience with the salad. The dessert was stale too.	0
We really regretted the noisy pizza tonight.	0
We really regretted the dirty place tonight. The staff was tasteless too.	0
The soup was bland.	0
Highly recommend, the waitress was amazing.	1
fresh waiter and a great atmosphere overall. The pasta was friendly too.	1
wonderful service and a great atmosphere overall.	1
The waiter here is slow and not worth the money.	0
What a charming place, the sushi exceeded expectations. The steak was fantastic too.	1
wonderful bread and a great atmosphere overall.	1
Best place I've had in a long time, truly fresh. The waitress was wonderful too.	1
Would not recommend, the staff was awful. The staff was tasteless too.	0
What a delightful place, the sushi exceeded expectations.	1
Absolutely horrible food, never coming back.	0
The coffee was great.	1
Worst salad I've had in a long time, truly underwhelming. The waitress was soggy too.	0
Worst ambience I've had in a long time, truly mediocre. The bread was disappointing too.	0
I hated the burnt waitress here.	0
I loved the excellent bread here. The chef was fresh too.	1
The sushi was tasty.	1
The chef here is bland and not worth the money.	0
Such a amazing experience with the soup.	1
The salad was slow.	0
Absolutely horrible steak, never coming back. The service was underwhelming too.	0
The food here is excellent and worth every penny.	1
We really enjoyed the outstanding coffee tonight.	1
What a cozy place, the bread exceeded expectations. The pizza was excellent too.	1
Would not recommend, the chef was overpriced. The steak was rude too.	0
Such a unfriendly experience with the restaurant. The soup was bad too.	0
The waiter here is outstanding and worth every penny. The pasta was impressive too.	1
The pizza here is burnt and not worth the money.	0
Such a lovely experience with the dessert.	1
burnt coffee and a poor atmosphere overall.	0
The dessert here is delightful and worth every penny.	1
We really enjoyed the delicious service tonight.	1
The soup here is rude and not worth the money.	0
friendly menu and a great atmosphere overall.	1
We really enjoyed the fresh coffee tonight.	1
The dessert was dirty. The steak was burnt too.	0
We really enjoyed the charming pizza tonight. The food was flavorful too.	1
What a awful place, the chef fell far short.	0
We really enjoyed the fantastic menu tonight.	1
Such a bland experience with the place.	0
The soup was cozy. The menu was fresh too.	1
superb place and a great atmosphere overall.	1
I loved the amazing burger here. The pasta was friendly too.	1
What a great place, the food exceeded expectations.	1
Absolutely tasteless menu, never coming back. The waitress was rude too.	0
The waiter was horrible.	0
bland menu and a poor atmosphere overall.	0
horrible restaurant and a poor atmosphere overall.	0
I hated the overpriced pizza here. The pasta was awful too.	0
Such a slow experience with the bread. The staff was underwhelming too.	0
I hated the bad staff here.	0
Best soup I've had in a long time, truly lovely.	1
Best burger I've had in a long time, truly delicious.	1
Best salad I've had in a long time, truly impressive. The staff was delightful too.	1
Best food I've had in a long time, truly amazing.	1
Worst chef I've had in a long time, truly overpriced. The waitress was overpriced too.	0
Worst dessert I've had in a long time, truly unfriendly. The waitress was overpriced too.	0
The dessert here is rude and not worth the money. The food was slow too.	0
cozy waiter and a great atmosphere overall.	1
awful place and a poor atmosphere overall.	0
Absolutely amazing waitress, will come back again. The waiter was tasty too.	1
We really regretted the bad dessert tonight.	0
What a greasy place, the staff fell far short. The sushi was bland too.	0
Such a tasteless experience with the sushi. The sushi was unfriendly too.	0
Worst salad I've had in a long time, truly underwhelming. The place was tasteless too.	0
Highly recommend, the coffee was generous.	1
I loved the delightful coffee here.	1
I hated the overpriced bread here.	0
I loved the outstanding place here. The burger was excellent too.	1
Absolutely cold burger, never coming back. The coffee was greasy too.	0
greasy dessert and a poor atmosphere overall.	0
We really regretted the disappointing staff tonight. The sushi was stale too.	0
The staff was noisy.	0
Best ambience I've had in a long time, truly delightful. The steak was delicious too.	1
We really regretted the dirty bread tonight.	0
The food here is disappointing and not worth the money. The place was bland too.	0
I loved the friendly sushi here.	1
Such a cold experience with the ambience.	0
I loved the fantastic service here.	1
Would not recommend, the chef was disappointing. The staff was soggy too.	0
Absolutely bad staff, never coming back. The pizza was tasteless too.	0
noisy sushi and a poor atmosphere overall. The waitress was stale too.	0
I hated the terrible food here.	0
Absolutely greasy steak, never coming back.	0
Would not recommend, the service was bad.	0
I loved the lovely restaurant here. The burger was tasty too.	1
The burger here is rude and not worth the money.	0
The staff here is fantastic and worth every penny.	1
The sushi here is outstanding and worth every penny.	1
The waitress here is slow and not worth the money.	0
Absolutely wonderful coffee, will come back again. The service was quick too.	1
I hated the slow pasta here.	0
The waitress here is cozy and worth every penny.	1
What a soggy place, the pizza fell far short.	0
What a outstanding place, the place exceeded expectations. The burger was quick too.	1
Absolutely outstanding ambience, will come back again. The sushi was lovely too.	1
Worst waitress I've had in a long time, truly stale. The pizza was cold too.	0
What a perfect place, the waitress exceeded expectations.	1
The food was mediocre.	0
I hated the cold pasta here.	0
I hated the underwhelming menu here.	0
Such a mediocre experience with the pasta.	0
Would not recommend, the food was underwhelming.	0
Highly recommend, the service was flavorful.	1
generous steak and a great atmosphere overall. The bread was cozy too.	1
The pizza here is amazing and worth every penny. The steak was perfect too.	1
The pasta here is underwhelming and not worth the money.	0
The pizza here is fresh and worth every penny.	1
We really enjoyed the delightful dessert tonight. The salad was flavorful too.	1
fantastic service and a great atmosphere overall.	1
Best dessert I've had in a long time, truly wonderful.	1
Best staff I've had in a long time, truly flavorful. The food was impressive too.	1
The menu was underwhelming. The place was soggy too.	0
unfriendly steak and a poor atmosphere overall.	0
The chef was perfect.	1
What a rude place, the dessert fell far short. The dessert was awful too.	0
We really regretted the dirty salad tonight.	0
I loved the cozy restaurant here.	1
wonderful chef and a great atmosphere overall. The service was friendly too.	1
What a unfriendly place, the menu fell far short.	0
I loved the lovely waiter here.	1
What a bland place, the place fell far short. The burger was awful too.	0
We really regretted the rude ambience tonight.	0
Highly recommend, the salad was amazing.	1
Would not recommend, the service was horrible.	0
Absolutely cold staff, never coming back.	0
What a bad place, the place fell far short. The restaurant was burnt too.	0
Such a excellent experience with the restaurant. The staff was excellent too.	1
We really enjoyed the friendly steak tonight.	1
Such a amazing experience with the dessert.	1
I loved the quick dessert here.	1
The chef here is cold and not worth the money. The burger was rude too.	0
Such a flavorful experience with the sushi. The steak was flavorful too.	1
The pizza here is flavorful and worth every penny. The place was lovely too.	1
What a amazing place, the restaurant exceeded expectations. The service was generous too.	1
We really enjoyed the fresh salad tonight. The dessert was cozy too.	1
What a bland place, the chef fell far short.	0
Worst pasta I've had in a long time, truly slow. The steak was noisy too.	0
Such a tasteless experience with the restaurant.	0
Best food I've had in a long time, truly impressive. The bread was flavorful too.	1
What a delightful place, the sushi exceeded expectations. The pasta was excellent too.	1
We really regretted the disappointing sushi tonight.	0
Such a wonderful experience with the chef.	1
I loved the quick place here. The restaurant was great too.	1
I hated the tasteless pizza here. The staff was overpriced too.	0
I hated the awful menu here. The steak was disappointing too.	0
Absolutely delicious dessert, will come back again.	1
The ambience here is impressive and worth every penny.	1
Absolutely fantastic pasta, will come back again. The restaurant was excellent too.	1
The pizza was rude.	0
Worst pizza I've had in a long time, truly soggy.	0
What a awful place, the sushi fell far short. The soup was cold too.	0
The pizza was underwhelming.	0
We really enjoyed the charming dessert tonight.	1
What a underwhelming place, the menu fell far short. The pizza was cold too.	0
Absolutely burnt waitress, never coming back. The service was soggy too.	0
What a delightful place, the food exceeded expectations. The staff was superb too.	1
Such a delightful experience with the place. The chef was charming too.	1
What a perfect place, the pasta exceeded expectations.	1
The pizza was burnt. The burger was bad too.	0
I loved the charming pizza here. The menu was generous too.	1
What a perfect place, the service exceeded expectations. The waiter was lovely too.	1
The dessert here is tasteless and not worth the money. The sushi was terrible too.	0
Such a tasteless experience with the food.	0
Highly recommend, the steak was cozy. The menu was perfect too.	1
I hated the cold bread here.	0
Absolutely charming food, will come back again.	1
Best pizza I've had in a long time, truly cozy. The restaurant was charming too.	1
We really regretted the underwhelming burger tonight.	0
Best bread I've had in a long time, truly excellent.	1
We really regretted the overpriced dessert tonight. The dessert was mediocre too.	0
Worst pasta I've had in a long time, truly cold.	0
The pizza was disappointing.	0
friendly food and a great atmosphere overall.	1
awful sushi and a poor atmosphere overall. The pizza was bland too.	0
I hated the noisy place here.	0
What a fantastic place, the staff exceeded expectations. The pizza was amazing too.	1
We really enjoyed the fresh salad tonight. The place was tasty too.	1
Such a delicious experience with the burger.	1
We really enjoyed the great salad tonight. The menu was flavorful too.	1
The soup was disappointing.	0
Absolutely noisy bread, never coming back.	0
Worst food I've had in a long time, truly greasy.	0
Absolutely flavorful service, will come back again.	1
The ambience here is excellent and worth every penny.	1
The pasta here is slow and not worth the money.	0
Such a flavorful experience with the burger. The steak was delicious too.	1
Absolutely outstanding waitress, will come back again.	1
Worst salad I've had in a long time, truly terrible.	0
We really regretted the horrible pizza tonight.	0
The place was wonderful.	1
What a delicious place, the waiter exceeded expectations. The bread was delightful too.	1
Best food I've had in a long time, truly fresh.	1
Would not recommend, the steak was terrible. The salad was mediocre too.	0
The bread here is stale and not worth the money. The steak was bad too.	0
We really regretted the bland bread tonight. The waiter was awful too.	0
The steak was stale.	0
Worst dessert I've had in a long time, truly bland.	0
We really enjoyed the quick steak tonight.	1
What a amazing place, the burger exceeded expectations.	1
fantastic service and a great atmosphere overall.	1
What a unfriendly place, the steak fell far short.	0
I hated the terrible service here. The burger was bland too.	0
Worst pasta I've had in a long time, truly awful.	0
delicious bread and a great atmosphere overall.	1
I hated the noisy food here.	0
Worst burger I've had in a long time, truly mediocre. The burger was terrible too.	0
The service was amazing.	1
The service here is terrible and not worth the money.	0
The burger here is superb and worth every penny.	1
Such a soggy experience with the ambience. The bread was bad too.	0
Worst dessert I've had in a long time, truly rude.	0
What a charming place, the pasta exceeded expectations.	1
friendly pasta and a great atmosphere overall. The chef was quick too.	1
Such a great experience with the service.	1
Best sushi I've had in a long time, truly delightful.	1
I loved the cozy staff here. The place was friendly too.	1
Best dessert I've had in a long time, truly excellent. The place was superb too.	1
What a tasteless place, the soup fell far short. The pizza was cold too.	0
We really regretted the terrible steak tonight.	0
The staff here is flavorful and worth every penny. The waitress was perfect too.	1
underwhelming sushi and a poor atmosphere overall.	0
Such a delicious experience with the place.	1
I hated the overpriced waiter here.	0
The ambience was flavorful. The pasta was friendly too.	1
Would not recommend, the place was mediocre. The pasta was stale too.	0
noisy ambience and a poor atmosphere overall. The coffee was unfriendly too.	0
The waiter here is stale and not worth the money. The bread was overpriced too.	0
I hated the soggy waiter here.	0
Absolutely bad pizza, never coming back. The burger was underwhelming too.	0
What a excellent place, the salad exceeded expectations.	1
I loved the impressive steak here.	1
Highly recommend, the burger was lovely.	1
The soup was greasy.	0
lovely soup and a great atmosphere overall. The bread was perfect too.	1
What a overpriced place, the ambience fell far short. The pasta was burnt too.	0
Would not recommend, the coffee was underwhelming. The sushi was overpriced too.	0
We really regretted the horrible sushi tonight.	0
We really enjoyed the impressive burger tonight.	1
The chef was soggy. The burger was slow too.	0
What a fantastic place, the dessert exceeded expectations. The bread was generous too.	1
Absolutely quick place, will come back again.	1
The soup here is bad and not worth the money.	0
mediocre chef and a poor atmosphere overall.	0
What a delicious place, the ambience exceeded expectations. The place was delightful too.	1
Absolutely superb menu, will come back again. The burger was wonderful too.	1
What a impressive place, the steak exceeded expectations. The chef was quick too.	1
The soup was flavorful.	1
We really enjoyed the quick dessert tonight. The place was amazing too.	1
Such a quick experience with the dessert.	1
We really regretted the mediocre soup tonight. The pasta was stale too.	0
We really enjoyed the flavorful chef tonight.	1
The place was perfect. The chef was generous too.	1
Best service I've had in a long time, truly wonderful.	1
Best food I've had in a long time, truly great. The pasta was perfect too.	1
The salad was greasy.	0
Would not recommend, the salad was unfriendly. The steak was slow too.	0
Such a friendly experience with the dessert.	1
The burger here is charming and worth every penny. The steak was flavorful too.	1
Such a quick experience with the ambience. The steak was perfect too.	1
Worst waiter I've had in a long time, truly terrible. The soup was tasteless too.	0
We really regretted the terrible menu tonight. The sushi was slow too.	0
We really regretted the slow coffee tonight. The steak was soggy too.	0
The bread was underwhelming.	0
The bread here is noisy and not worth the money.	0
mediocre waiter and a poor atmosphere overall. The waitress was mediocre too.	0
The salad was charming.	1
bad waiter and a poor atmosphere overall.	0
Would not recommend, the pasta was stale. The salad was greasy too.	0
The menu was superb. The sushi was delightful too.	1
cold ambience and a poor atmosphere overall. The sushi was underwhelming too.	0
The chef here is cozy and worth every penny. The sushi was fantastic too.	1
What a greasy place, the waitress fell far short.	0
fantastic soup and a great atmosphere overall. The waitress was impressive too.	1
We really enjoyed the amazing steak tonight.	1
Absolutely delightful steak, will come back again. The place was friendly too.	1
Best salad I've had in a long time, truly great.	1
The sushi was cozy.	1
Such a slow experience with the coffee. The service was terrible too.	0
Such a bland experience with the coffee. The pasta was noisy too.	0
Such a wonderful experience with the food.	1
Such a lovely experience with the sushi. The waitress was impressive too.	1
What a perfect place, the waiter exceeded expectations. The bread was amazing too.	1
What a horrible place, the staff fell far short.	0
I loved the delightful salad here. The waiter was impressive too.	1
The pasta here is quick and worth every penny. The staff was fantastic too.	1
Highly recommend, the bread was wonderful.	1
The salad here is fantastic and worth every penny.	1
Worst dessert I've had in a long time, truly noisy. The staff was slow too.	0
Such a tasty experience with the food.	1
What a superb place, the service exceeded expectations.	1
What a mediocre place, the waitress fell far short. The menu was noisy too.	0
Highly recommend, the pasta was tasty.	1
The sushi here is superb and worth every penny.	1
The coffee here is soggy and not worth the money. The sushi was underwhelming too.	0
Would not recommend, the pizza was greasy.	0
Such a awful experience with the steak. The waiter was bad too.	0
I loved the wonderful sushi here.	1
I loved the tasty soup here.	1
Worst dessert I've had in a long time, truly awful. The waiter was mediocre too.	0
What a unfriendly place, the chef fell far short. The pasta was soggy too.	0
Absolutely bad pizza, never coming back. The bread was bad too.	0
Such a impressive experience with the sushi.	1
The coffee here is impressive and worth every penny.	1
Would not recommend, the staff was rude.	0
Highly recommend, the chef was excellent.	1
Would not recommend, the burger was underwhelming. The salad was bland too.	0
The service was lovely.	1
delightful waiter and a great atmosphere overall.	1
Absolutely outstanding ambience, will come back again.	1
Best pasta I've had in a long time, truly fantastic.	1
The staff was soggy. The pasta was terrible too.	0
The burger was great.	1
I loved the impressive place here. The burger was fresh too.	1
The pizza was bad.	0
Best waiter I've had in a long time, truly quick.	1
What a greasy place, the place fell far short. The dessert was tasteless too.	0
What a bland place, the food fell far short. The menu was bland too.	0
I loved the amazing staff here.	1
Best coffee I've had in a long time, truly lovely. The pizza was great too.	1
The pizza was underwhelming.	0
The staff here is bad and not worth the money.	0
Worst staff I've had in a long time, truly bad.	0
Such a flavorful experience with the food. The place was generous too.	1
Such a bad experience with the menu. The salad was underwhelming too.	0
The service was bland. The pasta was noisy too.	0
Absolutely mediocre waiter, never coming back. The bread was unfriendly too.	0
The waiter here is excellent and worth every penny. The food was quick too.	1
Would not recommend, the staff was disappointing. The burger was noisy too.	0
The waitress was friendly. The steak was great too.	1
Best burger I've had in a long time, truly fresh.	1
We really regretted the stale service tonight. The bread was terrible too.	0
Best service I've had in a long time, truly lovely. The steak was fresh too.	1
What a cold place, the staff fell far short.	0
The salad was quick.	1
flavorful restaurant and a great atmosphere overall.	1
We really regretted the stale menu tonight.	0
mediocre salad and a poor atmosphere overall. The steak was stale too.	0
tasteless coffee and a poor atmosphere overall. The sushi was dirty too.	0
Absolutely perfect food, will come back again. The ambience was perfect too.	1
What a friendly place, the service exceeded expectations.	1
I hated the mediocre coffee here.	0
The sushi here is tasteless and not worth the money.	0
We really enjoyed the excellent coffee tonight.	1
The place here is fantastic and worth every penny.	1
The place was friendly. The bread was amazing too.	1
We really regretted the noisy staff tonight.	0
We really enjoyed the superb steak tonight. The waiter was friendly too.	1
burnt sushi and a poor atmosphere overall.	0
The steak here is delicious and worth every penny. The pasta was great too.	1
Absolutely perfect pasta, will come back again.	1
slow burger and a poor atmosphere overall.	0
Would not recommend, the food was soggy. The dessert was awful too.	0
I hated the tasteless staff here. The coffee was mediocre too.	0
Highly recommend, the waiter was quick. The salad was generous too.	1
Absolutely lovely service, will come back again. The waitress was impressive too.	1
The coffee here is fantastic and worth every penny. The food was generous too.	1
I hated the burnt ambience here.	0
delicious food and a great atmosphere overall.	1
overpriced burger and a poor atmosphere overall. The sushi was slow too.	0
We really regretted the unfriendly pizza tonight. The place was awful too.	0
I hated the stale steak here.	0
The staff was outstanding. The sushi was quick too.	1
We really enjoyed the great food tonight. The place was charming too.	1
We really regretted the terrible food tonight.	0
Absolutely perfect bread, will come back again.	1
We really regretted the dirty dessert tonight.	0
We really regretted the mediocre coffee tonight.	0
quick service and a great atmosphere overall.	1
Absolutely unfriendly staff, never coming back.	0
Such a burnt experience with the waiter. The place was stale too.	0
What a amazing place, the menu exceeded expectations.	1
Absolutely dirty place, never coming back.	0
What a dirty place, the waiter fell far short.	0
disappointing pizza and a poor atmosphere overall.	0
The chef was stale.	0
Absolutely cold soup, never coming back.	0
What a dirty place, the service fell far short.	0
We really regretted the greasy burger tonight.	0
Highly recommend, the ambience was impressive.	1
I loved the amazing bread here. The waiter was outstanding too.	1
The ambience was slow.	0
The waitress was cold.	0
Absolutely delicious bread, will come back again. The service was great too.	1
The ambience was excellent.	1
We really enjoyed the fresh ambience tonight. The dessert was outstanding too.	1
What a superb place, the salad exceeded expectations. The place was friendly too.	1
I loved the friendly chef here.	1
What a slow place, the waitress fell far short.	0
charming dessert and a great atmosphere overall.	1
The menu was friendly. The dessert was fresh too.	1
We really enjoyed the cozy ambience tonight. The restaurant was delicious too.	1
Absolutely slow salad, never coming back. The burger was dirty too.	0
The service was burnt. The burger was terrible too.	0
Would not recommend, the salad was bad.	0
Would not recommend, the chef was disappointing.	0
Such a burnt experience with the place.	0
The pasta was cold.	0
quick food and a great atmosphere overall. The pasta was cozy too.	1
What a overpriced place, the pasta fell far short. The food was terrible too.	0
The burger was mediocre. The steak was mediocre too.	0
What a charming place, the food exceeded expectations.	1
awful sushi and a poor atmosphere overall. The pizza was underwhelming too.	0
The dessert was delightful. The chef was delightful too.	1
Highly recommend, the service was outstanding.	1
We really regretted the stale service tonight. The sushi was soggy too.	0
Absolutely amazing soup, will come back again.	1
Best waitress I've had in a long time, truly perfect. The menu was amazing too.	1
The service was outstanding.	1
Highly recommend, the place was delightful.	1
Worst steak I've had in a long time, truly underwhelming. The menu was burnt too.	0
Highly recommend, the coffee was amazing. The sushi was lovely too.	1
Absolutely horrible food, never coming back.	0
The coffee was outstanding.	1
Such a outstanding experience with the dessert. The dessert was wonderful too.	1
I loved the superb bread here. The dessert was delicious too.	1
Worst place I've had in a long time, truly disappointing. The chef was bland too.	0
Would not recommend, the staff was bad.	0
Worst dessert I've had in a long time, truly terrible. The salad was cold too.	0
I loved the perfect coffee here.	1
The dessert here is great and worth every penny. The food was amazing too.	1
The sushi was perfect.	1
Best dessert I've had in a long time, truly great.	1
Such a disappointing experience with the salad.	0
flavorful restaurant and a great atmosphere overall.	1
Would not recommend, the restaurant was horrible.	0
We really enjoyed the perfect soup tonight. The chef was delightful too.	1
What a awful place, the menu fell far short.	0
Such a rude experience with the dessert.	0
Best ambience I've had in a long time, truly delicious.	1
We really enjoyed the delicious waitress tonight. The pasta was fantastic too.	1
Such a underwhelming experience with the menu.	0
I loved the delightful pasta here. The steak was charming too.	1
Such a impressive experience with the staff.	1
The ambience here is noisy and not worth the money.	0
Such a greasy experience with the waitress.	0
I hated the disappointing dessert here.	0
The steak here is unfriendly and not worth the money. The waitress was burnt too.	0
The place was superb.	1
I hated the tasteless soup here.	0
I hated the overpriced ambience here.	0
What a burnt place, the salad fell far short.	0
Such a fresh experience with the waitress.	1
Such a slow experience with the service. The restaurant was disappointing too.	0
Highly recommend, the pizza was fresh.	1
What a cold place, the pizza fell far short. The restaurant was tasteless too.	0
Absolutely unfriendly food, never coming back.	0
The burger was amazing.	1
burnt pizza and a poor atmosphere overall.	0
The waitress here is soggy and not worth the money.	0
wonderful sushi and a great atmosphere overall. The waiter was generous too.	1
Would not recommend, the steak was underwhelming.	0
disappointing waitress and a poor atmosphere overall.	0
We really regretted the disappointing dessert tonight. The service was burnt too.	0
Such a slow experience with the coffee. The service was noisy too.	0
I loved the amazing chef here.	1
Absolutely burnt soup, never coming back. The sushi was awful too.	0
I loved the superb chef here.	1
I hated the slow ambience here. The coffee was mediocre too.	0
We really enjoyed the friendly menu tonight.	1
I hated the soggy waiter here.	0
impressive bread and a great atmosphere overall. The ambience was friendly too.	1
I hated the soggy coffee here.	0
What a flavorful place, the waiter exceeded expectations. The waiter was superb too.	1
The waiter here is charming and worth every penny. The coffee was amazing too.	1
I hated the burnt waitress here.	0
Absolutely wonderful salad, will come back again.	1
What a unfriendly place, the place fell far short.	0
The salad was bad. The service was burnt too.	0
Such a soggy experience with the service. The food was unfriendly too.	0
The bread here is dirty and not worth the money. The coffee was bad too.	0
The bread was noisy.	0
Such a charming experience with the burger. The waitress was outstanding too.	1
We really regretted the horrible bread tonight.	0
The restaurant was horrible. The menu was bland too.	0
terrible coffee and a poor atmosphere overall.	0
The waitress was greasy. The salad was noisy too.	0
Such a greasy experience with the sushi.	0
Would not recommend, the coffee was underwhelming. The menu was bad too.	0
Best coffee I've had in a long time, truly excellent.	1
I loved the generous pizza here. The coffee was cozy too.	1
The sushi here is terrible and not worth the money.	0
Best staff I've had in a long time, truly outstanding.	1
We really regretted the overpriced place tonight. The staff was greasy too.	0
We really regretted the cold waiter tonight.	0
The ambience here is slow and not worth the money.	0
The salad here is stale and not worth the money. The place was underwhelming too.	0
We really regretted the rude bread tonight. The service was dirty too.	0
flavorful salad and a great atmosphere overall.	1
The service here is cozy and worth every penny.	1
The chef here is cozy and worth every penny.	1
The ambience was perfect.	1
We really regretted the bad steak tonight. The ambience was slow too.	0
What a delightful place, the place exceeded expectations.	1
tasteless coffee and a poor atmosphere overall. The restaurant was tasteless too.	0
Absolutely lovely steak, will come back again. The bread was quick too.	1
Absolutely generous ambience, will come back again.	1
The soup was delightful.	1
wonderful waiter and a great atmosphere overall.	1
awful burger and a poor atmosphere overall.	0
The place here is outstanding and worth every penny. The coffee was excellent too.	1
Highly recommend, the chef was fresh.	1
Such a soggy experience with the bread.	0
Such a slow experience with the salad.	0
cozy salad and a great atmosphere overall. The dessert was perfect too.	1
soggy waitress and a poor atmosphere overall. The waitress was mediocre too.	0
Such a awful experience with the staff. The dessert was underwhelming too.	0
The burger was burnt.	0
We really enjoyed the tasty pasta tonight.	1
What a greasy place, the staff fell far short. The restaurant was underwhelming too.	0
The pizza was superb.	1
I loved the delicious service here. The waitress was quick too.	1
The pasta was friendly.	1
The waitress here is great and worth every penny.	1
I hated the noisy service here. The salad was cold too.	0
Best waitress I've had in a long time, truly friendly.	1
The soup here is tasteless and not worth the money. The pasta was overpriced too.	0
I loved the delicious service here.	1
stale coffee and a poor atmosphere overall. The sushi was greasy too.	0
Best waiter I've had in a long time, truly amazing. The restaurant was outstanding too.	1
Would not recommend, the bread was noisy.	0
The chef was tasty.	1
I loved the excellent menu here.	1
dirty ambience and a poor atmosphere overall.	0
We really enjoyed the delicious place tonight. The bread was friendly too.	1
We really enjoyed the fantastic staff tonight. The burger was amazing too.	1
The restaurant was superb.	1
Absolutely stale waitress, never coming back. The chef was mediocre too.	0
The burger here is fresh and worth every penny.	1
Best pasta I've had in a long time, truly quick. The waitress was superb too.	1
Such a tasteless experience with the service. The sushi was stale too.	0
bland staff and a poor atmosphere overall. The coffee was dirty too.	0
Such a dirty experience with the soup.	0
We really regretted the burnt bread tonight. The salad was burnt too.	0
What a tasteless place, the sushi fell far short.	0
The waiter here is delicious and worth every penny.	1
Absolutely outstanding dessert, will come back again.	1
Such a excellent experience with the coffee. The place was friendly too.	1
The burger was overpriced.	0
What a wonderful place, the pizza exceeded expectations.	1
The chef here is stale and not worth the money.	0
Such a overpriced experience with the pasta.	0
The restaurant here is impressive and worth every penny. The chef was cozy too.	1
The waitress here is underwhelming and not worth the money.	0
We really regretted the greasy service tonight.	0
perfect restaurant and a great atmosphere overall.	1
Absolutely underwhelming salad, never coming back.	0
The coffee here is disappointing and not worth the money. The food was mediocre too.	0
The chef was great. The soup was generous too.	1
The bread here is greasy and not worth the money.	0
Absolutely soggy salad, never coming back.	0
great pizza and a great atmosphere overall.	1
Absolutely fantastic restaurant, will come back again.	1
Highly recommend, the waitress was superb. The salad was flavorful too.	1
The service here is excellent and worth every penny.	1
Worst staff I've had in a long time, truly terrible.	0
What a noisy place, the sushi fell far short.	0
The dessert here is cozy and worth every penny. The dessert was friendly too.	1
Absolutely cold dessert, never coming back.	0
Such a greasy experience with the pizza.	0
We really enjoyed the delicious burger tonight.	1
amazing coffee and a great atmosphere overall.	1
Such a bland experience with the menu.	0
Such a lovely experience with the salad. The chef was charming too.	1
What a outstanding place, the burger exceeded expectations. The sushi was tasty too.	1
Highly recommend, the place was wonderful. The place was great too.	1
The waiter here is horrible and not worth the money.	0
I loved the cozy place here. The burger was flavorful too.	1
What a soggy place, the bread fell far short. The chef was bad too.	0
The service was underwhelming. The food was bad too.	0
Worst food I've had in a long time, truly unfriendly.	0
Absolutely friendly food, will come back again. The menu was excellent too.	1
Absolutely friendly chef, will come back again.	1
wonderful menu and a great atmosphere overall. The restaurant was amazing too.	1
Highly recommend, the sushi was delightful. The sushi was delicious too.	1
What a cozy place, the sushi exceeded expectations.	1
What a bad place, the pizza fell far short.	0
Worst sushi I've had in a long time, truly underwhelming. The menu was unfriendly too.	0
unfriendly soup and a poor atmosphere overall.	0
What a friendly place, the menu exceeded expectations.	1
Worst coffee I've had in a long time, truly greasy. The place was noisy too.	0
Would not recommend, the bread was overpriced.	0
Absolutely impressive chef, will come back again.	1
What a wonderful place, the ambience exceeded expectations. The waitress was superb too.	1
What a tasteless place, the place fell far short.	0
We really regretted the rude steak tonight.	0
We really enjoyed the charming chef tonight.	1
Such a outstanding experience with the dessert. The menu was great too.	1
Such a impressive experience with the chef. The menu was lovely too.	1
outstanding sushi and a great atmosphere overall.	1
I hated the mediocre salad here.	0
The ambience was dirty. The food was terrible too.	0
We really enjoyed the excellent service tonight.	1
What a unfriendly place, the pasta fell far short. The coffee was bad too.	0
Worst service I've had in a long time, truly terrible. The restaurant was tasteless too.	0
The pizza was cozy.	1
I hated the disappointing waitress here.	0
Such a tasteless experience with the food.	0
Such a unfriendly experience with the ambience. The bread was bad too.	0
We really enjoyed the excellent soup tonight. The ambience was excellent too.	1
Highly recommend, the waiter was friendly.	1
Such a tasteless experience with the sushi. The dessert was rude too.	0
Highly recommend, the burger was tasty.	1
Best food I've had in a long time, truly generous.	1
The menu here is fantastic and worth every penny.	1
What a stale place, the pasta fell far short. The place was noisy too.	0
The soup here is horrible and not worth the money. The soup was horrible too.	0
Such a perfect experience with the waiter.	1
Absolutely noisy food, never coming back.	0
Worst chef I've had in a long time, truly bland.	0
Would not recommend, the pizza was mediocre. The chef was awful too.	0
Would not recommend, the steak was cold. The staff was cold too.	0
I hated the disappointing food here.	0
Absolutely generous waitress, will come back again.	1
What a dirty place, the sushi fell far short. The burger was dirty too.	0
I hated the mediocre waitress here.	0
bad ambience and a poor atmosphere overall.	0
The staff was outstanding.	1
The pizza was perfect.	1
excellent food and a great atmosphere overall.	1
bad steak and a poor atmosphere overall.	0
superb chef and a great atmosphere overall.	1
We really enjoyed the superb ambience tonight.	1
We really enjoyed the impressive restaurant tonight.	1
The pasta was great. The waitress was cozy too.	1
The steak was unfriendly.	0
Such a fresh experience with the restaurant. The pasta was quick too.	1
The waiter here is fantastic and worth every penny.	1
I hated the mediocre food here.	0
We really regretted the overpriced steak tonight. The food was tasteless too.	0
Absolutely lovely menu, will come back again.	1
Would not recommend, the food was underwhelming. The waitress was slow too.	0
The soup was tasty.	1
Worst ambience I've had in a long time, truly cold.	0
The sushi was cold.	0
What a friendly place, the place exceeded expectations. The waitress was generous too.	1
What a tasteless place, the service fell far short. The place was cold too.	0
We really enjoyed the impressive chef tonight.	1
I hated the disappointing waitress here.	0
We really enjoyed the quick pasta tonight. The salad was friendly too.	1
We really regretted the burnt service tonight. The waitress was bland too.	0
What a slow place, the restaurant fell far short.	0
The coffee was overpriced.	0
Would not recommend, the sushi was burnt. The sushi was bad too.	0
Would not recommend, the soup was burnt.	0
Such a perfect experience with the restaurant.	1
Would not recommend, the salad was horrible.	0
Absolutely quick bread, will come back again.	1
Absolutely cozy burger, will come back again.	1
The pizza was amazing.	1
Worst chef I've had in a long time, truly bland. The steak was noisy too.	0
I loved the amazing dessert here.	1
disappointing menu and a poor atmosphere overall.	0
I loved the great restaurant here.	1
Highly recommend, the ambience was generous.	1
Highly recommend, the burger was amazing. The bread was excellent too.	1
The pasta here is friendly and worth every penny.	1
We really enjoyed the fresh place tonight. The steak was delicious too.	1
Absolutely stale soup, never coming back.	0
Best menu I've had in a long time, truly fantastic.	1
We really enjoyed the fresh waitress tonight.	1
I hated the overpriced staff here.	0
Worst salad I've had in a long time, truly bland. The staff was overpriced too.	0
The ambience was noisy. The chef was unfriendly too.	0
lovely service and a great atmosphere overall.	1
The pasta here is delightful and worth every penny. The dessert was charming too.	1
I loved the outstanding staff here.	1
The pizza here is delightful and worth every penny.	1
What a charming place, the sushi exceeded expectations.	1
Absolutely delightful staff, will come back again.	1
The bread was unfriendly. The coffee was mediocre too.	0
Would not recommend, the service was mediocre. The pasta was greasy too.	0
quick staff and a great atmosphere overall.	1
I loved the fantastic ambience here.	1
What a wonderful place, the chef exceeded expectations. The food was quick too.	1
Highly recommend, the sushi was delicious.	1
Best steak I've had in a long time, truly cozy.	1
The burger here is terrible and not worth the money.	0
What a underwhelming place, the sushi fell far short.	0
Absolutely flavorful steak, will come back again. The food was delicious too.	1
Such a awful experience with the pizza. The staff was soggy too.	0
We really enjoyed the great waitress tonight. The bread was delightful too.	1
Absolutely excellent waitress, will come back again.	1
We really enjoyed the lovely salad tonight.	1
The place here is unfriendly and not worth the money.	0
Such a soggy experience with the dessert. The dessert was bland too.	0
The salad was impressive. The restaurant was friendly too.	1
The pizza here is disappointing and not worth the money.	0
We really regretted the slow restaurant tonight.	0
The sushi was flavorful.	1
Absolutely greasy soup, never coming back.	0
What a overpriced place, the waiter fell far short.	0
The dessert here is superb and worth every penny. The burger was perfect too.	1
I loved the excellent bread here. The food was fantastic too.	1
Worst place I've had in a long time, truly tasteless.	0
I loved the perfect salad here.	1
Such a cold experience with the dessert.	0
Such a superb experience with the dessert. The menu was flavorful too.	1
Highly recommend, the dessert was amazing.	1
Such a flavorful experience with the salad. The steak was excellent too.	1
Such a wonderful experience with the steak. The pizza was perfect too.	1
Such a cold experience with the restaurant.	0
impressive sushi and a great atmosphere overall. The waitress was excellent too.	1
We really enjoyed the amazing bread tonight. The pizza was superb too.	1
amazing food and a great atmosphere overall.	1
Would not recommend, the steak was tasteless. The pasta was soggy too.	0
The waiter here is unfriendly and not worth the money. The bread was rude too.	0
Absolutely friendly coffee, will come back again. The dessert was cozy too.	1
What a excellent place, the chef exceeded expectations. The chef was amazing too.	1
Best waitress I've had in a long time, truly excellent.	1
tasty chef and a great atmosphere overall. The service was superb too.	1
Absolutely charming dessert, will come back again.	1
Absolutely quick restaurant, will come back again.	1
We really regretted the mediocre staff tonight. The food was bland too.	0
Such a superb experience with the staff.	1
Such a amazing experience with the chef.	1
We really enjoyed the lovely place tonight.	1
Highly recommend, the steak was friendly.	1
We really enjoyed the tasty waitress tonight. The chef was impressive too.	1
We really enjoyed the charming soup tonight. The food was outstanding too.	1
Absolutely soggy pizza, never coming back.	0
I hated the burnt soup here.	0
What a overpriced place, the restaurant fell far short. The steak was bad too.	0
We really regretted the disappointing dessert tonight.	0
The ambience here is stale and not worth the money. The waiter was tasteless too.	0
Absolutely slow ambience, never coming back. The bread was disappointing too.	0
The burger here is quick and worth every penny.	1
What a impressive place, the restaurant exceeded expectations.	1
Such a fantastic experience with the ambience.	1
Highly recommend, the chef was great.	1
delicious ambience and a great atmosphere overall.	1
What a delightful place, the menu exceeded expectations. The staff was delicious too.	1
Such a soggy experience with the ambience.	0
Absolutely delightful restaurant, will come back again. The restaurant was impressive too.	1
The coffee was horrible. The waiter was underwhelming too.	0
We really regretted the dirty coffee tonight.	0
Such a delicious experience with the place.	1
Best menu I've had in a long time, truly amazing. The steak was quick too.	1
The waiter was outstanding.	1
The ambience here is delightful and worth every penny. The menu was outstanding too.	1
Highly recommend, the waiter was charming.	1
Highly recommend, the soup was amazing.	1
The coffee was friendly.	1
We really regretted the terrible staff tonight. The salad was rude too.	0
The menu was friendly. The waitress was cozy too.	1
Best food I've had in a long time, truly cozy.	1
The coffee here is greasy and not worth the money.	0
We really enjoyed the tasty burger tonight. The place was tasty too.	1
We really enjoyed the quick waiter tonight.	1
Would not recommend, the waitress was disappointing.	0
What a great place, the pizza exceeded expectations. The coffee was delicious too.	1
Highly recommend, the pasta was fresh.	1
What a delicious place, the pizza exceeded expectations.	1
Best soup I've had in a long time, truly flavorful.	1
The ambience here is cozy and worth every penny. The bread was fantastic too.	1
I loved the delicious bread here.	1
We really regretted the stale sushi tonight. The staff was overpriced too.	0
Absolutely fantastic place, will come back again.	1
We really enjoyed the delightful dessert tonight. The food was tasty too.	1
Such a slow experience with the service. The staff was underwhelming too.	0
We really regretted the cold coffee tonight.	0
Absolutely lovely food, will come back again.	1
Worst restaurant I've had in a long time, truly underwhelming.	0
I loved the great bread here.	1
The salad was excellent.	1
I hated the stale food here. The restaurant was bad too.	0
I loved the friendly waiter here.	1
The soup was fantastic.	1
The pizza was cold. The staff was bad too.	0
Worst salad I've had in a long time, truly rude. The ambience was rude too.	0
Would not recommend, the restaurant was disappointing.	0
We really regretted the disappointing staff tonight.	0
What a amazing place, the waiter exceeded expectations.	1
What a bland place, the bread fell far short. The staff was stale too.	0
unfriendly ambience and a poor atmosphere overall. The pizza was horrible too.	0
We really regretted the bad service tonight. The sushi was rude too.	0
Worst service I've had in a long time, truly greasy. The soup was burnt too.	0
Such a mediocre experience with the food.	0
Such a fresh experience with the dessert.	1
I hated the terrible dessert here.	0
Absolutely quick waiter, will come back again. The staff was delicious too.	1
The pasta here is noisy and not worth the money. The place was underwhelming too.	0
Worst pizza I've had in a long time, truly awful.	0
Such a cold experience with the steak. The restaurant was terrible too.	0
We really regretted the horrible soup tonight. The soup was slow too.	0
We really regretted the terrible pasta tonight. The menu was tasteless too.	0
mediocre soup and a poor atmosphere overall. The pizza was noisy too.	0
overpriced service and a poor atmosphere overall. The coffee was dirty too.	0
Such a stale experience with the sushi. The place was noisy too.	0
The steak was cozy.	1
The food here is burnt and not worth the money. The restaurant was horrible too.	0
The sushi was superb. The pasta was quick too.	1
I hated the overpriced coffee here. The dessert was terrible too.	0
What a fresh place, the food exceeded expectations. The dessert was superb too.	1
greasy coffee and a poor atmosphere overall.	0
The pasta was rude. The place was unfriendly too.	0
Such a slow experience with the food. The place was horrible too.	0
What a fantastic place, the dessert exceeded expectations.	1
amazing salad and a great atmosphere overall.	1
We really enjoyed the fantastic salad tonight.	1
Best service I've had in a long time, truly generous. The soup was excellent too.	1
We really regretted the bad ambience tonight.	0
stale food and a poor atmosphere overall. The ambience was rude too.	0
The restaurant here is soggy and not worth the money.	0
Best salad I've had in a long time, truly quick.	1
Absolutely underwhelming bread, never coming back. The food was stale too.	0
I loved the flavorful bread here.	1
Best pizza I've had in a long time, truly friendly. The sushi was friendly too.	1
The pasta here is great and worth every penny. The restaurant was flavorful too.	1
We really enjoyed the impressive place tonight.	1
I loved the tasty steak here.	1
Worst dessert I've had in a long time, truly noisy. The bread was awful too.	0
What a wonderful place, the service exceeded expectations.	1
Best waitress I've had in a long time, truly impressive. The menu was outstanding too.	1
Absolutely stale waitress, never coming back.	0
The restaurant here is impressive and worth every penny. The staff was delicious too.	1
What a amazing place, the salad exceeded expectations.	1
Worst waiter I've had in a long time, truly stale. The coffee was cold too.	0
The burger here is mediocre and not worth the money.	0
disappointing restaurant and a poor atmosphere overall. The pasta was cold too.	0
delicious sushi and a great atmosphere overall. The waiter was superb too.	1
Worst waiter I've had in a long time, truly tasteless.	0
Such a bland experience with the menu. The staff was bad too.	0
Absolutely rude waitress, never coming back.	0
The soup here is superb and worth every penny.	1
The sushi here is dirty and not worth the money.	0
Such a friendly experience with the place.	1
The chef was delightful. The bread was perfect too.	1
Would not recommend, the bread was rude. The menu was unfriendly too.	0
What a tasty place, the menu exceeded expectations.	1
The salad was fantastic.	1
What a rude place, the bread fell far short.	0
I loved the quick dessert here. The service was friendly too.	1
The pasta here is horrible and not worth the money.	0
The sushi here is friendly and worth every penny.	1
Absolutely friendly dessert, will come back again. The service was charming too.	1
The burger was dirty.	0
Such a greasy experience with the staff.	0
What a impressive place, the soup exceeded expectations. The chef was amazing too.	1
Absolutely impressive soup, will come back again.	1
Absolutely terrible place, never coming back.	0
The steak here is fantastic and worth every penny. The restaurant was outstanding too.	1
The steak was wonderful. The bread was quick too.	1
I loved the impressive steak here.	1
Highly recommend, the place was impressive. The dessert was excellent too.	1
What a disappointing place, the coffee fell far short.	0
Such a tasteless experience with the service. The waitress was underwhelming too.	0
Would not recommend, the pizza was terrible. The service was overpriced too.	0
The bread here is soggy and not worth the money. The waitress was underwhelming too.	0
What a horrible place, the chef fell far short. The staff was noisy too.	0
Worst place I've had in a long time, truly terrible. The sushi was cold too.	0
The soup was generous.	1
The sushi here is greasy and not worth the money. The burger was terrible too.	0
I loved the impressive waitress here.	1
We really enjoyed the cozy pizza tonight.	1
Highly recommend, the sushi was tasty.	1
Worst pizza I've had in a long time, truly cold.	0
We really enjoyed the quick dessert tonight.	1
We really regretted the unfriendly steak tonight.	0
Absolutely friendly soup, will come back again.	1
We really enjoyed the excellent pizza tonight. The burger was fresh too.	1
Such a awful experience with the sushi.	0
What a great place, the salad exceeded expectations.	1
outstanding service and a great atmosphere overall.	1
The steak here is fantastic and worth every penny. The pizza was lovely too.	1
We really enjoyed the amazing menu tonight. The pizza was wonderful too.	1
We really regretted the soggy soup tonight. The bread was bland too.	0
Best waitress I've had in a long time, truly delicious.	1
I loved the impressive staff here.	1
The food here is rude and not worth the money. The pizza was mediocre too.	0
The pizza here is generous and worth every penny.	1
Such a generous experience with the menu.	1
I loved the tasty staff here.	1
The burger here is tasty and worth every penny. The dessert was flavorful too.	1
Would not recommend, the place was mediocre. The place was bland too.	0
We really enjoyed the lovely place tonight. The waiter was amazing too.	1
The chef here is disappointing and not worth the money.	0
Best sushi I've had in a long time, truly fresh. The burger was outstanding too.	1
The dessert here is quick and worth every penny.	1
I loved the great menu here.	1
Worst coffee I've had in a long time, truly burnt.	0
Such a friendly experience with the ambience.	1
Highly recommend, the food was amazing.	1
The coffee here is unfriendly and not worth the money. The menu was awful too.	0
Would not recommend, the place was greasy.	0
I hated the soggy sushi here.	0
Would not recommend, the waitress was terrible.	0
I loved the perfect service here.	1
Absolutely delicious salad, will come back again. The ambience was excellent too.	1
Absolutely cozy bread, will come back again.	1
The chef here is tasty and worth every penny.	1
We really regretted the burnt service tonight. The waitress was disappointing too.	0
What a perfect place, the staff exceeded expectations. The staff was cozy too.	1
We really enjoyed the tasty staff tonight.	1
Such a impressive experience with the restaurant.	1
Best food I've had in a long time, truly lovely. The pizza was amazing too.	1
The coffee here is overpriced and not worth the money.	0
The staff here is friendly and worth every penny.	1
Absolutely impressive burger, will come back again.	1
charming menu and a great atmosphere overall.	1
Such a disappointing experience with the place.	0
Absolutely slow sushi, never coming back.	0
Highly recommend, the bread was fantastic. The dessert was tasty too.	1
Best soup I've had in a long time, truly excellent.	1
The bread was fresh.	1
disappointing staff and a poor atmosphere overall.	0
Such a delicious experience with the waitress. The pasta was great too.	1
We really enjoyed the cozy sushi tonight.	1
We really enjoyed the cozy restaurant tonight. The food was flavorful too.	1
The waiter here is mediocre and not worth the money.	0
Best staff I've had in a long time, truly amazing.	1
I loved the impressive pizza here.	1
Absolutely bland bread, never coming back.	0
What a bad place, the pizza fell far short.	0
Best salad I've had in a long time, truly charming.	1
The soup was overpriced.	0
We really enjoyed the excellent restaurant tonight.	1
The coffee here is cold and not worth the money.	0
What a overpriced place, the dessert fell far short. The waitress was noisy too.	0
Such a wonderful experience with the coffee.	1
We really enjoyed the delicious waiter tonight. The pasta was cozy too.	1
I loved the fantastic waitress here. The waiter was fresh too.	1
We really regretted the horrible service tonight.	0
The staff here is impressive and worth every penny. The service was great too.	1
Absolutely great burger, will come back again.	1
The food here is perfect and worth every penny.	1
Highly recommend, the waiter was delicious. The waitress was wonderful too.	1
We really enjoyed the charming pasta tonight. The steak was friendly too.	1
We really regretted the disappointing waiter tonight.	0
I loved the quick bread here.	1
We really enjoyed the wonderful pizza tonight.	1
terrible waitress and a poor atmosphere overall.	0
Best menu I've had in a long time, truly delightful.	1
Highly recommend, the pizza was quick.	1
delicious soup and a great atmosphere overall. The sushi was lovely too.	1
What a quick place, the staff exceeded expectations.	1
quick pizza and a great atmosphere overall.	1
We really regretted the overpriced pizza tonight.	0
I hated the mediocre dessert here.	0
Worst coffee I've had in a long time, truly stale. The sushi was bad too.	0
Highly recommend, the sushi was flavorful. The restaurant was delightful too.	1
Would not recommend, the burger was tasteless. The staff was burnt too.	0
We really enjoyed the tasty coffee tonight. The bread was impressive too.	1
What a tasty place, the waiter exceeded expectations.	1
The ambience here is delicious and worth every penny. The burger was outstanding too.	1
Worst food I've had in a long time, truly rude.	0
The ambience was underwhelming. The sushi was soggy too.	0
Worst waiter I've had in a long time, truly unfriendly.	0
Highly recommend, the soup was charming.	1
The ambience was cold.	0
Such a quick experience with the chef.	1
The soup was greasy. The coffee was terrible too.	0
We really regretted the disappointing pasta tonight. The waiter was mediocre too.	0
The salad was charming.	1
Best ambience I've had in a long time, truly outstanding.	1
soggy food and a poor atmosphere overall.	0
What a unfriendly place, the place fell far short.	0
Would not recommend, the food was underwhelming. The menu was bland too.	0
What a wonderful place, the pizza exceeded expectations. The waiter was flavorful too.	1
The dessert here is impressive and worth every penny. The service was great too.	1
We really regretted the dirty ambience tonight. The steak was underwhelming too.	0
soggy pasta and a poor atmosphere overall. The restaurant was burnt too.	0
We really enjoyed the amazing staff tonight.	1
tasteless food and a poor atmosphere overall. The steak was tasteless too.	0
Highly recommend, the sushi was tasty.	1
The pasta was fantastic.	1
amazing food and a great atmosphere overall.	1
I loved the quick place here.	1
We really enjoyed the great menu tonight. The food was excellent too.	1
Best pasta I've had in a long time, truly lovely. The chef was impressive too.	1
I hated the soggy staff here. The pizza was horrible too.	0
Best salad I've had in a long time, truly generous.	1
perfect dessert and a great atmosphere overall.	1
Such a burnt experience with the ambience. The waiter was mediocre too.	0
Such a superb experience with the food. The coffee was charming too.	1
What a greasy place, the waiter fell far short.	0
impressive waitress and a great atmosphere overall. The service was charming too.	1
We really regretted the soggy place tonight.	0
The coffee was burnt. The pasta was terrible too.	0
Such a quick experience with the menu.	1
The coffee here is generous and worth every penny. The restaurant was friendly too.	1
Such a impressive experience with the place.	1
Absolutely delicious salad, will come back again. The salad was tasty too.	1
The food here is unfriendly and not worth the money. The staff was rude too.	0
The staff here is disappointing and not worth the money.	0
We really regretted the tasteless steak tonight.	0
The salad was amazing.	1
horrible steak and a poor atmosphere overall.	0
Absolutely flavorful bread, will come back again.	1
Such a friendly experience with the service.	1
Would not recommend, the dessert was bad.	0
Best chef I've had in a long time, truly great. The service was lovely too.	1
overpriced place and a poor atmosphere overall.	0
We really enjoyed the friendly sushi tonight.	1
Absolutely disappointing soup, never coming back.	0
What a perfect place, the restaurant exceeded expectations. The menu was generous too.	1
noisy staff and a poor atmosphere overall.	0
What a bad place, the steak fell far short.	0
What a amazing place, the restaurant exceeded expectations. The burger was amazing too.	1
What a charming place, the waiter exceeded expectations.	1
Such a greasy experience with the burger.	0
wonderful coffee and a great atmosphere overall.	1
What a friendly place, the chef exceeded expectations. The place was fresh too.	1
We really enjoyed the friendly ambience tonight. The bread was cozy too.	1
What a soggy place, the waitress fell far short.	0
The ambience was unfriendly.	0
cozy sushi and a great atmosphere overall. The staff was lovely too.	1
Such a charming experience with the place. The service was delightful too.	1
The pasta was unfriendly.	0
We really enjoyed the perfect pasta tonight. The chef was delicious too.	1
Worst chef I've had in a long time, truly slow. The steak was slow too.	0
charming sushi and a great atmosphere overall. The salad was outstanding too.	1
Absolutely generous burger, will come back again.	1
We really enjoyed the delicious burger tonight. The staff was delightful too.	1
I hated the unfriendly pizza here.	0
Such a terrible experience with the ambience.	0
The waiter was burnt. The waitress was soggy too.	0
I hated the unfriendly salad here.	0
Best food I've had in a long time, truly charming.	1
The sushi was generous.	1
The sushi was dirty. The soup was unfriendly too.	0
Absolutely delightful menu, will come back again.	1
What a generous place, the ambience exceeded expectations.	1
greasy sushi and a poor atmosphere overall.	0
We really enjoyed the flavorful staff tonight. The ambience was excellent too.	1
We really enjoyed the quick waitress tonight.	1
I hated the mediocre coffee here.	0
Highly recommend, the pizza was fresh. The bread was fantastic too.	1
Such a amazing experience with the pizza. The waitress was wonderful too.	1
Highly recommend, the pasta was delightful.	1
The food here is unfriendly and not worth the money.	0
What a stale place, the dessert fell far short.	0
Such a outstanding experience with the food. The burger was fresh too.	1
Best burger I've had in a long time, truly impressive. The restaurant was fantastic too.	1
Absolutely friendly chef, will come back again. The bread was delicious too.	1
Would not recommend, the staff was rude.	0
Absolutely soggy burger, never coming back.	0
Absolutely noisy food, never coming back.	0
fresh dessert and a great atmosphere overall. The pasta was superb too.	1
cozy ambience and a great atmosphere overall.	1
The salad was delicious.	1
Such a excellent experience with the salad. The steak was wonderful too.	1
The pasta here is amazing and worth every penny.	1
We really regretted the tasteless place tonight. The burger was slow too.	0
Highly recommend, the chef was quick.	1
We really enjoyed the excellent staff tonight.	1
Such a tasty experience with the soup. The steak was quick too.	1
Absolutely greasy salad, never coming back. The bread was stale too.	0
We really enjoyed the outstanding burger tonight. The ambience was great too.	1
What a rude place, the waitress fell far short.	0
awful dessert and a poor atmosphere overall. The food was disappointing too.	0
The staff here is burnt and not worth the money. The sushi was overpriced too.	0
Worst waiter I've had in a long time, truly mediocre.	0
stale menu and a poor atmosphere overall. The dessert was greasy too.	0
Absolutely great waitress, will come back again.	1
Highly recommend, the service was fresh. The waitress was generous too.	1
The waiter here is mediocre and not worth the money. The service was bland too.	0
What a soggy place, the salad fell far short. The coffee was unfriendly too.	0
Such a greasy experience with the place.	0
The menu here is outstanding and worth every penny.	1
Absolutely quick steak, will come back again.	1
The bread was mediocre.	0
Such a great experience with the coffee.	1
We really enjoyed the lovely coffee tonight.	1
The staff here is overpriced and not worth the money.	0
What a stale place, the chef fell far short. The steak was terrible too.	0
Absolutely charming dessert, will come back again.	1
Best service I've had in a long time, truly superb.	1
I loved the superb waitress here. The ambience was delightful too.	1
I hated the mediocre food here. The dessert was noisy too.	0
We really regretted the disappointing chef tonight. The pizza was terrible too.	0
Worst pizza I've had in a long time, truly cold.	0
Such a lovely experience with the ambience.	1
The salad here is perfect and worth every penny.	1
The restaurant was burnt.	0
The burger was amazing.	1
I hated the disappointing waiter here.	0
Highly recommend, the service was flavorful.	1
Such a tasteless experience with the food.	0
The service here is fresh and worth every penny.	1
What a excellent place, the menu exceeded expectations. The ambience was wonderful too.	1
Worst food I've had in a long time, truly tasteless.	0
dirty dessert and a poor atmosphere overall.	0
What a greasy place, the coffee fell far short.	0
We really regretted the dirty ambience tonight.	0
What a overpriced place, the pizza fell far short. The soup was greasy too.	0
The menu was great.	1
Would not recommend, the dessert was bland.	0
Would not recommend, the dessert was bad.	0
The waiter was soggy.	0
We really regretted the tasteless soup tonight. The coffee was overpriced too.	0
Would not recommend, the salad was bad. The staff was burnt too.	0
charming salad and a great atmosphere overall.	1
The soup here is soggy and not worth the money.	0
The food here is bad and not worth the money. The waitress was rude too.	0
We really regretted the horrible steak tonight. The menu was rude too.	0
Highly recommend, the chef was fantastic.	1
Best coffee I've had in a long time, truly generous.	1
What a awful place, the steak fell far short.	0
The service was slow.	0
The restaurant here is delicious and worth every penny.	1
We really enjoyed the delicious soup tonight.	1
The menu was impressive.	1
The burger here is burnt and not worth the money.	0
What a disappointing place, the sushi fell far short. The restaurant was greasy too.	0
The burger was perfect.	1
What a cold place, the pizza fell far short.	0
The bread was delightful. The waiter was delicious too.	1
We really enjoyed the friendly menu tonight.	1
great salad and a great atmosphere overall.	1
slow burger and a poor atmosphere overall. The ambience was mediocre too.	0
We really enjoyed the perfect waitress tonight. The food was flavorful too.	1
Best soup I've had in a long time, truly fresh. The steak was quick too.	1
The dessert was slow.	0
The place was tasty.	1
I hated the horrible staff here.	0
Absolutely fresh coffee, will come back again. The waiter was impressive too.	1
We really regretted the awful service tonight. The ambience was horrible too.	0
The burger was tasty.	1
Absolutely lovely food, will come back again.	1
fantastic pizza and a great atmosphere overall.	1
The menu here is wonderful and worth every penny. The burger was perfect too.	1
The sushi was fantastic. The ambience was delicious too.	1
Such a bad experience with the waitress.	0
Would not recommend, the chef was soggy.	0
The waiter here is great and worth every penny. The place was delicious too.	1
Absolutely generous service, will come back again.	1
The food here is cozy and worth every penny.	1
I hated the awful bread here.	0
Worst chef I've had in a long time, truly awful.	0
generous burger and a great atmosphere overall.	1
We really regretted the dirty bread tonight.	0
The chef was impressive.	1
We really enjoyed the friendly pizza tonight.	1
The steak here is impressive and worth every penny.	1
The salad was bland.	0
What a delightful place, the salad exceeded expectations.	1
Highly recommend, the menu was flavorful. The ambience was outstanding too.	1
The waiter was tasty.	1
Such a tasteless experience with the pasta. The menu was terrible too.	0
Would not recommend, the burger was unfriendly. The chef was awful too.	0
Absolutely terrible food, never coming back. The chef was dirty too.	0
We really enjoyed the perfect steak tonight. The salad was quick too.	1
bland pasta and a poor atmosphere overall. The restaurant was tasteless too.	0
We really enjoyed the fantastic staff tonight.	1
The restaurant was disappointing. The dessert was soggy too.	0
We really enjoyed the great waiter tonight.	1
Such a horrible experience with the waiter.	0
The food was charming.	1
The burger was burnt.	0
I hated the mediocre coffee here. The dessert was soggy too.	0
The food here is greasy and not worth the money.	0
delicious pizza and a great atmosphere overall.	1
Absolutely underwhelming chef, never coming back. The restaurant was bad too.	0
Would not recommend, the place was horrible. The soup was soggy too.	0
bad place and a poor atmosphere overall.	0
Absolutely dirty pizza, never coming back. The restaurant was mediocre too.	0
We really enjoyed the tasty sushi tonight. The food was generous too.	1
Would not recommend, the food was horrible.	0
perfect waitress and a great atmosphere overall.	1
The pasta here is fantastic and worth every penny.	1
What a superb place, the pizza exceeded expectations.	1
What a charming place, the waitress exceeded expectations. The chef was lovely too.	1
Absolutely tasteless waiter, never coming back. The chef was horrible too.	0
What a impressive place, the bread exceeded expectations.	1
Such a flavorful experience with the sushi.	1
I loved the superb soup here. The ambience was delicious too.	1
Such a excellent experience with the pizza.	1
The food here is cold and not worth the money.	0
Worst food I've had in a long time, truly unfriendly.	0
I loved the generous service here. The place was delightful too.	1
Such a friendly experience with the salad. The service was lovely too.	1
Absolutely flavorful sushi, will come back again. The soup was quick too.	1
Worst staff I've had in a long time, truly bland.	0
Such a dirty experience with the salad. The coffee was greasy too.	0
Absolutely horrible staff, never coming back.	0
terrible soup and a poor atmosphere overall. The coffee was bland too.	0
mediocre steak and a poor atmosphere overall. The menu was terrible too.	0
The soup was charming. The staff was cozy too.	1
Such a stale experience with the menu. The soup was disappointing too.	0
Worst waitress I've had in a long time, truly overpriced.	0
We really enjoyed the cozy service tonight.	1
We really regretted the greasy pizza tonight. The burger was cold too.	0
bad waitress and a poor atmosphere overall. The bread was underwhelming too.	0
The pasta was overpriced.	0
The pasta here is flavorful and worth every penny. The menu was wonderful too.	1
Such a soggy experience with the ambience.	0
The coffee was flavorful.	1
Best waiter I've had in a long time, truly impressive. The waiter was charming too.	1
Would not recommend, the soup was awful. The burger was soggy too.	0
Absolutely horrible restaurant, never coming back.	0
I hated the overpriced menu here.	0
Would not recommend, the waiter was tasteless. The bread was bad too.	0
Such a friendly experience with the ambience. The burger was fantastic too.	1
The salad here is bad and not worth the money. The chef was mediocre too.	0
Absolutely excellent steak, will come back again. The salad was friendly too.	1
I loved the outstanding coffee here.	1
We really enjoyed the great waiter tonight. The chef was fantastic too.	1
Absolutely superb pizza, will come back again.	1
The pasta here is outstanding and worth every penny.	1
The food was tasteless.	0
The dessert here is generous and worth every penny.	1
We really enjoyed the delicious coffee tonight.	1
We really regretted the burnt pasta tonight.	0
Would not recommend, the place was overpriced.	0
We really enjoyed the excellent place tonight.	1
Such a charming experience with the sushi. The salad was lovely too.	1
Absolutely rude bread, never coming back.	0
The dessert here is wonderful and worth every penny.	1
I hated the burnt bread here. The food was disappointing too.	0
The dessert here is overpriced and not worth the money. The waitress was dirty too.	0
I loved the quick pasta here.	1
What a cold place, the place fell far short.	0
The service here is fantastic and worth every penny.	1
What a fresh place, the chef exceeded expectations.	1
What a excellent place, the staff exceeded expectations.	1
Would not recommend, the pizza was tasteless. The bread was terrible too.	0
We really enjoyed the wonderful place tonight.	1
We really regretted the bad restaurant tonight.	0
Highly recommend, the steak was friendly.	1
The menu was delightful.	1
The place here is bad and not worth the money. The soup was stale too.	0
The food was cozy.	1
What a charming place, the food exceeded expectations.	1
The waiter was noisy.	0
What a cold place, the burger fell far short.	0
Would not recommend, the ambience was tasteless.	0
What a wonderful place, the service exceeded expectations. The waitress was perfect too.	1
slow steak and a poor atmosphere overall.	0
Absolutely bad bread, never coming back.	0
Highly recommend, the waiter was fresh.	1
Absolutely mediocre steak, never coming back.	0
Highly recommend, the service was amazing. The soup was charming too.	1
Highly recommend, the food was fantastic.	1
The coffee was terrible.	0
Best food I've had in a long time, truly amazing.	1
Absolutely burnt chef, never coming back.	0
We really regretted the soggy ambience tonight.	0
Such a awful experience with the restaurant. The staff was awful too.	0
bland bread and a poor atmosphere overall.	0
Such a excellent experience with the waiter.	1
generous soup and a great atmosphere overall.	1
I hated the rude ambience here. The staff was dirty too.	0
Would not recommend, the staff was noisy. The food was slow too.	0
What a wonderful place, the chef exceeded expectations.	1
Absolutely greasy salad, never coming back.	0
Best waitress I've had in a long time, truly tasty.	1
What a greasy place, the pizza fell far short. The ambience was disappointing too.	0
Highly recommend, the bread was impressive.	1
Best burger I've had in a long time, truly delightful. The staff was delicious too.	1
Such a wonderful experience with the salad.	1
Would not recommend, the dessert was dirty.	0
Would not recommend, the chef was slow.	0
Such a horrible experience with the burger.	0
cold salad and a poor atmosphere overall. The salad was terrible too.	0
Would not recommend, the dessert was tasteless.	0
Absolutely amazing menu, will come back again.	1
What a perfect place, the staff exceeded expectations.	1
The service here is delightful and worth every penny. The chef was impressive too.	1
The steak was excellent. The salad was cozy too.	1
The salad here is fantastic and worth every penny. The burger was charming too.	1
Highly recommend, the staff was great.	1
Absolutely flavorful place, will come back again.	1
The steak here is soggy and not worth the money.	0
What a perfect place, the sushi exceeded expectations. The service was impressive too.	1
Absolutely mediocre waiter, never coming back.	0
Best coffee I've had in a long time, truly friendly.	1
Absolutely flavorful food, will come back again.	1
The service was burnt. The food was bland too.	0
The soup here is flavorful and worth every penny.	1
Worst steak I've had in a long time, truly bad.	0
Best salad I've had in a long time, truly wonderful. The dessert was quick too.	1
Would not recommend, the coffee was terrible. The salad was terrible too.	0
Best food I've had in a long time, truly fantastic.	1
Absolutely cold bread, never coming back.	0
The ambience here is slow and not worth the money.	0
The pasta here is delightful and worth every penny.	1
Absolutely amazing service, will come back again.	1
What a cold place, the dessert fell far short.	0
Absolutely generous ambience, will come back again. The burger was quick too.	1
Worst service I've had in a long time, truly unfriendly.	0
Absolutely flavorful sushi, will come back again.	1
We really regretted the underwhelming bread tonight. The ambience was overpriced too.	0
Such a charming experience with the service. The restaurant was charming too.	1
What a terrible place, the salad fell far short. The service was awful too.	0
The waitress here is fresh and worth every penny.	1
Would not recommend, the pasta was bland. The burger was slow too.	0
Absolutely slow service, never coming back. The steak was noisy too.	0
We really enjoyed the superb sushi tonight. The waitress was charming too.	1
We really enjoyed the cozy waiter tonight. The chef was superb too.	1
Absolutely dirty dessert, never coming back. The waitress was burnt too.	0
Would not recommend, the steak was horrible. The waitress was horrible too.	0
We really regretted the soggy burger tonight.	0
Would not recommend, the ambience was greasy.	0
The pizza was delicious. The steak was superb too.	1
The burger here is horrible and not worth the money. The pizza was overpriced too.	0
What a bad place, the pasta fell far short.	0
The restaurant here is noisy and not worth the money.	0
The coffee here is lovely and worth every penny.	1
The pasta here is cold and not worth the money. The steak was horrible too.	0
We really enjoyed the tasty menu tonight. The salad was outstanding too.	1
Highly recommend, the place was great. The ambience was fantastic too.	1
We really enjoyed the charming menu tonight.	1
Best dessert I've had in a long time, truly delightful. The burger was excellent too.	1
Highly recommend, the waiter was impressive.	1
Absolutely fresh menu, will come back again. The salad was delightful too.	1
I loved the generous chef here. The food was fantastic too.	1
We really regretted the bad ambience tonight. The menu was horrible too.	0
Would not recommend, the service was stale.	0
Highly recommend, the food was impressive. The restaurant was generous too.	1
Such a stale experience with the place.	0
We really regretted the stale soup tonight. The salad was disappointing too.	0
flavorful pasta and a great atmosphere overall.	1
What a burnt place, the coffee fell far short. The coffee was mediocre too.	0
I loved the friendly staff here.	1
We really regretted the underwhelming coffee tonight. The steak was soggy too.	0
The service here is charming and worth every penny. The salad was quick too.	1
I loved the excellent steak here.	1
The chef was noisy.	0
Such a tasteless experience with the food.	0
The restaurant was quick. The sushi was lovely too.	1
Highly recommend, the service was wonderful.	1
What a outstanding place, the pasta exceeded expectations. The chef was quick too.	1
Worst soup I've had in a long time, truly tasteless.	0
rude place and a poor atmosphere overall.	0
We really regretted the awful pizza tonight.	0
I hated the disappointing chef here.	0
What a superb place, the pizza exceeded expectations.	1
Such a excellent experience with the place.	1
What a outstanding place, the burger exceeded expectations.	1
Best menu I've had in a long time, truly excellent.	1
The service here is rude and not worth the money. The sushi was bland too.	0
Absolutely friendly place, will come back again.	1
Such a perfect experience with the chef. The pasta was delightful too.	1
soggy restaurant and a poor atmosphere overall. The sushi was awful too.	0
I hated the disappointing restaurant here.	0
Highly recommend, the service was wonderful.	1
The service was horrible.	0
Such a friendly experience with the sushi.	1
Such a disappointing experience with the burger. The waitress was terrible too.	0
Such a horrible experience with the waiter. The dessert was horrible too.	0
great burger and a great atmosphere overall.	1
We really regretted the burnt soup tonight. The waiter was tasteless too.	0
Best restaurant I've had in a long time, truly fantastic.	1
Such a stale experience with the staff.	0
Absolutely underwhelming place, never coming back.	0
Worst ambience I've had in a long time, truly soggy. The pasta was burnt too.	0
rude dessert and a poor atmosphere overall. The restaurant was overpriced too.	0
We really regretted the greasy steak tonight. The waiter was stale too.	0
Best service I've had in a long time, truly outstanding.	1
awful pizza and a poor atmosphere overall.	0
What a fresh place, the place exceeded expectations. The burger was superb too.	1
Absolutely unfriendly coffee, never coming back.	0
The waiter here is tasty and worth every penny. The sushi was delicious too.	1
Would not recommend, the dessert was mediocre.	0
Best pizza I've had in a long time, truly fresh. The dessert was friendly too.	1
Best pizza I've had in a long time, truly cozy.	1
Absolutely soggy staff, never coming back.	0
What a unfriendly place, the menu fell far short.	0
soggy pasta and a poor atmosphere overall.	0
Best service I've had in a long time, truly delicious.	1
Such a tasty experience with the sushi.	1
What a bad place, the food fell far short.	0
horrible restaurant and a poor atmosphere overall. The pasta was terrible too.	0
We really enjoyed the perfect pasta tonight.	1
I loved the amazing dessert here.	1
Worst steak I've had in a long time, truly terrible.	0
Best ambience I've had in a long time, truly superb.	1
awful salad and a poor atmosphere overall. The ambience was noisy too.	0
Absolutely slow sushi, never coming back. The pasta was rude too.	0
Such a stale experience with the service. The ambience was overpriced too.	0
I loved the impressive staff here.	1
We really enjoyed the impressive waitress tonight.	1
fresh place and a great atmosphere overall.	1
I loved the impressive steak here.	1
Absolutely greasy staff, never coming back.	0
charming restaurant and a great atmosphere overall. The restaurant was tasty too.	1
burnt waiter and a poor atmosphere overall.	0
The place was stale.	0
Worst restaurant I've had in a long time, truly greasy. The restaurant was stale too.	0
Absolutely wonderful salad, will come back again. The food was wonderful too.	1
The pizza was slow. The place was disappointing too.	0
Would not recommend, the restaurant was bad.	0
Absolutely charming waiter, will come back again. The pizza was outstanding too.	1
We really regretted the noisy service tonight.	0
Such a outstanding experience with the pizza.	1
outstanding salad and a great atmosphere overall. The sushi was quick too.	1
The waiter here is impressive and worth every penny.	1
stale coffee and a poor atmosphere overall.	0
The ambience was lovely.	1
We really enjoyed the delightful bread tonight.	1
tasty dessert and a great atmosphere overall. The burger was amazing too.	1
The bread was tasty.	1
The service was unfriendly. The pizza was horrible too.	0
We really enjoyed the wonderful service tonight.	1
tasteless place and a poor atmosphere overall.	0
I loved the quick waiter here.	1
Absolutely mediocre menu, never coming back.	0
What a outstanding place, the pasta exceeded expectations.	1
We really regretted the underwhelming soup tonight.	0
Absolutely charming menu, will come back again.	1
Absolutely soggy menu, never coming back. The waitress was rude too.	0
Absolutely rude salad, never coming back. The waiter was soggy too.	0
Would not recommend, the pizza was disappointing.	0
Highly recommend, the staff was tasty.	1
Absolutely rude steak, never coming back. The salad was terrible too.	0
We really regretted the slow ambience tonight.	0
The soup was greasy.	0
The place here is stale and not worth the money. The pasta was tasteless too.	0
What a excellent place, the waiter exceeded expectations.	1
dirty burger and a poor atmosphere overall.	0
What a soggy place, the food fell far short. The pizza was dirty too.	0
stale service and a poor atmosphere overall.	0
Such a tasty experience with the salad.	1
I hated the stale chef here. The menu was tasteless too.	0
Such a overpriced experience with the bread.	0
What a soggy place, the chef fell far short. The salad was bland too.	0
Worst salad I've had in a long time, truly terrible. The service was noisy too.	0
Highly recommend, the burger was outstanding.	1
The soup was dirty.	0
We really regretted the dirty waiter tonight. The waiter was disappointing too.	0
We really enjoyed the amazing food tonight. The waitress was great too.	1
What a quick place, the bread exceeded expectations.	1
lovely coffee and a great atmosphere overall.	1
Worst pasta I've had in a long time, truly bad. The salad was cold too.	0
Such a charming experience with the burger.	1
The ambience was dirty.	0
Absolutely impressive ambience, will come back again.	1
The restaurant was bad.	0
Best steak I've had in a long time, truly wonderful.	1
I hated the cold burger here.	0
Best service I've had in a long time, truly superb.	1
I hated the greasy waiter here. The waitress was bad too.	0
The waitress was soggy.	0
The soup was stale.	0
The soup here is horrible and not worth the money.	0
disappointing pizza and a poor atmosphere overall.	0
Worst waiter I've had in a long time, truly greasy.	0
terrible restaurant and a poor atmosphere overall. The pizza was slow too.	0
The waitress here is bland and not worth the money.	0
Such a delicious experience with the pasta.	1
The dessert here is slow and not worth the money. The place was awful too.	0
Worst salad I've had in a long time, truly bland.	0
Such a charming experience with the waitress.	1
Worst food I've had in a long time, truly unfriendly. The staff was rude too.	0
Absolutely superb waiter, will come back again.	1
What a stale place, the ambience fell far short.	0
We really enjoyed the charming chef tonight. The chef was friendly too.	1
Absolutely lovely pasta, will come back again.	1
We really regretted the awful pizza tonight.	0
Highly recommend, the food was generous. The service was great too.	1
Absolutely cold service, never coming back. The pasta was soggy too.	0
dirty food and a poor atmosphere overall.	0
I hated the slow pasta here. The coffee was underwhelming too.	0
The pasta was noisy. The burger was noisy too.	0
The staff was delicious.	1
The menu here is bland and not worth the money.	0
The waiter here is amazing and worth every penny.	1
amazing menu and a great atmosphere overall. The burger was great too.	1
The restaurant was bland.	0
I hated the disappointing burger here. The dessert was dirty too.	0
I hated the disappointing food here. The coffee was soggy too.	0
Worst chef I've had in a long time, truly burnt. The waitress was terrible too.	0
Best waitress I've had in a long time, truly generous.	1
The burger here is cold and not worth the money.	0
Best dessert I've had in a long time, truly great.	1
I hated the dirty soup here. The restaurant was bad too.	0
Absolutely awful sushi, never coming back. The pizza was burnt too.	0
I hated the cold ambience here.	0
I hated the cold place here.	0
We really enjoyed the excellent waitress tonight.	1
Best burger I've had in a long time, truly tasty.	1
The burger was cold. The waitress was tasteless too.	0
We really enjoyed the perfect food tonight. The steak was superb too.	1
The menu was fantastic.	1
Absolutely bland sushi, never coming back. The chef was slow too.	0
Would not recommend, the steak was awful.	0
Absolutely outstanding pasta, will come back again. The food was charming too.	1
The coffee was quick.	1
Absolutely impressive waitress, will come back again. The pizza was fresh too.	1
I loved the delicious waitress here.	1
What a unfriendly place, the soup fell far short. The staff was noisy too.	0
The place was stale. The salad was unfriendly too.	0
Absolutely fantastic coffee, will come back again.	1
I hated the bad salad here.	0
Absolutely wonderful soup, will come back again.	1
I loved the lovely chef here. The soup was perfect too.	1
Worst salad I've had in a long time, truly slow. The menu was greasy too.	0
Absolutely delicious steak, will come back again.	1
We really enjoyed the excellent burger tonight. The waitress was delightful too.	1
The ambience here is mediocre and not worth the money.	0
Worst staff I've had in a long time, truly awful. The waiter was noisy too.	0
Absolutely generous restaurant, will come back again.	1
amazing menu and a great atmosphere overall.	1
Would not recommend, the sushi was unfriendly. The ambience was bad too.	0
I loved the cozy chef here. The food was cozy too.	1
The restaurant was perfect.	1
I hated the dirty pizza here.	0
I hated the disappointing pizza here.	0
Absolutely noisy chef, never coming back. The waiter was overpriced too.	0
I hated the horrible waitress here.	0
The ambience was rude. The restaurant was noisy too.	0
Absolutely cold steak, never coming back. The ambience was awful too.	0
What a quick place, the bread exceeded expectations.	1
The place was great.	1
What a overpriced place, the food fell far short. The soup was rude too.	0
We really regretted the horrible sushi tonight. The waitress was terrible too.	0
Such a quick experience with the coffee.	1
What a tasty place, the menu exceeded expectations.	1
delicious dessert and a great atmosphere overall. The ambience was flavorful too.	1
Worst waitress I've had in a long time, truly terrible. The coffee was terrible too.	0
The service was tasteless.	0
Such a charming experience with the service. The salad was excellent too.	1
What a awful place, the dessert fell far short.	0
Worst service I've had in a long time, truly dirty.	0
I hated the greasy pasta here.	0
Absolutely great pasta, will come back again. The waitress was great too.	1
Best ambience I've had in a long time, truly delicious. The waiter was delightful too.	1
The soup was unfriendly.	0
I hated the noisy staff here.	0
The coffee here is cold and not worth the money.	0
disappointing bread and a poor atmosphere overall.	0
The burger was unfriendly. The staff was bad too.	0
What a perfect place, the chef exceeded expectations.	1
We really regretted the cold staff tonight.	0
The steak was dirty.	0
Such a stale experience with the service.	0
I loved the tasty steak here. The chef was superb too.	1
What a excellent place, the restaurant exceeded expectations. The bread was fresh too.	1
The bread was horrible.	0
Such a delicious experience with the soup.	1
charming pasta and a great atmosphere overall.	1
We really enjoyed the friendly dessert tonight.	1
I loved the outstanding menu here.	1
We really enjoyed the perfect pizza tonight. The salad was wonderful too.	1
Highly recommend, the sushi was amazing. The service was generous too.	1
The bread was awful. The bread was bland too.	0
The food was fantastic. The restaurant was amazing too.	1
Such a wonderful experience with the coffee. The place was friendly too.	1
What a unfriendly place, the food fell far short. The chef was dirty too.	0
Would not recommend, the sushi was soggy.	0
cold dessert and a poor atmosphere overall. The soup was terrible too.	0
The sushi here is horrible and not worth the money. The salad was awful too.	0
What a fresh place, the burger exceeded expectations. The ambience was great too.	1
Absolutely wonderful waitress, will come back again.	1
Absolutely generous chef, will come back again.	1
The food here is outstanding and worth every penny.	1
rude service and a poor atmosphere overall. The waiter was soggy too.	0
Best pasta I've had in a long time, truly quick.	1
I loved the wonderful soup here.	1
tasteless soup and a poor atmosphere overall.	0
What a perfect place, the ambience exceeded expectations.	1
What a tasty place, the menu exceeded expectations.	1
Such a superb experience with the burger.	1
The staff was charming. The bread was lovely too.	1
bad bread and a poor atmosphere overall. The pasta was greasy too.	0
Such a overpriced experience with the burger.	0
overpriced chef and a poor atmosphere overall.	0
The service was unfriendly.	0
Such a tasteless experience with the chef.	0
The chef here is delightful and worth every penny.	1
Highly recommend, the menu was fantastic.	1
What a rude place, the burger fell far short. The waiter was greasy too.	0
We really regretted the rude soup tonight.	0
Such a rude experience with the steak. The staff was tasteless too.	0
I loved the excellent staff here.	1
underwhelming waitress and a poor atmosphere overall.	0
delightful coffee and a great atmosphere overall. The food was friendly too.	1
Highly recommend, the waitress was outstanding.	1
Absolutely cozy chef, will come back again.	1
superb restaurant and a great atmosphere overall. The restaurant was impressive too.	1
Worst menu I've had in a long time, truly burnt. The service was greasy too.	0
The pasta was outstanding.	1
charming soup and a great atmosphere overall. The menu was perfect too.	1
What a horrible place, the ambience fell far short.	0
The coffee here is fantastic and worth every penny. The coffee was friendly too.	1
What a wonderful place, the service exceeded expectations.	1
Absolutely fresh steak, will come back again.	1
Worst pizza I've had in a long time, truly bland.	0
We really enjoyed the amazing menu tonight. The salad was fantastic too.	1
The salad here is delicious and worth every penny.	1
soggy sushi and a poor atmosphere overall.	0
The staff was dirty.	0
The pizza here is fresh and worth every penny.	1
What a excellent place, the staff exceeded expectations.	1
Worst salad I've had in a long time, truly stale. The staff was soggy too.	0
We really enjoyed the tasty menu tonight.	1
We really regretted the greasy place tonight.	0
Best pasta I've had in a long time, truly wonderful. The pasta was fresh too.	1
The coffee was slow.	0
The salad was superb.	1
Would not recommend, the service was bad.	0
Worst chef I've had in a long time, truly tasteless. The steak was disappointing too.	0
underwhelming steak and a poor atmosphere overall.	0
We really regretted the horrible pizza tonight. The ambience was bland too.	0
The burger here is rude and not worth the money.	0
I loved the superb staff here.	1
What a wonderful place, the pizza exceeded expectations. The waitress was great too.	1
Absolutely soggy burger, never coming back.	0
fresh burger and a great atmosphere overall. The steak was great too.	1
Absolutely cozy chef, will come back again.	1
We really enjoyed the flavorful dessert tonight. The ambience was great too.	1
The burger was friendly. The burger was great too.	1
The salad here is friendly and worth every penny. The service was delicious too.	1
Best soup I've had in a long time, truly wonderful.	1
Worst coffee I've had in a long time, truly disappointing.	0
We really enjoyed the wonderful waitress tonight.	1
We really enjoyed the flavorful bread tonight.	1
The steak was perfect. The pasta was flavorful too.	1
Worst place I've had in a long time, truly greasy. The menu was bad too.	0
Absolutely amazing burger, will come back again.	1
Best waiter I've had in a long time, truly quick.	1
Absolutely outstanding waitress, will come back again.	1
Worst ambience I've had in a long time, truly underwhelming. The chef was dirty too.	0
The burger here is outstanding and worth every penny. The pasta was impressive too.	1
Such a noisy experience with the coffee.	0
Best dessert I've had in a long time, truly delightful. The ambience was lovely too.	1
The waiter was rude.	0
The burger was bad. The burger was underwhelming too.	0
Would not recommend, the ambience was dirty.	0
The menu was delightful. The bread was generous too.	1
Absolutely unfriendly ambience, never coming back.	0
Such a stale experience with the service.	0
Would not recommend, the steak was slow.	0
Such a soggy experience with the dessert. The burger was overpriced too.	0
What a wonderful place, the food exceeded expectations.	1
Highly recommend, the chef was fresh. The burger was excellent too.	1
Absolutely delicious burger, will come back again.	1
The burger was charming. The waitress was cozy too.	1
What a horrible place, the coffee fell far short.	0
The bread was delightful.	1
Such a horrible experience with the chef.	0
We really enjoyed the excellent burger tonight. The chef was generous too.	1
Best place I've had in a long time, truly fantastic.	1
We really enjoyed the tasty chef tonight.	1
Worst bread I've had in a long time, truly bland.	0
Absolutely friendly place, will come back again. The sushi was tasty too.	1
I loved the flavorful ambience here. The coffee was flavorful too.	1
The menu here is great and worth every penny. The menu was great too.	1
cold soup and a poor atmosphere overall.	0
Absolutely quick place, will come back again. The ambience was delightful too.	1
What a cozy place, the bread exceeded expectations.	1
underwhelming waitress and a poor atmosphere overall. The staff was soggy too.	0
The restaurant here is rude and not worth the money.	0
The waiter here is wonderful and worth every penny.	1
We really enjoyed the quick bread tonight. The chef was fantastic too.	1
I loved the generous ambience here.	1
Worst coffee I've had in a long time, truly noisy.	0
We really regretted the tasteless restaurant tonight.	0
Worst waiter I've had in a long time, truly disappointing.	0
The salad was cozy.	1
Such a unfriendly experience with the food. The staff was overpriced too.	0
The chef here is fresh and worth every penny. The restaurant was lovely too.	1
I hated the cold sushi here. The steak was soggy too.	0
I hated the rude waiter here.	0
I hated the tasteless soup here.	0
We really enjoyed the amazing salad tonight.	1
We really enjoyed the generous waitress tonight.	1
I loved the tasty salad here. The ambience was lovely too.	1
Highly recommend, the steak was fresh. The ambience was lovely too.	1
Worst waiter I've had in a long time, truly dirty.	0
Such a superb experience with the pizza. The waiter was great too.	1
Absolutely cold service, never coming back. The pasta was horrible too.	0
What a outstanding place, the chef exceeded expectations. The soup was impressive too.	1
What a superb place, the salad exceeded expectations.	1
The chef was underwhelming. The sushi was terrible too.	0
Would not recommend, the dessert was mediocre.	0
Highly recommend, the restaurant was superb. The service was great too.	1
Best burger I've had in a long time, truly tasty. The ambience was tasty too.	1
What a underwhelming place, the ambience fell far short.	0
Would not recommend, the pizza was mediocre.	0
The waitress here is greasy and not worth the money.	0
I hated the soggy soup here. The ambience was disappointing too.	0
We really regretted the mediocre restaurant tonight.	0
The soup was wonderful. The food was perfect too.	1
The restaurant here is impressive and worth every penny. The salad was wonderful too.	1
What a great place, the staff exceeded expectations.	1
The burger here is generous and worth every penny.	1
awful steak and a poor atmosphere overall.	0
Absolutely burnt sushi, never coming back. The soup was disappointing too.	0
Absolutely underwhelming coffee, never coming back.	0
The place was wonderful. The restaurant was impressive too.	1
Such a soggy experience with the salad.	0
I hated the awful salad here. The food was dirty too.	0
The salad here is superb and worth every penny.	1
great waitress and a great atmosphere overall.	1
Highly recommend, the service was friendly. The pizza was delicious too.	1
The pasta was terrible.	0
stale steak and a poor atmosphere overall.	0
I loved the tasty staff here.	1
Such a tasty experience with the burger.	1
The dessert here is underwhelming and not worth the money. The place was cold too.	0
The place here is superb and worth every penny.	1
Absolutely unfriendly salad, never coming back.	0
I loved the delightful sushi here.	1
What a delicious place, the salad exceeded expectations.	1
The pizza here is friendly and worth every penny. The waitress was outstanding too.	1
The soup was slow.	0
The dessert here is noisy and not worth the money.	0
The menu was friendly.	1
bland food and a poor atmosphere overall.	0
I loved the fantastic food here. The menu was quick too.	1
delightful food and a great atmosphere overall. The salad was lovely too.	1
The dessert here is disappointing and not worth the money.	0
Absolutely disappointing sushi, never coming back. The soup was mediocre too.	0
Worst service I've had in a long time, truly cold. The menu was terrible too.	0
Absolutely overpriced dessert, never coming back.	0
Absolutely quick dessert, will come back again.	1
Would not recommend, the bread was burnt.	0
The bread here is terrible and not worth the money.	0
The sushi here is delicious and worth every penny.	1
Best bread I've had in a long time, truly outstanding. The place was friendly too.	1
Absolutely tasty soup, will come back again.	1
We really enjoyed the outstanding service tonight.	1
I hated the cold pasta here.	0
Worst soup I've had in a long time, truly disappointing. The place was terrible too.	0
What a cozy place, the pizza exceeded expectations. The ambience was friendly too.	1
The sushi was generous.	1
I hated the slow dessert here.	0
soggy steak and a poor atmosphere overall.	0
Such a stale experience with the service.	0
The restaurant was noisy. The coffee was soggy too.	0
Worst soup I've had in a long time, truly slow.	0
We really enjoyed the outstanding bread tonight.	1
Highly recommend, the menu was delightful. The sushi was amazing too.	1
We really enjoyed the generous menu tonight. The staff was wonderful too.	1
Highly recommend, the service was superb.	1
The waitress here is noisy and not worth the money.	0
We really enjoyed the delicious menu tonight. The chef was charming too.	1
The staff here is disappointing and not worth the money.	0
I hated the dirty soup here.	0
The food was tasteless.	0
Such a cold experience with the bread.	0
We really regretted the bland ambience tonight.	0
The food here is awful and not worth the money.	0
I hated the greasy dessert here.	0
The restaurant here is tasty and worth every penny.	1
What a terrible place, the place fell far short. The steak was rude too.	0
Such a outstanding experience with the steak.	1
Best ambience I've had in a long time, truly wonderful.	1
The waitress here is bland and not worth the money. The restaurant was noisy too.	0
The bread was bad. The service was unfriendly too.	0
I loved the wonderful menu here. The soup was perfect too.	1
flavorful place and a great atmosphere overall. The place was lovely too.	1
Absolutely fresh coffee, will come back again. The service was delightful too.	1
Absolutely outstanding ambience, will come back again.	1
Absolutely bland waitress, never coming back. The waitress was noisy too.	0
I hated the soggy pasta here.	0
I hated the terrible service here. The menu was overpriced too.	0
fantastic food and a great atmosphere overall.	1
Worst ambience I've had in a long time, truly tasteless.	0
Such a generous experience with the ambience. The bread was tasty too.	1
The ambience here is soggy and not worth the money. The pizza was greasy too.	0
Absolutely friendly pasta, will come back again. The coffee was amazing too.	1
What a stale place, the sushi fell far short.	0
Would not recommend, the steak was disappointing.	0
Best soup I've had in a long time, truly amazing.	1
What a amazing place, the dessert exceeded expectations.	1
Highly recommend, the burger was excellent.	1
Such a charming experience with the waitress. The steak was generous too.	1
I loved the excellent sushi here. The coffee was flavorful too.	1
The waiter here is bad and not worth the money.	0
Best place I've had in a long time, truly delicious.	1
What a bad place, the dessert fell far short.	0
Worst staff I've had in a long time, truly dirty. The bread was greasy too.	0
Worst soup I've had in a long time, truly dirty. The waitress was stale too.	0
Absolutely tasteless pizza, never coming back. The sushi was disappointing too.	0
The restaurant here is burnt and not worth the money. The coffee was underwhelming too.	0
Highly recommend, the waiter was impressive. The waiter was amazing too.	1
I loved the delightful restaurant here.	1
rude chef and a poor atmosphere overall. The place was overpriced too.	0
The burger was slow. The steak was underwhelming too.	0
Such a fantastic experience with the coffee. The dessert was friendly too.	1
Such a superb experience with the restaurant. The service was wonderful too.	1
Such a bland experience with the burger. The place was cold too.	0
The menu here is great and worth every penny.	1
I loved the excellent pasta here. The chef was flavorful too.	1
Best coffee I've had in a long time, truly amazing. The salad was wonderful too.	1
We really regretted the underwhelming restaurant tonight. The restaurant was mediocre too.	0
What a lovely place, the service exceeded expectations.	1
What a underwhelming place, the salad fell far short.	0
Absolutely bad coffee, never coming back. The soup was mediocre too.	0
I hated the bland pasta here. The food was bad too.	0
What a greasy place, the waitress fell far short.	0
We really regretted the rude chef tonight.	0
What a tasty place, the menu exceeded expectations.	1
We really regretted the awful food tonight. The place was unfriendly too.	0
Worst pasta I've had in a long time, truly underwhelming. The dessert was rude too.	0
I hated the awful restaurant here. The sushi was terrible too.	0
Absolutely wonderful pasta, will come back again.	1
Such a impressive experience with the dessert. The restaurant was tasty too.	1
The bread here is great and worth every penny. The place was quick too.	1
quick staff and a great atmosphere overall.	1
The salad here is flavorful and worth every penny.	1
We really enjoyed the impressive waitress tonight. The place was fantastic too.	1
What a cozy place, the salad exceeded expectations. The staff was fantastic too.	1
We really regretted the dirty place tonight.	0
Such a slow experience with the chef.	0
I loved the flavorful menu here. The dessert was cozy too.	1
Absolutely terrible ambience, never coming back.	0
disappointing restaurant and a poor atmosphere overall.	0
Highly recommend, the pasta was outstanding.	1
What a horrible place, the pasta fell far short.	0
The chef here is bland and not worth the money.	0
Best bread I've had in a long time, truly flavorful.	1
Worst coffee I've had in a long time, truly terrible.	0
I loved the great chef here.	1
The sushi here is cozy and worth every penny.	1
The burger was awful. The sushi was stale too.	0
The coffee here is unfriendly and not worth the money. The pasta was overpriced too.	0
Such a unfriendly experience with the chef.	0
The waitress here is delicious and worth every penny. The ambience was generous too.	1
Highly recommend, the place was fantastic.	1
Highly recommend, the waitress was great. The sushi was generous too.	1
We really regretted the greasy pizza tonight.	0
We really regretted the mediocre soup tonight.	0
Absolutely superb pasta, will come back again.	1
I hated the overpriced pizza here.	0
Worst coffee I've had in a long time, truly cold.	0
I loved the lovely steak here.	1
Best steak I've had in a long time, truly perfect. The chef was delightful too.	1
We really regretted the terrible chef tonight.	0
We really enjoyed the flavorful service tonight.	1
Worst pasta I've had in a long time, truly dirty.	0
I loved the amazing food here.	1
I loved the perfect place here. The waiter was superb too.	1
I loved the excellent soup here.	1
Worst soup I've had in a long time, truly burnt. The restaurant was stale too.	0
Worst service I've had in a long time, truly dirty. The waiter was tasteless too.	0
We really enjoyed the flavorful place tonight. The bread was superb too.	1
Absolutely outstanding waitress, will come back again.	1
Absolutely lovely ambience, will come back again.	1
We really regretted the disappointing burger tonight. The coffee was slow too.	0
Absolutely amazing restaurant, will come back again. The burger was great too.	1
The food here is quick and worth every penny.	1
We really enjoyed the delicious ambience tonight. The steak was excellent too.	1
The service here is fantastic and worth every penny.	1
What a awful place, the waitress fell far short.	0
Absolutely bad pizza, never coming back. The service was noisy too.	0
I loved the excellent pizza here.	1
What a horrible place, the steak fell far short. The waiter was awful too.	0
terrible dessert and a poor atmosphere overall.	0
What a horrible place, the service fell far short. The place was tasteless too.	0
The bread here is cozy and worth every penny. The dessert was wonderful too.	1
The menu here is horrible and not worth the money.	0
I hated the bland burger here.	0
Absolutely awful food, never coming back. The soup was horrible too.	0
The sushi was friendly. The waitress was wonderful too.	1
I loved the excellent pizza here.	1
Worst place I've had in a long time, truly bad. The ambience was underwhelming too.	0
What a rude place, the soup fell far short.	0
cozy steak and a great atmosphere overall. The staff was perfect too.	1
Absolutely perfect menu, will come back again. The sushi was delicious too.	1
I hated the disappointing pasta here.	0
We really regretted the bad service tonight. The restaurant was burnt too.	0
What a perfect place, the chef exceeded expectations.	1
Highly recommend, the salad was outstanding.	1
The ambience here is underwhelming and not worth the money. The ambience was awful too.	0
flavorful staff and a great atmosphere overall.	1
We really regretted the soggy sushi tonight.	0
The coffee was soggy. The staff was disappointing too.	0
Absolutely dirty service, never coming back.	0
Such a wonderful experience with the soup.	1
Absolutely rude dessert, never coming back. The sushi was tasteless too.	0
The service here is stale and not worth the money.	0
Such a friendly experience with the food.	1
Highly recommend, the burger was perfect.	1
The ambience here is burnt and not worth the money.	0
Absolutely cold burger, never coming back.	0
Best ambience I've had in a long time, truly superb.	1
What a generous place, the restaurant exceeded expectations. The soup was impressive too.	1
Absolutely delicious sushi, will come back again. The pasta was friendly too.	1
What a horrible place, the staff fell far short.	0
We really regretted the greasy service tonight.	0
Absolutely awful staff, never coming back.	0
The waitress here is superb and worth every penny. The soup was delicious too.	1
We really regretted the disappointing burger tonight.	0
What a excellent place, the service exceeded expectations.	1
Worst chef I've had in a long time, truly awful. The steak was mediocre too.	0
We really enjoyed the fresh waiter tonight.	1
The burger here is horrible and not worth the money.	0
The ambience here is terrible and not worth the money.	0
I loved the great dessert here.	1
Best service I've had in a long time, truly friendly.	1
Absolutely rude pizza, never coming back.	0
I loved the delightful sushi here.	1
Highly recommend, the staff was flavorful. The waiter was superb too.	1
We really regretted the rude salad tonight. The soup was bland too.	0
The ambience here is delightful and worth every penny.	1
What a slow place, the restaurant fell far short. The dessert was overpriced too.	0
I hated the stale bread here.	0
flavorful steak and a great atmosphere overall. The ambience was superb too.	1
Absolutely excellent sushi, will come back again.	1
Would not recommend, the dessert was soggy.	0
mediocre pizza and a poor atmosphere overall. The soup was burnt too.	0
The menu here is overpriced and not worth the money. The menu was disappointing too.	0
Such a soggy experience with the sushi. The place was dirty too.	0
rude soup and a poor atmosphere overall.	0
Would not recommend, the ambience was horrible. The food was underwhelming too.	0
superb soup and a great atmosphere overall. The service was amazing too.	1
Absolutely excellent service, will come back again.	1
What a amazing place, the dessert exceeded expectations. The waitress was amazing too.	1
The burger was underwhelming.	0
Such a delicious experience with the bread.	1
The chef here is bland and not worth the money. The place was disappointing too.	0
We really regretted the greasy sushi tonight.	0
Such a impressive experience with the sushi.	1
Would not recommend, the restaurant was mediocre.	0
The soup here is tasteless and not worth the money. The waitress was slow too.	0
Such a overpriced experience with the salad.	0
Such a soggy experience with the soup. The pasta was terrible too.	0
Would not recommend, the sushi was rude. The salad was dirty too.	0
I hated the soggy salad here.	0
Highly recommend, the waitress was great. The coffee was amazing too.	1
Would not recommend, the salad was burnt.	0
What a terrible place, the burger fell far short. The ambience was rude too.	0
The chef here is slow and not worth the money.	0
Absolutely slow steak, never coming back.	0
Absolutely perfect salad, will come back again. The pizza was wonderful too.	1
Absolutely excellent sushi, will come back again.	1
Worst place I've had in a long time, truly tasteless. The steak was awful too.	0
What a horrible place, the place fell far short.	0
What a rude place, the menu fell far short.	0
Best chef I've had in a long time, truly perfect. The ambience was outstanding too.	1
The staff was quick.	1
What a lovely place, the waiter exceeded expectations.	1
Such a fresh experience with the place.	1
Worst waitress I've had in a long time, truly terrible.	0
What a wonderful place, the steak exceeded expectations.	1
I loved the flavorful pasta here.	1
I hated the soggy staff here. The restaurant was terrible too.	0
Such a slow experience with the chef.	0
I loved the impressive place here.	1
Best ambience I've had in a long time, truly outstanding.	1
tasty waitress and a great atmosphere overall.	1
I loved the outstanding coffee here.	1
Worst chef I've had in a long time, truly mediocre. The salad was noisy too.	0
unfriendly staff and a poor atmosphere overall.	0
We really enjoyed the impressive waitress tonight.	1
Such a wonderful experience with the waiter. The pasta was impressive too.	1
I loved the superb soup here.	1
The pizza was generous.	1
Absolutely perfect menu, will come back again. The place was quick too.	1
Such a mediocre experience with the restaurant. The chef was underwhelming too.	0
Absolutely stale burger, never coming back. The place was rude too.	0
I hated the slow pasta here.	0
Such a flavorful experience with the soup.	1
The staff was impressive.	1
Such a bad experience with the burger. The steak was cold too.	0
What a rude place, the service fell far short.	0
Highly recommend, the bread was fresh. The coffee was tasty too.	1
We really regretted the rude pizza tonight. The pasta was tasteless too.	0
I loved the outstanding menu here.	1
Such a quick experience with the steak.	1
I hated the overpriced pasta here.	0
I hated the unfriendly staff here.	0
Such a overpriced experience with the ambience.	0
I loved the generous burger here.	1
Such a tasty experience with the burger.	1
Worst coffee I've had in a long time, truly rude. The sushi was mediocre too.	0
Absolutely impressive bread, will come back again.	1
delicious restaurant and a great atmosphere overall.	1
What a impressive place, the restaurant exceeded expectations.	1
Would not recommend, the burger was tasteless.	0
The waiter here is cozy and worth every penny. The place was charming too.	1
I hated the noisy waitress here.	0
bland coffee and a poor atmosphere overall.	0
What a lovely place, the dessert exceeded expectations.	1
Worst place I've had in a long time, truly greasy. The waitress was tasteless too.	0
Such a tasty experience with the place.	1
Such a cold experience with the waitress.	0
I hated the horrible pasta here.	0
Best waitress I've had in a long time, truly amazing. The pizza was generous too.	1
Such a underwhelming experience with the food. The staff was slow too.	0
We really regretted the stale sushi tonight. The salad was dirty too.	0
Absolutely bland pizza, never coming back. The coffee was unfriendly too.	0
amazing pasta and a great atmosphere overall.	1
What a wonderful place, the chef exceeded expectations.	1
The restaurant here is awful and not worth the money. The waitress was rude too.	0
I hated the disappointing salad here.	0
We really regretted the horrible place tonight.	0
Highly recommend, the chef was outstanding. The burger was flavorful too.	1
I loved the amazing burger here.	1
Worst restaurant I've had in a long time, truly dirty. The place was bad too.	0
The steak was outstanding. The place was quick too.	1
Such a lovely experience with the place.	1
Such a delicious experience with the burger.	1
wonderful chef and a great atmosphere overall.	1
We really regretted the dirty pasta tonight.	0
What a delicious place, the soup exceeded expectations. The burger was wonderful too.	1
What a delicious place, the dessert exceeded expectations. The menu was quick too.	1
Would not recommend, the service was disappointing. The steak was rude too.	0
Absolutely soggy coffee, never coming back. The menu was slow too.	0
delightful salad and a great atmosphere overall.	1
Such a lovely experience with the menu.	1
What a dirty place, the bread fell far short.	0
We really regretted the bad salad tonight.	0
Would not recommend, the coffee was dirty.	0
Absolutely wonderful soup, will come back again. The burger was fresh too.	1
Such a quick experience with the sushi.	1
We really regretted the soggy waiter tonight. The chef was cold too.	0
Such a superb experience with the waitress.	1
Worst steak I've had in a long time, truly unfriendly. The menu was unfriendly too.	0
The burger was superb.	1
What a soggy place, the soup fell far short. The restaurant was unfriendly too.	0
burnt burger and a poor atmosphere overall. The service was unfriendly too.	0
Absolutely generous soup, will come back again.	1
I loved the perfect steak here.	1
The menu here is delightful and worth every penny.	1
What a lovely place, the staff exceeded expectations.	1
I loved the excellent burger here. The pasta was delicious too.	1
We really enjoyed the friendly soup tonight.	1
Absolutely greasy restaurant, never coming back.	0
The dessert here is flavorful and worth every penny. The food was superb too.	1
We really regretted the underwhelming waiter tonight.	0
Worst food I've had in a long time, truly disappointing. The chef was mediocre too.	0
The ambience was fresh.	1
What a noisy place, the chef fell far short.	0
What a terrible place, the staff fell far short. The dessert was cold too.	0
The salad was lovely.	1
perfect pizza and a great atmosphere overall. The service was perfect too.	1
We really enjoyed the great place tonight. The restaurant was impressive too.	1
The restaurant was slow.	0
Such a great experience with the steak.	1
What a excellent place, the food exceeded expectations.	1
I loved the great service here. The burger was generous too.	1
What a delightful place, the waiter exceeded expectations. The dessert was superb too.	1
Such a slow experience with the steak.	0
The menu was delightful. The sushi was superb too.	1
Worst sushi I've had in a long time, truly greasy. The bread was greasy too.	0
wonderful pasta and a great atmosphere overall. The menu was fresh too.	1
The bread here is burnt and not worth the money.	0
I hated the tasteless waitress here.	0
The service here is disappointing and not worth the money.	0
Absolutely charming service, will come back again. The menu was delicious too.	1
The place was mediocre.	0
What a perfect place, the burger exceeded expectations. The dessert was impressive too.	1
I loved the lovely pizza here.	1
Such a tasty experience with the sushi. The pizza was delicious too.	1
Highly recommend, the chef was fantastic.	1
Highly recommend, the restaurant was fantastic. The ambience was amazing too.	1
What a disappointing place, the waitress fell far short. The pizza was bland too.	0
We really enjoyed the friendly coffee tonight.	1
I hated the cold coffee here.	0
The food was burnt. The pizza was burnt too.	0
overpriced bread and a poor atmosphere overall.	0
Absolutely terrible sushi, never coming back.	0
What a bad place, the dessert fell far short.	0
dirty pizza and a poor atmosphere overall. The staff was bland too.	0
Worst salad I've had in a long time, truly disappointing. The chef was rude too.	0
Such a friendly experience with the coffee.	1
Absolutely horrible soup, never coming back. The food was rude too.	0
The pizza here is cozy and worth every penny.	1
Such a awful experience with the restaurant. The dessert was unfriendly too.	0
Worst staff I've had in a long time, truly stale. The service was unfriendly too.	0
What a disappointing place, the food fell far short.	0
Would not recommend, the sushi was slow.	0
What a fresh place, the salad exceeded expectations. The soup was great too.	1
We really enjoyed the friendly food tonight. The menu was cozy too.	1
generous waiter and a great atmosphere overall.	1
The steak here is disappointing and not worth the money.	0
The service here is rude and not worth the money.	0
What a soggy place, the ambience fell far short.	0
Highly recommend, the waiter was fresh. The dessert was outstanding too.	1
I hated the terrible waiter here. The place was dirty too.	0
The pasta here is lovely and worth every penny.	1
What a flavorful place, the pasta exceeded expectations. The chef was perfect too.	1
I hated the dirty service here.	0
The bread was bad.	0
I loved the excellent restaurant here.	1
Best chef I've had in a long time, truly generous.	1
Best service I've had in a long time, truly wonderful.	1
Such a soggy experience with the salad.	0
Absolutely disappointing food, never coming back. The burger was cold too.	0
We really regretted the overpriced service tonight. The staff was awful too.	0
We really regretted the unfriendly restaurant tonight. The steak was bad too.	0
I hated the dirty steak here. The menu was bad too.	0
We really regretted the awful service tonight.	0
Such a tasty experience with the waitress.	1
Best waiter I've had in a long time, truly excellent. The ambience was quick too.	1
What a charming place, the waitress exceeded expectations.	1
We really regretted the rude place tonight. The waiter was cold too.	0
The menu here is tasty and worth every penny. The dessert was charming too.	1
Worst waiter I've had in a long time, truly unfriendly.	0
Absolutely horrible dessert, never coming back. The waiter was unfriendly too.	0
The steak was delightful.	1
The soup here is greasy and not worth the money. The pasta was underwhelming too.	0
We really enjoyed the tasty dessert tonight.	1
Highly recommend, the menu was generous.	1
dirty waiter and a poor atmosphere overall.	0
Highly recommend, the coffee was superb.	1
flavorful pasta and a great atmosphere overall.	1
We really enjoyed the outstanding dessert tonight.	1
I loved the outstanding food here.	1
awful dessert and a poor atmosphere overall.	0
The soup here is quick and worth every penny.	1
Best staff I've had in a long time, truly fantastic.	1
What a outstanding place, the food exceeded expectations. The steak was quick too.	1
The coffee was bad. The waiter was mediocre too.	0
What a friendly place, the burger exceeded expectations.	1
Would not recommend, the dessert was awful. The pasta was horrible too.	0
amazing waitress and a great atmosphere overall. The waiter was cozy too.	1
The dessert here is delicious and worth every penny. The restaurant was generous too.	1
Absolutely amazing steak, will come back again. The salad was excellent too.	1
Absolutely tasteless waiter, never coming back. The pizza was burnt too.	0
What a rude place, the food fell far short.	0
stale pasta and a poor atmosphere overall.	0
underwhelming restaurant and a poor atmosphere overall. The place was greasy too.	0
The coffee here is bad and not worth the money.	0
Worst sushi I've had in a long time, truly bland.	0
Best restaurant I've had in a long time, truly delightful. The bread was delightful too.	1
Worst pizza I've had in a long time, truly burnt. The pizza was tasteless too.	0
What a lovely place, the coffee exceeded expectations.	1
I hated the unfriendly salad here.	0
Worst dessert I've had in a long time, truly overpriced.	0
Absolutely tasteless salad, never coming back. The sushi was tasteless too.	0
The staff was wonderful.	1
Would not recommend, the service was bland. The pasta was noisy too.	0
I hated the overpriced chef here. The pasta was unfriendly too.	0
Such a fresh experience with the waitress.	1
Highly recommend, the food was impressive.	1
Best place I've had in a long time, truly delicious.	1
What a outstanding place, the pasta exceeded expectations.	1
We really regretted the unfriendly place tonight.	0
The burger was delicious.	1
We really regretted the unfriendly dessert tonight. The coffee was disappointing too.	0
Worst burger I've had in a long time, truly greasy.	0
I loved the excellent burger here. The pasta was excellent too.	1
The food here is soggy and not worth the money.	0
Highly recommend, the coffee was excellent.	1
The waitress here is tasteless and not worth the money.	0
We really enjoyed the charming chef tonight. The steak was delicious too.	1
I loved the lovely dessert here. The place was delightful too.	1
Such a impressive experience with the service.	1
The chef was generous.	1
impressive chef and a great atmosphere overall.	1
I loved the friendly food here.	1
The waitress here is noisy and not worth the money. The dessert was cold too.	0
The waiter here is burnt and not worth the money.	0
disappointing bread and a poor atmosphere overall.	0
What a superb place, the steak exceeded expectations.	1
We really regretted the rude bread tonight.	0
What a quick place, the service exceeded expectations.	1
slow restaurant and a poor atmosphere overall.	0
dirty place and a poor atmosphere overall.	0
The burger was delightful.	1
Absolutely soggy food, never coming back.	0
The place was terrible. The pizza was dirty too.	0
The staff was slow.	0
What a superb place, the burger exceeded expectations.	1
I hated the noisy ambience here. The sushi was disappointing too.	0
The burger here is delightful and worth every penny.	1
dirty bread and a poor atmosphere overall. The sushi was dirty too.	0
The soup here is soggy and not worth the money.	0
Would not recommend, the staff was overpriced.	0
The coffee was underwhelming. The coffee was bland too.	0
Such a fantastic experience with the staff. The sushi was delightful too.	1
Such a rude experience with the steak. The burger was overpriced too.	0
I loved the perfect waiter here.	1
We really enjoyed the amazing chef tonight.	1
We really regretted the slow place tonight.	0
Such a mediocre experience with the salad. The coffee was underwhelming too.	0
Highly recommend, the salad was delicious.	1
Absolutely excellent menu, will come back again.	1
Absolutely slow coffee, never coming back.	0
Would not recommend, the pasta was greasy. The pizza was tasteless too.	0
We really regretted the unfriendly place tonight.	0
cold bread and a poor atmosphere overall.	0
We really regretted the dirty soup tonight. The service was greasy too.	0
What a outstanding place, the restaurant exceeded expectations.	1
Would not recommend, the food was rude. The restaurant was stale too.	0
The place was underwhelming.	0
I loved the fresh bread here. The sushi was perfect too.	1
The menu was stale. The service was tasteless too.	0
Absolutely noisy sushi, never coming back. The staff was underwhelming too.	0
Such a fresh experience with the pizza.	1
Such a cold experience with the coffee.	0
The waiter was excellent. The steak was wonderful too.	1
What a underwhelming place, the salad fell far short.	0
greasy dessert and a poor atmosphere overall. The staff was horrible too.	0
The chef was terrible.	0
Absolutely cozy service, will come back again.	1
The restaurant was perfect.	1
The ambience here is quick and worth every penny.	1
tasty steak and a great atmosphere overall. The soup was wonderful too.	1
Worst place I've had in a long time, truly overpriced. The place was cold too.	0
The pizza here is perfect and worth every penny.	1
What a charming place, the ambience exceeded expectations. The soup was wonderful too.	1
Highly recommend, the soup was great. The soup was impressive too.	1
The burger here is dirty and not worth the money.	0
What a stale place, the soup fell far short.	0
We really enjoyed the lovely dessert tonight.	1
We really enjoyed the lovely service tonight. The pasta was wonderful too.	1
Worst place I've had in a long time, truly bad.	0
What a perfect place, the soup exceeded expectations. The burger was friendly too.	1
The steak here is fantastic and worth every penny. The pasta was quick too.	1
The dessert here is flavorful and worth every penny.	1
Absolutely outstanding pasta, will come back again. The coffee was cozy too.	1
The bread here is horrible and not worth the money. The food was burnt too.	0
The salad was overpriced. The staff was underwhelming too.	0
Absolutely greasy bread, never coming back. The salad was cold too.	0
What a quick place, the pizza exceeded expectations.	1
The sushi here is outstanding and worth every penny.	1
We really regretted the disappointing salad tonight.	0
I hated the bad restaurant here.	0
Absolutely slow burger, never coming back. The waiter was tasteless too.	0
Highly recommend, the food was tasty.	1
Absolutely cold burger, never coming back. The restaurant was rude too.	0
Absolutely generous pizza, will come back again. The pasta was great too.	1
Best salad I've had in a long time, truly flavorful. The sushi was delicious too.	1
Such a mediocre experience with the service. The salad was unfriendly too.	0
We really regretted the burnt bread tonight.	0
Best menu I've had in a long time, truly fresh. The food was cozy too.	1
Such a soggy experience with the steak.	0
Worst chef I've had in a long time, truly dirty.	0
excellent bread and a great atmosphere overall.	1
Highly recommend, the waiter was great.	1
The dessert was fantastic.	1
What a cozy place, the dessert exceeded expectations.	1
I loved the cozy soup here.	1
What a unfriendly place, the place fell far short. The bread was cold too.	0
Such a charming experience with the sushi. The food was quick too.	1
Such a tasty experience with the burger.	1
Best soup I've had in a long time, truly outstanding. The pasta was tasty too.	1
What a greasy place, the menu fell far short.	0
We really enjoyed the delightful place tonight. The food was perfect too.	1
Such a impressive experience with the service. The restaurant was perfect too.	1
The menu was delicious.	1
Such a bad experience with the staff. The menu was overpriced too.	0
Such a lovely experience with the restaurant. The coffee was flavorful too.	1
The waiter here is lovely and worth every penny.	1
The pizza was impressive.	1
I hated the slow place here.	0
We really regretted the dirty waiter tonight.	0
noisy bread and a poor atmosphere overall.	0
Absolutely awful staff, never coming back. The place was noisy too.	0
We really enjoyed the excellent coffee tonight.	1
What a lovely place, the burger exceeded expectations. The service was generous too.	1
What a noisy place, the ambience fell far short.	0
Absolutely dirty staff, never coming back.	0
I loved the tasty bread here. The soup was generous too.	1
What a cozy place, the sushi exceeded expectations. The waitress was friendly too.	1
I hated the awful dessert here.	0
Worst service I've had in a long time, truly awful. The food was slow too.	0
bad chef and a poor atmosphere overall. The restaurant was overpriced too.	0
Absolutely horrible place, never coming back. The sushi was dirty too.	0
The staff was amazing. The ambience was quick too.	1
We really regretted the dirty bread tonight.	0
We really regretted the noisy pizza tonight.	0
The pizza here is charming and worth every penny.	1
Highly recommend, the chef was great. The dessert was cozy too.	1
Such a friendly experience with the staff.	1
Absolutely fantastic waiter, will come back again.	1
Absolutely charming staff, will come back again. The menu was flavorful too.	1
I hated the tasteless restaurant here. The salad was soggy too.	0
I hated the disappointing service here. The ambience was slow too.	0
The pizza was bad. The ambience was bad too.	0
Absolutely charming pasta, will come back again.	1
What a slow place, the waiter fell far short. The pasta was horrible too.	0
We really enjoyed the perfect steak tonight. The staff was quick too.	1
The salad here is bland and not worth the money. The salad was awful too.	0
Worst menu I've had in a long time, truly horrible. The pasta was rude too.	0
Absolutely generous menu, will come back again.	1
quick burger and a great atmosphere overall.	1
Absolutely slow ambience, never coming back.	0
I hated the horrible sushi here.	0
The chef was noisy. The dessert was tasteless too.	0
The waiter here is slow and not worth the money.	0
Worst waiter I've had in a long time, truly awful.	0
Absolutely perfect waitress, will come back again. The salad was generous too.	1
delicious bread and a great atmosphere overall. The sushi was great too.	1
The salad was friendly.	1
Highly recommend, the menu was lovely.	1
I hated the bland pizza here.	0
dirty place and a poor atmosphere overall.	0
What a impressive place, the pizza exceeded expectations. The staff was fantastic too.	1
Absolutely stale steak, never coming back. The staff was dirty too.	0
Such a perfect experience with the food.	1
The chef was unfriendly.	0
The waitress was burnt.	0
Worst coffee I've had in a long time, truly overpriced.	0
Highly recommend, the dessert was superb.	1
The pizza here is quick and worth every penny. The bread was generous too.	1
We really enjoyed the delightful dessert tonight.	1
Absolutely perfect sushi, will come back again. The pasta was excellent too.	1
The soup here is awful and not worth the money. The coffee was rude too.	0
tasteless sushi and a poor atmosphere overall.	0
Would not recommend, the soup was underwhelming. The chef was soggy too.	0
Absolutely underwhelming waitress, never coming back.	0
Highly recommend, the pizza was delicious. The coffee was amazing too.	1
We really regretted the horrible bread tonight.	0
Worst salad I've had in a long time, truly stale. The salad was overpriced too.	0
greasy waiter and a poor atmosphere overall.	0
What a delightful place, the soup exceeded expectations. The steak was excellent too.	1
I loved the generous menu here. The food was wonderful too.	1
What a superb place, the salad exceeded expectations.	1
I hated the tasteless menu here.	0
Best bread I've had in a long time, truly flavorful.	1
Absolutely disappointing dessert, never coming back. The pizza was horrible too.	0
The staff was overpriced. The pasta was mediocre too.	0
What a cold place, the burger fell far short.	0
The waiter here is impressive and worth every penny. The service was tasty too.	1
Best waitress I've had in a long time, truly flavorful.	1
What a horrible place, the food fell far short.	0
Would not recommend, the pizza was slow.	0
I loved the delicious burger here.	1
Such a great experience with the chef.	1
The pizza was flavorful.	1
The place here is soggy and not worth the money.	0
The chef was noisy.	0
We really regretted the overpriced sushi tonight. The place was mediocre too.	0
We really enjoyed the wonderful soup tonight. The waiter was flavorful too.	1
The pasta was quick. The food was friendly too.	1
We really enjoyed the generous salad tonight. The food was delightful too.	1
I hated the awful chef here.	0
dirty restaurant and a poor atmosphere overall. The staff was burnt too.	0
I loved the friendly food here. The steak was fresh too.	1
The chef was awful.	0
The food was fantastic.	1
I hated the slow restaurant here. The ambience was burnt too.	0
The menu was delightful. The service was fantastic too.	1
I hated the burnt staff here.	0
The soup here is disappointing and not worth the money.	0
amazing place and a great atmosphere overall.	1
Highly recommend, the waitress was delightful.	1
I loved the delicious staff here. The pasta was great too.	1
Such a quick experience with the staff.	1
Absolutely wonderful bread, will come back again. The soup was friendly too.	1
What a slow place, the burger fell far short.	0
I loved the friendly coffee here.	1
I loved the fantastic restaurant here.	1
Absolutely amazing sushi, will come back again.	1
What a greasy place, the burger fell far short. The steak was awful too.	0
Absolutely perfect waiter, will come back again.	1
Absolutely cozy staff, will come back again.	1
The burger was cozy. The chef was superb too.	1
The salad was tasteless.	0
Absolutely greasy waiter, never coming back.	0
Such a quick experience with the restaurant. The dessert was excellent too.	1
We really regretted the cold pizza tonight.	0
We really enjoyed the cozy pasta tonight.	1
Absolutely disappointing place, never coming back. The food was horrible too.	0
What a tasty place, the staff exceeded expectations.	1
Such a terrible experience with the restaurant. The coffee was mediocre too.	0
We really enjoyed the quick chef tonight. The coffee was excellent too.	1
We really enjoyed the cozy waiter tonight.	1
What a disappointing place, the sushi fell far short. The pasta was unfriendly too.	0
The waitress was fresh.	1
quick ambience and a great atmosphere overall.	1
What a excellent place, the waitress exceeded expectations. The waiter was delightful too.	1
What a lovely place, the waitress exceeded expectations.	1
We really regretted the stale service tonight. The waitress was greasy too.	0
The salad here is outstanding and worth every penny.	1
The steak here is soggy and not worth the money.	0
We really regretted the dirty waitress tonight.	0
We really regretted the overpriced place tonight. The menu was stale too.	0
Would not recommend, the waiter was bad.	0
Highly recommend, the menu was excellent.	1
Absolutely tasty chef, will come back again.	1
bad waiter and a poor atmosphere overall.	0
Highly recommend, the steak was perfect.	1
The restaurant here is underwhelming and not worth the money.	0
The pasta here is quick and worth every penny. The burger was delicious too.	1
The menu was amazing. The place was lovely too.	1
friendly pizza and a great atmosphere overall. The soup was lovely too.	1
Would not recommend, the dessert was disappointing.	0
Absolutely disappointing waiter, never coming back.	0
Such a outstanding experience with the pasta. The ambience was quick too.	1
Absolutely rude coffee, never coming back.	0
unfriendly coffee and a poor atmosphere overall.	0
The sushi here is superb and worth every penny.	1
Such a terrible experience with the restaurant.	0
The salad was charming. The pizza was generous too.	1
What a great place, the ambience exceeded expectations. The dessert was generous too.	1
I loved the amazing sushi here.	1
I hated the cold staff here. The coffee was cold too.	0
Such a wonderful experience with the ambience. The pizza was delightful too.	1
Highly recommend, the burger was excellent. The dessert was charming too.	1
Worst chef I've had in a long time, truly horrible. The staff was horrible too.	0
We really regretted the unfriendly menu tonight.	0
Worst dessert I've had in a long time, truly terrible.	0
I hated the slow salad here.	0
The dessert was great.	1
I hated the burnt salad here. The soup was stale too.	0
The pasta was overpriced. The chef was underwhelming too.	0
The pizza was slow.	0
What a horrible place, the steak fell far short. The chef was mediocre too.	0
The menu was charming.	1
rude coffee and a poor atmosphere overall.	0
We really enjoyed the friendly waiter tonight.	1
I hated the cold pizza here. The staff was awful too.	0
Such a outstanding experience with the chef.	1
I loved the flavorful coffee here. The burger was excellent too.	1
Absolutely greasy waitress, never coming back.	0
The food here is friendly and worth every penny.	1
Such a greasy experience with the place.	0
I loved the cozy menu here.	1
Highly recommend, the pasta was wonderful.	1
The steak was lovely. The pasta was flavorful too.	1
Would not recommend, the burger was overpriced.	0
Best pasta I've had in a long time, truly flavorful. The coffee was impressive too.	1
The sushi here is rude and not worth the money. The salad was bad too.	0
What a charming place, the soup exceeded expectations.	1
Best waiter I've had in a long time, truly lovely. The pasta was amazing too.	1
I loved the wonderful burger here. The place was lovely too.	1
delightful soup and a great atmosphere overall. The sushi was generous too.	1
The coffee here is outstanding and worth every penny. The soup was delicious too.	1
What a generous place, the dessert exceeded expectations.	1
slow ambience and a poor atmosphere overall.	0
What a overpriced place, the menu fell far short. The pizza was terrible too.	0
Worst service I've had in a long time, truly slow.	0
Best menu I've had in a long time, truly delightful.	1
dirty waiter and a poor atmosphere overall.	0
Such a flavorful experience with the chef. The dessert was excellent too.	1
Would not recommend, the pasta was dirty.	0
I hated the awful sushi here. The place was cold too.	0
Best staff I've had in a long time, truly generous. The pizza was tasty too.	1
Such a charming experience with the dessert.	1
Absolutely noisy pasta, never coming back. The staff was tasteless too.	0
The waitress here is noisy and not worth the money. The bread was underwhelming too.	0
I hated the underwhelming bread here.	0
Worst staff I've had in a long time, truly overpriced.	0
Best salad I've had in a long time, truly tasty.	1
I hated the noisy coffee here.	0
Highly recommend, the dessert was perfect.	1
outstanding waiter and a great atmosphere overall. The sushi was tasty too.	1
The salad here is mediocre and not worth the money. The menu was cold too.	0
Absolutely great waitress, will come back again. The salad was delightful too.	1
burnt restaurant and a poor atmosphere overall.	0
The sushi here is charming and worth every penny. The sushi was flavorful too.	1
Best steak I've had in a long time, truly fantastic. The chef was wonderful too.	1
We really regretted the noisy service tonight.	0
delicious dessert and a great atmosphere overall. The soup was fantastic too.	1
Best restaurant I've had in a long time, truly charming.	1
Worst ambience I've had in a long time, truly soggy.	0
I loved the lovely burger here.	1
Such a fresh experience with the soup. The staff was great too.	1
Would not recommend, the steak was horrible. The food was rude too.	0
I hated the slow ambience here.	0
Such a amazing experience with the ambience.	1
Absolutely fresh waitress, will come back again. The dessert was fantastic too.	1
Absolutely outstanding bread, will come back again. The staff was quick too.	1
I hated the horrible dessert here. The service was bad too.	0
Highly recommend, the pizza was delightful.	1
Highly recommend, the staff was lovely. The steak was perfect too.	1
The pasta was tasty. The pasta was outstanding too.	1
We really enjoyed the flavorful chef tonight.	1
lovely place and a great atmosphere overall.	1
Highly recommend, the dessert was fantastic. The ambience was fresh too.	1
Worst menu I've had in a long time, truly rude. The pizza was mediocre too.	0
Worst menu I've had in a long time, truly awful.	0
Highly recommend, the dessert was generous.	1
We really enjoyed the delicious ambience tonight.	1
The waiter was tasteless.	0
mediocre ambience and a poor atmosphere overall. The ambience was noisy too.	0
Would not recommend, the dessert was terrible.	0
I loved the quick restaurant here.	1
What a cozy place, the waitress exceeded expectations.	1
Absolutely tasty dessert, will come back again. The burger was flavorful too.	1
The burger here is fantastic and worth every penny. The burger was amazing too.	1
What a disappointing place, the burger fell far short.	0
Such a soggy experience with the pasta. The ambience was awful too.	0
I hated the terrible food here.	0
Would not recommend, the restaurant was terrible.	0
Highly recommend, the ambience was tasty.	1
Such a impressive experience with the place.	1
We really regretted the slow soup tonight. The place was soggy too.	0
Such a noisy experience with the soup.	0
Would not recommend, the place was unfriendly.	0
I hated the slow salad here.	0
Would not recommend, the food was cold.	0
We really enjoyed the superb chef tonight.	1
Highly recommend, the food was fantastic. The coffee was quick too.	1
Absolutely tasteless chef, never coming back. The restaurant was greasy too.	0
Worst salad I've had in a long time, truly bland. The coffee was unfriendly too.	0
Would not recommend, the pizza was rude. The ambience was mediocre too.	0
We really enjoyed the great steak tonight.	1
Such a great experience with the menu. The salad was generous too.	1
Such a impressive experience with the pasta. The steak was wonderful too.	1
Absolutely mediocre sushi, never coming back.	0
What a outstanding place, the dessert exceeded expectations. The sushi was quick too.	1
I hated the bland dessert here.	0
outstanding restaurant and a great atmosphere overall.	1
I loved the outstanding waitress here. The salad was fantastic too.	1
We really enjoyed the excellent chef tonight. The steak was perfect too.	1
disappointing bread and a poor atmosphere overall. The staff was disappointing too.	0
Such a cold experience with the pasta.	0
Such a tasty experience with the food. The food was flavorful too.	1
noisy pasta and a poor atmosphere overall.	0
Worst coffee I've had in a long time, truly bad.	0
Worst pasta I've had in a long time, truly mediocre. The burger was burnt too.	0
Would not recommend, the restaurant was cold.	0
What a disappointing place, the sushi fell far short.	0
Absolutely cold waiter, never coming back.	0
Would not recommend, the steak was soggy.	0
The sushi was perfect.	1
Such a awful experience with the dessert.	0
Such a bland experience with the steak. The ambience was dirty too.	0
charming service and a great atmosphere overall. The waitress was delightful too.	1
Such a quick experience with the soup.	1
We really enjoyed the lovely burger tonight.	1
The staff here is fresh and worth every penny. The steak was fresh too.	1
The coffee here is overpriced and not worth the money.	0
amazing staff and a great atmosphere overall. The chef was wonderful too.	1
We really enjoyed the delightful salad tonight.	1
dirty ambience and a poor atmosphere overall.	0
We really regretted the mediocre service tonight.	0
Such a unfriendly experience with the pizza. The ambience was bad too.	0
The sushi here is generous and worth every penny. The place was delicious too.	1
Such a stale experience with the bread.	0
Highly recommend, the place was fantastic. The service was amazing too.	1
The menu was stale.	0
Would not recommend, the pizza was tasteless. The place was underwhelming too.	0
The menu was wonderful. The food was quick too.	1
The ambience here is horrible and not worth the money.	0
Would not recommend, the dessert was cold.	0
Would not recommend, the sushi was soggy.	0
Would not recommend, the salad was bad.	0
Would not recommend, the pasta was dirty.	0
Best sushi I've had in a long time, truly delightful.	1
I loved the flavorful soup here. The salad was great too.	1
The chef here is unfriendly and not worth the money.	0
delicious salad and a great atmosphere overall.	1
What a fresh place, the waiter exceeded expectations.	1
Highly recommend, the place was amazing.	1
We really regretted the slow menu tonight.	0
Would not recommend, the ambience was horrible.	0
What a unfriendly place, the bread fell far short.	0
The restaurant was amazing. The ambience was outstanding too.	1
The service was fresh.	1
I hated the stale restaurant here. The waiter was awful too.	0
Worst chef I've had in a long time, truly mediocre.	0
Best pizza I've had in a long time, truly tasty. The soup was lovely too.	1
We really enjoyed the superb salad tonight.	1
noisy pizza and a poor atmosphere overall.	0
Highly recommend, the staff was amazing. The soup was excellent too.	1
The soup was flavorful. The steak was tasty too.	1
Highly recommend, the coffee was quick.	1
What a wonderful place, the staff exceeded expectations.	1
Absolutely friendly sushi, will come back again. The menu was outstanding too.	1
outstanding pasta and a great atmosphere overall.	1
I loved the fresh burger here. The menu was cozy too.	1
Would not recommend, the menu was greasy.	0
Worst soup I've had in a long time, truly noisy. The staff was rude too.	0
Highly recommend, the service was delicious.	1
The soup here is delicious and worth every penny. The food was excellent too.	1
We really enjoyed the fantastic burger tonight. The ambience was perfect too.	1
We really regretted the overpriced waiter tonight.	0
Such a bland experience with the menu. The restaurant was greasy too.	0
We really enjoyed the lovely staff tonight. The coffee was impressive too.	1
Absolutely horrible sushi, never coming back.	0
What a flavorful place, the sushi exceeded expectations.	1
What a wonderful place, the pasta exceeded expectations. The service was fantastic too.	1
We really enjoyed the wonderful sushi tonight.	1
I loved the wonderful bread here.	1
Best staff I've had in a long time, truly flavorful.	1
impressive sushi and a great atmosphere overall. The pizza was wonderful too.	1
The burger here is delicious and worth every penny.	1
unfriendly staff and a poor atmosphere overall.	0
What a great place, the steak exceeded expectations. The waiter was flavorful too.	1
Worst staff I've had in a long time, truly stale.	0
Highly recommend, the waitress was outstanding.	1
cozy waitress and a great atmosphere overall. The menu was generous too.	1
We really regretted the dirty coffee tonight.	0
Absolutely cold chef, never coming back. The soup was noisy too.	0
I loved the delightful menu here.	1
We really regretted the terrible sushi tonight.	0
Absolutely wonderful food, will come back again.	1
Absolutely quick soup, will come back again.	1
Absolutely tasteless pasta, never coming back.	0
The pasta was disappointing.	0
What a overpriced place, the food fell far short.	0
awful coffee and a poor atmosphere overall.	0
Best pasta I've had in a long time, truly quick.	1
I hated the unfriendly pasta here.	0
Would not recommend, the bread was mediocre.	0
Would not recommend, the pasta was unfriendly.	0
Such a unfriendly experience with the burger.	0
What a disappointing place, the food fell far short. The ambience was burnt too.	0
We really enjoyed the cozy ambience tonight. The menu was flavorful too.	1
We really enjoyed the superb dessert tonight.	1
We really regretted the tasteless pasta tonight.	0
Such a tasteless experience with the ambience. The restaurant was stale too.	0
Such a lovely experience with the waitress. The coffee was fantastic too.	1
Absolutely slow pizza, never coming back. The chef was dirty too.	0
I loved the perfect food here. The waitress was friendly too.	1
Best pasta I've had in a long time, truly fresh.	1
The food here is noisy and not worth the money.	0
We really enjoyed the superb steak tonight. The pasta was impressive too.	1
mediocre restaurant and a poor atmosphere overall. The burger was underwhelming too.	0
The chef was mediocre. The bread was slow too.	0
We really enjoyed the delicious coffee tonight.	1
Absolutely delicious service, will come back again. The coffee was cozy too.	1
I hated the stale waitress here.	0
What a fresh place, the soup exceeded expectations.	1
We really regretted the unfriendly ambience tonight.	0
Such a delightful experience with the pizza. The menu was tasty too.	1
generous coffee and a great atmosphere overall.	1
burnt menu and a poor atmosphere overall.	0
Worst coffee I've had in a long time, truly slow.	0
Would not recommend, the chef was disappointing.	0
I loved the charming waitress here.	1
Absolutely dirty ambience, never coming back.	0
The pizza was tasteless.	0
Such a delightful experience with the salad.	1
Best sushi I've had in a long time, truly fresh. The soup was delightful too.	1
terrible coffee and a poor atmosphere overall.	0
unfriendly burger and a poor atmosphere overall. The menu was disappointing too.	0
What a rude place, the pasta fell far short.	0
The salad was dirty.	0
Absolutely wonderful chef, will come back again.	1
Highly recommend, the waitress was excellent. The service was generous too.	1
We really regretted the bad ambience tonight.	0
burnt chef and a poor atmosphere overall.	0
We really regretted the unfriendly pizza tonight. The staff was unfriendly too.	0
What a superb place, the service exceeded expectations.	1
What a soggy place, the waitress fell far short.	0
The pizza was disappointing. The sushi was stale too.	0
Absolutely quick service, will come back again.	1
I loved the friendly restaurant here. The pizza was fresh too.	1
Would not recommend, the restaurant was stale.	0
disappointing sushi and a poor atmosphere overall. The coffee was burnt too.	0
I loved the delightful burger here.	1
I hated the horrible waitress here. The soup was greasy too.	0
Such a horrible experience with the food.	0
The sushi here is excellent and worth every penny.	1
Highly recommend, the menu was delightful. The restaurant was friendly too.	1
The coffee was outstanding. The restaurant was charming too.	1
Would not recommend, the pasta was overpriced.	0
The dessert was cozy. The salad was impressive too.	1
quick coffee and a great atmosphere overall.	1
The soup here is rude and not worth the money.	0
Worst steak I've had in a long time, truly terrible. The burger was unfriendly too.	0
Highly recommend, the food was lovely.	1
What a superb place, the pizza exceeded expectations.	1
The burger here is overpriced and not worth the money.	0
overpriced steak and a poor atmosphere overall.	0
impressive salad and a great atmosphere overall. The service was flavorful too.	1
What a impressive place, the sushi exceeded expectations.	1
Absolutely slow chef, never coming back. The waitress was greasy too.	0
Best ambience I've had in a long time, truly great.	1
The pizza was awful. The food was slow too.	0
The chef was superb.	1
What a mediocre place, the sushi fell far short.	0
Such a noisy experience with the waitress.	0
I loved the outstanding service here. The pizza was charming too.	1
The ambience was delightful. The waitress was cozy too.	1
The staff was slow.	0
The food was delicious.	1
Best salad I've had in a long time, truly great. The dessert was impressive too.	1
Absolutely impressive pizza, will come back again.	1
Worst burger I've had in a long time, truly stale. The waitress was tasteless too.	0
Absolutely tasty waiter, will come back again. The pasta was charming too.	1
The salad here is lovely and worth every penny.	1
What a unfriendly place, the menu fell far short.	0
generous staff and a great atmosphere overall.	1
The menu was tasty. The staff was outstanding too.	1
Worst waitress I've had in a long time, truly noisy.	0
The service was underwhelming. The waitress was unfriendly too.	0
The dessert was great.	1
I loved the quick menu here.	1
Would not recommend, the staff was slow.	0
Would not recommend, the pasta was awful.	0
Such a generous experience with the staff.	1
What a impressive place, the ambience exceeded expectations. The coffee was wonderful too.	1
Best staff I've had in a long time, truly perfect. The chef was cozy too.	1
What a unfriendly place, the soup fell far short.	0
Highly recommend, the ambience was wonderful.	1
Absolutely terrible pizza, never coming back.	0
Absolutely dirty service, never coming back. The dessert was awful too.	0
The steak was horrible.	0
What a fantastic place, the menu exceeded expectations. The waitress was delicious too.	1
Best burger I've had in a long time, truly charming.	1
impressive coffee and a great atmosphere overall. The salad was charming too.	1
The staff here is burnt and not worth the money. The food was unfriendly too.	0
charming pizza and a great atmosphere overall. The pasta was generous too.	1
Absolutely unfriendly staff, never coming back.	0
The service here is dirty and not worth the money.	0
We really regretted the soggy pasta tonight. The ambience was horrible too.	0
The restaurant was overpriced.	0
dirty service and a poor atmosphere overall.	0
The soup here is greasy and not worth the money.	0
The place was superb.	1
Worst restaurant I've had in a long time, truly overpriced. The ambience was dirty too.	0
The ambience was quick.	1
Worst dessert I've had in a long time, truly terrible.	0
Best coffee I've had in a long time, truly superb.	1
We really enjoyed the outstanding waitress tonight.	1
We really enjoyed the tasty soup tonight.	1
I loved the impressive pizza here.	1
The pasta here is underwhelming and not worth the money. The restaurant was noisy too.	0
Such a awful experience with the soup. The restaurant was bland too.	0
The soup was horrible.	0
We really regretted the slow food tonight.	0
I loved the flavorful burger here.	1
The pasta here is excellent and worth every penny.	1
I loved the excellent pizza here. The soup was delicious too.	1
mediocre restaurant and a poor atmosphere overall.	0
We really enjoyed the fresh restaurant tonight.	1
Such a cold experience with the bread.	0
What a amazing place, the pizza exceeded expectations.	1
I loved the fresh bread here.	1
Such a excellent experience with the dessert.	1
The food here is tasty and worth every penny. The menu was excellent too.	1
The coffee here is generous and worth every penny.	1
Worst dessert I've had in a long time, truly mediocre.	0
friendly bread and a great atmosphere overall.	1
Would not recommend, the service was tasteless. The service was dirty too.	0
Worst bread I've had in a long time, truly noisy.	0
I hated the burnt menu here. The dessert was awful too.	0
The staff here is tasteless and not worth the money. The bread was tasteless too.	0
I hated the burnt chef here.	0
We really regretted the underwhelming service tonight.	0
I hated the unfriendly burger here.	0
I hated the soggy coffee here. The place was greasy too.	0
quick burger and a great atmosphere overall. The salad was delightful too.	1
I loved the perfect steak here.	1
terrible service and a poor atmosphere overall.	0
slow waitress and a poor atmosphere overall. The bread was burnt too.	0
Worst dessert I've had in a long time, truly greasy.	0
Such a friendly experience with the pizza.	1
quick sushi and a great atmosphere overall. The salad was superb too.	1
The salad was unfriendly. The pizza was stale too.	0
Such a slow experience with the pasta.	0
fantastic bread and a great atmosphere overall. The ambience was quick too.	1
The burger here is cozy and worth every penny.	1
soggy place and a poor atmosphere overall. The ambience was rude too.	0
Such a soggy experience with the bread.	0
The steak was burnt.	0
I hated the disappointing menu here.	0
I loved the tasty staff here.	1
superb menu and a great atmosphere overall. The place was generous too.	1
We really regretted the rude food tonight.	0
The sushi here is disappointing and not worth the money. The soup was disappointing too.	0
Absolutely rude chef, never coming back. The salad was cold too.	0
I loved the friendly sushi here.	1
Absolutely burnt waitress, never coming back.	0
Would not recommend, the dessert was soggy. The coffee was stale too.	0
Such a cold experience with the menu.	0
The steak here is flavorful and worth every penny. The chef was lovely too.	1
The chef was stale.	0
We really enjoyed the delightful menu tonight. The waitress was fantastic too.	1
dirty sushi and a poor atmosphere overall. The sushi was noisy too.	0
awful soup and a poor atmosphere overall. The pizza was greasy too.	0
Worst burger I've had in a long time, truly slow. The coffee was awful too.	0
The salad here is outstanding and worth every penny. The staff was impressive too.	1
I hated the greasy restaurant here. The restaurant was soggy too.	0
The waitress here is overpriced and not worth the money.	0
great food and a great atmosphere overall.	1
The staff was generous.	1
What a perfect place, the ambience exceeded expectations.	1
Worst pasta I've had in a long time, truly greasy. The pizza was underwhelming too.	0
The dessert was excellent. The dessert was friendly too.	1
The salad here is cold and not worth the money.	0
The place here is friendly and worth every penny.	1
Such a flavorful experience with the dessert. The waitress was cozy too.	1
What a amazing place, the burger exceeded expectations. The burger was great too.	1
I hated the soggy sushi here. The food was underwhelming too.	0
Worst place I've had in a long time, truly noisy.	0
Worst place I've had in a long time, truly greasy. The soup was dirty too.	0
